<annotation><folder>images</folder><filename>img_48.jpg</filename><size><width>1000</width><height>720</height><depth>3</depth></size><object><name>box</name><pose>Unspecified</pose><truncated>0</truncated><occluded>0</occluded><difficult>0</difficult><bndbox><xmin>292</xmin><ymin>353</ymin><xmax>336</xmax><ymax>386</ymax></bndbox></object><object><name>circle</name><pose>Unspecified</pose><truncated>0</truncated><occluded>0</occluded><difficult>0</difficult><bndbox><xmin>717</xmin><ymin>139</ymin><xmax>942</xmax><ymax>363</ymax></bndbox></object><object><name>tree</name><pose>Unspecified</pose><truncated>0</truncated><occluded>0</occluded><difficult>0</difficult><bndbox><xmin>390</xmin><ymin>279</ymin><xmax>526</xmax><ymax>417</ymax></bndbox></object><object><name>x</name><pose>Unspecified</pose><truncated>0</truncated><occluded>0</occluded><difficult>0</difficult><bndbox><xmin>493</xmin><ymin>437</ymin><xmax>529</xmax><ymax>488</ymax></bndbox></object></annotation>