<annotation><folder>images</folder><filename>img_237.jpg</filename><size><width>1000</width><height>720</height><depth>3</depth></size><object><name>path</name><pose>Unspecified</pose><truncated>0</truncated><occluded>0</occluded><difficult>0</difficult><bndbox><xmin>130</xmin><ymin>481</ymin><xmax>227</xmax><ymax>769</ymax></bndbox></object><object><name>box</name><pose>Unspecified</pose><truncated>0</truncated><occluded>0</occluded><difficult>0</difficult><bndbox><xmin>294</xmin><ymin>501</ymin><xmax>572</xmax><ymax>726</ymax></bndbox></object><object><name>tree</name><pose>Unspecified</pose><truncated>0</truncated><occluded>0</occluded><difficult>0</difficult><bndbox><xmin>378</xmin><ymin>165</ymin><xmax>504</xmax><ymax>278</ymax></bndbox></object><object><name>tree</name><pose>Unspecified</pose><truncated>0</truncated><occluded>0</occluded><difficult>0</difficult><bndbox><xmin>104</xmin><ymin>160</ymin><xmax>290</xmax><ymax>342</ymax></bndbox></object><object><name>path</name><pose>Unspecified</pose><truncated>0</truncated><occluded>0</occluded><difficult>0</difficult><bndbox><xmin>242</xmin><ymin>206</ymin><xmax>448</xmax><ymax>441</ymax></bndbox></object></annotation>