<annotation><folder>images</folder><filename>img_1.jpg</filename><size><width>1000</width><height>720</height><depth>3</depth></size><object><name>circle</name><pose>Unspecified</pose><truncated>0</truncated><occluded>0</occluded><difficult>0</difficult><bndbox><xmin>551</xmin><ymin>396</ymin><xmax>586</xmax><ymax>458</ymax></bndbox></object><object><name>box</name><pose>Unspecified</pose><truncated>0</truncated><occluded>0</occluded><difficult>0</difficult><bndbox><xmin>567</xmin><ymin>482</ymin><xmax>579</xmax><ymax>628</ymax></bndbox></object><object><name>x</name><pose>Unspecified</pose><truncated>0</truncated><occluded>0</occluded><difficult>0</difficult><bndbox><xmin>676</xmin><ymin>438</ymin><xmax>790</xmax><ymax>565</ymax></bndbox></object><object><name>circle</name><pose>Unspecified</pose><truncated>0</truncated><occluded>0</occluded><difficult>0</difficult><bndbox><xmin>569</xmin><ymin>221</ymin><xmax>687</xmax><ymax>377</ymax></bndbox></object></annotation>