<annotation><folder>images</folder><filename>img_15.jpg</filename><size><width>1000</width><height>720</height><depth>3</depth></size><object><name>box</name><pose>Unspecified</pose><truncated>0</truncated><occluded>0</occluded><difficult>0</difficult><bndbox><xmin>481</xmin><ymin>381</ymin><xmax>596</xmax><ymax>475</ymax></bndbox></object><object><name>path</name><pose>Unspecified</pose><truncated>0</truncated><occluded>0</occluded><difficult>0</difficult><bndbox><xmin>464</xmin><ymin>281</ymin><xmax>515</xmax><ymax>385</ymax></bndbox></object><object><name>tree</name><pose>Unspecified</pose><truncated>0</truncated><occluded>0</occluded><difficult>0</difficult><bndbox><xmin>230</xmin><ymin>412</ymin><xmax>369</xmax><ymax>561</ymax></bndbox></object><object><name>x</name><pose>Unspecified</pose><truncated>0</truncated><occluded>0</occluded><difficult>0</difficult><bndbox><xmin>354</xmin><ymin>357</ymin><xmax>421</xmax><ymax>505</ymax></bndbox></object><object><name>circle</name><pose>Unspecified</pose><truncated>0</truncated><occluded>0</occluded><difficult>0</difficult><bndbox><xmin>164</xmin><ymin>394</ymin><xmax>288</xmax><ymax>619</ymax></bndbox></object><object><name>path</name><pose>Unspecified</pose><truncated>0</truncated><occluded>0</occluded><difficult>0</difficult><bndbox><xmin>127</xmin><ymin>270</ymin><xmax>393</xmax><ymax>554</ymax></bndbox></object></annotation>