<annotation><folder>images</folder><filename>img_69.jpg</filename><size><width>1000</width><height>720</height><depth>3</depth></size><object><name>circle</name><pose>Unspecified</pose><truncated>0</truncated><occluded>0</occluded><difficult>0</difficult><bndbox><xmin>464</xmin><ymin>321</ymin><xmax>679</xmax><ymax>519</ymax></bndbox></object><object><name>box</name><pose>Unspecified</pose><truncated>0</truncated><occluded>0</occluded><difficult>0</difficult><bndbox><xmin>587</xmin><ymin>109</ymin><xmax>659</xmax><ymax>211</ymax></bndbox></object><object><name>x</name><pose>Unspecified</pose><truncated>0</truncated><occluded>0</occluded><difficult>0</difficult><bndbox><xmin>327</xmin><ymin>104</ymin><xmax>452</xmax><ymax>250</ymax></bndbox></object><object><name>tree</name><pose>Unspecified</pose><truncated>0</truncated><occluded>0</occluded><difficult>0</difficult><bndbox><xmin>194</xmin><ymin>126</ymin><xmax>419</xmax><ymax>359</ymax></bndbox></object></annotation>