<annotation><folder>images</folder><filename>img_258.jpg</filename><size><width>1000</width><height>720</height><depth>3</depth></size><object><name>path</name><pose>Unspecified</pose><truncated>0</truncated><occluded>0</occluded><difficult>0</difficult><bndbox><xmin>158</xmin><ymin>178</ymin><xmax>372</xmax><ymax>728</ymax></bndbox></object><object><name>circle</name><pose>Unspecified</pose><truncated>0</truncated><occluded>0</occluded><difficult>0</difficult><bndbox><xmin>546</xmin><ymin>203</ymin><xmax>657</xmax><ymax>331</ymax></bndbox></object><object><name>path</name><pose>Unspecified</pose><truncated>0</truncated><occluded>0</occluded><difficult>0</difficult><bndbox><xmin>533</xmin><ymin>110</ymin><xmax>911</xmax><ymax>495</ymax></bndbox></object><object><name>x</name><pose>Unspecified</pose><truncated>0</truncated><occluded>0</occluded><difficult>0</difficult><bndbox><xmin>157</xmin><ymin>178</ymin><xmax>207</xmax><ymax>252</ymax></bndbox></object><object><name>x</name><pose>Unspecified</pose><truncated>0</truncated><occluded>0</occluded><difficult>0</difficult><bndbox><xmin>192</xmin><ymin>435</ymin><xmax>233</xmax><ymax>477</ymax></bndbox></object></annotation>