<annotation><folder>images</folder><filename>img_161.jpg</filename><size><width>1000</width><height>720</height><depth>3</depth></size><object><name>box</name><pose>Unspecified</pose><truncated>0</truncated><occluded>0</occluded><difficult>0</difficult><bndbox><xmin>677</xmin><ymin>339</ymin><xmax>1013</xmax><ymax>610</ymax></bndbox></object><object><name>x</name><pose>Unspecified</pose><truncated>0</truncated><occluded>0</occluded><difficult>0</difficult><bndbox><xmin>291</xmin><ymin>289</ymin><xmax>368</xmax><ymax>366</ymax></bndbox></object><object><name>box</name><pose>Unspecified</pose><truncated>0</truncated><occluded>0</occluded><difficult>0</difficult><bndbox><xmin>393</xmin><ymin>175</ymin><xmax>540</xmax><ymax>303</ymax></bndbox></object><object><name>box</name><pose>Unspecified</pose><truncated>0</truncated><occluded>0</occluded><difficult>0</difficult><bndbox><xmin>797</xmin><ymin>511</ymin><xmax>1008</xmax><ymax>715</ymax></bndbox></object></annotation>