<annotation><folder>images</folder><filename>img_163.jpg</filename><size><width>1000</width><height>720</height><depth>3</depth></size><object><name>path</name><pose>Unspecified</pose><truncated>0</truncated><occluded>0</occluded><difficult>0</difficult><bndbox><xmin>103</xmin><ymin>297</ymin><xmax>574</xmax><ymax>834</ymax></bndbox></object><object><name>circle</name><pose>Unspecified</pose><truncated>0</truncated><occluded>0</occluded><difficult>0</difficult><bndbox><xmin>714</xmin><ymin>342</ymin><xmax>847</xmax><ymax>517</ymax></bndbox></object><object><name>x</name><pose>Unspecified</pose><truncated>0</truncated><occluded>0</occluded><difficult>0</difficult><bndbox><xmin>288</xmin><ymin>455</ymin><xmax>367</xmax><ymax>589</ymax></bndbox></object></annotation>