<annotation><folder>images</folder><filename>img_107.jpg</filename><size><width>1000</width><height>720</height><depth>3</depth></size><object><name>box</name><pose>Unspecified</pose><truncated>0</truncated><occluded>0</occluded><difficult>0</difficult><bndbox><xmin>204</xmin><ymin>326</ymin><xmax>213</xmax><ymax>427</ymax></bndbox></object><object><name>x</name><pose>Unspecified</pose><truncated>0</truncated><occluded>0</occluded><difficult>0</difficult><bndbox><xmin>235</xmin><ymin>265</ymin><xmax>264</xmax><ymax>298</ymax></bndbox></object><object><name>tree</name><pose>Unspecified</pose><truncated>0</truncated><occluded>0</occluded><difficult>0</difficult><bndbox><xmin>232</xmin><ymin>295</ymin><xmax>452</xmax><ymax>493</ymax></bndbox></object></annotation>