<annotation><folder>images</folder><filename>img_219.jpg</filename><size><width>1000</width><height>720</height><depth>3</depth></size><object><name>path</name><pose>Unspecified</pose><truncated>0</truncated><occluded>0</occluded><difficult>0</difficult><bndbox><xmin>388</xmin><ymin>243</ymin><xmax>718</xmax><ymax>451</ymax></bndbox></object><object><name>x</name><pose>Unspecified</pose><truncated>0</truncated><occluded>0</occluded><difficult>0</difficult><bndbox><xmin>216</xmin><ymin>344</ymin><xmax>340</xmax><ymax>514</ymax></bndbox></object><object><name>x</name><pose>Unspecified</pose><truncated>0</truncated><occluded>0</occluded><difficult>0</difficult><bndbox><xmin>322</xmin><ymin>342</ymin><xmax>455</xmax><ymax>496</ymax></bndbox></object><object><name>tree</name><pose>Unspecified</pose><truncated>0</truncated><occluded>0</occluded><difficult>0</difficult><bndbox><xmin>241</xmin><ymin>277</ymin><xmax>265</xmax><ymax>308</ymax></bndbox></object><object><name>circle</name><pose>Unspecified</pose><truncated>0</truncated><occluded>0</occluded><difficult>0</difficult><bndbox><xmin>464</xmin><ymin>131</ymin><xmax>631</xmax><ymax>351</ymax></bndbox></object></annotation>