<annotation><folder>images</folder><filename>img_231.jpg</filename><size><width>1000</width><height>720</height><depth>3</depth></size><object><name>tree</name><pose>Unspecified</pose><truncated>0</truncated><occluded>0</occluded><difficult>0</difficult><bndbox><xmin>422</xmin><ymin>148</ymin><xmax>529</xmax><ymax>276</ymax></bndbox></object><object><name>tree</name><pose>Unspecified</pose><truncated>0</truncated><occluded>0</occluded><difficult>0</difficult><bndbox><xmin>104</xmin><ymin>266</ymin><xmax>294</xmax><ymax>447</ymax></bndbox></object><object><name>circle</name><pose>Unspecified</pose><truncated>0</truncated><occluded>0</occluded><difficult>0</difficult><bndbox><xmin>465</xmin><ymin>312</ymin><xmax>496</xmax><ymax>346</ymax></bndbox></object><object><name>x</name><pose>Unspecified</pose><truncated>0</truncated><occluded>0</occluded><difficult>0</difficult><bndbox><xmin>424</xmin><ymin>418</ymin><xmax>510</xmax><ymax>545</ymax></bndbox></object></annotation>