<annotation><folder>images</folder><filename>img_168.jpg</filename><size><width>1000</width><height>720</height><depth>3</depth></size><object><name>path</name><pose>Unspecified</pose><truncated>0</truncated><occluded>0</occluded><difficult>0</difficult><bndbox><xmin>359</xmin><ymin>237</ymin><xmax>551</xmax><ymax>638</ymax></bndbox></object><object><name>box</name><pose>Unspecified</pose><truncated>0</truncated><occluded>0</occluded><difficult>0</difficult><bndbox><xmin>277</xmin><ymin>467</ymin><xmax>422</xmax><ymax>645</ymax></bndbox></object><object><name>circle</name><pose>Unspecified</pose><truncated>0</truncated><occluded>0</occluded><difficult>0</difficult><bndbox><xmin>716</xmin><ymin>386</ymin><xmax>761</xmax><ymax>437</ymax></bndbox></object></annotation>