<annotation><folder>images</folder><filename>img_140.jpg</filename><size><width>1000</width><height>720</height><depth>3</depth></size><object><name>tree</name><pose>Unspecified</pose><truncated>0</truncated><occluded>0</occluded><difficult>0</difficult><bndbox><xmin>677</xmin><ymin>277</ymin><xmax>745</xmax><ymax>346</ymax></bndbox></object><object><name>tree</name><pose>Unspecified</pose><truncated>0</truncated><occluded>0</occluded><difficult>0</difficult><bndbox><xmin>494</xmin><ymin>460</ymin><xmax>544</xmax><ymax>509</ymax></bndbox></object><object><name>path</name><pose>Unspecified</pose><truncated>0</truncated><occluded>0</occluded><difficult>0</difficult><bndbox><xmin>167</xmin><ymin>151</ymin><xmax>516</xmax><ymax>370</ymax></bndbox></object><object><name>tree</name><pose>Unspecified</pose><truncated>0</truncated><occluded>0</occluded><difficult>0</difficult><bndbox><xmin>771</xmin><ymin>361</ymin><xmax>954</xmax><ymax>519</ymax></bndbox></object><object><name>x</name><pose>Unspecified</pose><truncated>0</truncated><occluded>0</occluded><difficult>0</difficult><bndbox><xmin>665</xmin><ymin>242</ymin><xmax>710</xmax><ymax>292</ymax></bndbox></object></annotation>