<annotation><folder>images</folder><filename>img_260.jpg</filename><size><width>1000</width><height>720</height><depth>3</depth></size><object><name>tree</name><pose>Unspecified</pose><truncated>0</truncated><occluded>0</occluded><difficult>0</difficult><bndbox><xmin>360</xmin><ymin>262</ymin><xmax>424</xmax><ymax>323</ymax></bndbox></object><object><name>tree</name><pose>Unspecified</pose><truncated>0</truncated><occluded>0</occluded><difficult>0</difficult><bndbox><xmin>576</xmin><ymin>407</ymin><xmax>706</xmax><ymax>547</ymax></bndbox></object><object><name>circle</name><pose>Unspecified</pose><truncated>0</truncated><occluded>0</occluded><difficult>0</difficult><bndbox><xmin>715</xmin><ymin>301</ymin><xmax>819</xmax><ymax>427</ymax></bndbox></object><object><name>path</name><pose>Unspecified</pose><truncated>0</truncated><occluded>0</occluded><difficult>0</difficult><bndbox><xmin>226</xmin><ymin>312</ymin><xmax>565</xmax><ymax>674</ymax></bndbox></object><object><name>circle</name><pose>Unspecified</pose><truncated>0</truncated><occluded>0</occluded><difficult>0</difficult><bndbox><xmin>695</xmin><ymin>176</ymin><xmax>831</xmax><ymax>337</ymax></bndbox></object></annotation>