<annotation><folder>images</folder><filename>img_17.jpg</filename><size><width>1000</width><height>720</height><depth>3</depth></size><object><name>tree</name><pose>Unspecified</pose><truncated>0</truncated><occluded>0</occluded><difficult>0</difficult><bndbox><xmin>108</xmin><ymin>155</ymin><xmax>306</xmax><ymax>355</ymax></bndbox></object><object><name>x</name><pose>Unspecified</pose><truncated>0</truncated><occluded>0</occluded><difficult>0</difficult><bndbox><xmin>134</xmin><ymin>266</ymin><xmax>320</xmax><ymax>441</ymax></bndbox></object><object><name>x</name><pose>Unspecified</pose><truncated>0</truncated><occluded>0</occluded><difficult>0</difficult><bndbox><xmin>544</xmin><ymin>195</ymin><xmax>680</xmax><ymax>343</ymax></bndbox></object><object><name>box</name><pose>Unspecified</pose><truncated>0</truncated><occluded>0</occluded><difficult>0</difficult><bndbox><xmin>757</xmin><ymin>360</ymin><xmax>950</xmax><ymax>495</ymax></bndbox></object></annotation>