<annotation><folder>images</folder><filename>img_222.jpg</filename><size><width>1000</width><height>720</height><depth>3</depth></size><object><name>x</name><pose>Unspecified</pose><truncated>0</truncated><occluded>0</occluded><difficult>0</difficult><bndbox><xmin>221</xmin><ymin>245</ymin><xmax>278</xmax><ymax>302</ymax></bndbox></object><object><name>box</name><pose>Unspecified</pose><truncated>0</truncated><occluded>0</occluded><difficult>0</difficult><bndbox><xmin>266</xmin><ymin>516</ymin><xmax>411</xmax><ymax>694</ymax></bndbox></object><object><name>box</name><pose>Unspecified</pose><truncated>0</truncated><occluded>0</occluded><difficult>0</difficult><bndbox><xmin>456</xmin><ymin>196</ymin><xmax>608</xmax><ymax>321</ymax></bndbox></object><object><name>circle</name><pose>Unspecified</pose><truncated>0</truncated><occluded>0</occluded><difficult>0</difficult><bndbox><xmin>280</xmin><ymin>420</ymin><xmax>342</xmax><ymax>495</ymax></bndbox></object><object><name>x</name><pose>Unspecified</pose><truncated>0</truncated><occluded>0</occluded><difficult>0</difficult><bndbox><xmin>157</xmin><ymin>314</ymin><xmax>253</xmax><ymax>412</ymax></bndbox></object></annotation>