<annotation><folder>images</folder><filename>img_78.jpg</filename><size><width>1000</width><height>720</height><depth>3</depth></size><object><name>tree</name><pose>Unspecified</pose><truncated>0</truncated><occluded>0</occluded><difficult>0</difficult><bndbox><xmin>768</xmin><ymin>498</ymin><xmax>882</xmax><ymax>631</ymax></bndbox></object><object><name>tree</name><pose>Unspecified</pose><truncated>0</truncated><occluded>0</occluded><difficult>0</difficult><bndbox><xmin>641</xmin><ymin>369</ymin><xmax>715</xmax><ymax>444</ymax></bndbox></object><object><name>circle</name><pose>Unspecified</pose><truncated>0</truncated><occluded>0</occluded><difficult>0</difficult><bndbox><xmin>134</xmin><ymin>489</ymin><xmax>263</xmax><ymax>629</ymax></bndbox></object><object><name>path</name><pose>Unspecified</pose><truncated>0</truncated><occluded>0</occluded><difficult>0</difficult><bndbox><xmin>320</xmin><ymin>455</ymin><xmax>646</xmax><ymax>660</ymax></bndbox></object></annotation>