<annotation><folder>images</folder><filename>img_214.jpg</filename><size><width>1000</width><height>720</height><depth>3</depth></size><object><name>circle</name><pose>Unspecified</pose><truncated>0</truncated><occluded>0</occluded><difficult>0</difficult><bndbox><xmin>106</xmin><ymin>355</ymin><xmax>250</xmax><ymax>513</ymax></bndbox></object><object><name>circle</name><pose>Unspecified</pose><truncated>0</truncated><occluded>0</occluded><difficult>0</difficult><bndbox><xmin>386</xmin><ymin>164</ymin><xmax>568</xmax><ymax>359</ymax></bndbox></object><object><name>tree</name><pose>Unspecified</pose><truncated>0</truncated><occluded>0</occluded><difficult>0</difficult><bndbox><xmin>477</xmin><ymin>220</ymin><xmax>736</xmax><ymax>477</ymax></bndbox></object><object><name>circle</name><pose>Unspecified</pose><truncated>0</truncated><occluded>0</occluded><difficult>0</difficult><bndbox><xmin>516</xmin><ymin>254</ymin><xmax>648</xmax><ymax>394</ymax></bndbox></object><object><name>box</name><pose>Unspecified</pose><truncated>0</truncated><occluded>0</occluded><difficult>0</difficult><bndbox><xmin>499</xmin><ymin>360</ymin><xmax>524</xmax><ymax>368</ymax></bndbox></object><object><name>path</name><pose>Unspecified</pose><truncated>0</truncated><occluded>0</occluded><difficult>0</difficult><bndbox><xmin>100</xmin><ymin>307</ymin><xmax>236</xmax><ymax>711</ymax></bndbox></object></annotation>