<annotation><folder>images</folder><filename>img_4.jpg</filename><size><width>1000</width><height>720</height><depth>3</depth></size><object><name>circle</name><pose>Unspecified</pose><truncated>0</truncated><occluded>0</occluded><difficult>0</difficult><bndbox><xmin>477</xmin><ymin>293</ymin><xmax>593</xmax><ymax>429</ymax></bndbox></object><object><name>tree</name><pose>Unspecified</pose><truncated>0</truncated><occluded>0</occluded><difficult>0</difficult><bndbox><xmin>621</xmin><ymin>352</ymin><xmax>799</xmax><ymax>552</ymax></bndbox></object><object><name>tree</name><pose>Unspecified</pose><truncated>0</truncated><occluded>0</occluded><difficult>0</difficult><bndbox><xmin>450</xmin><ymin>153</ymin><xmax>679</xmax><ymax>422</ymax></bndbox></object><object><name>box</name><pose>Unspecified</pose><truncated>0</truncated><occluded>0</occluded><difficult>0</difficult><bndbox><xmin>580</xmin><ymin>178</ymin><xmax>714</xmax><ymax>426</ymax></bndbox></object><object><name>path</name><pose>Unspecified</pose><truncated>0</truncated><occluded>0</occluded><difficult>0</difficult><bndbox><xmin>406</xmin><ymin>467</ymin><xmax>781</xmax><ymax>894</ymax></bndbox></object></annotation>