<annotation><folder>images</folder><filename>img_40.jpg</filename><size><width>1000</width><height>720</height><depth>3</depth></size><object><name>path</name><pose>Unspecified</pose><truncated>0</truncated><occluded>0</occluded><difficult>0</difficult><bndbox><xmin>506</xmin><ymin>427</ymin><xmax>795</xmax><ymax>897</ymax></bndbox></object><object><name>x</name><pose>Unspecified</pose><truncated>0</truncated><occluded>0</occluded><difficult>0</difficult><bndbox><xmin>103</xmin><ymin>277</ymin><xmax>116</xmax><ymax>292</ymax></bndbox></object><object><name>x</name><pose>Unspecified</pose><truncated>0</truncated><occluded>0</occluded><difficult>0</difficult><bndbox><xmin>223</xmin><ymin>330</ymin><xmax>288</xmax><ymax>428</ymax></bndbox></object><object><name>path</name><pose>Unspecified</pose><truncated>0</truncated><occluded>0</occluded><difficult>0</difficult><bndbox><xmin>135</xmin><ymin>493</ymin><xmax>283</xmax><ymax>644</ymax></bndbox></object></annotation>