<annotation><folder>images</folder><filename>img_155.jpg</filename><size><width>1000</width><height>720</height><depth>3</depth></size><object><name>circle</name><pose>Unspecified</pose><truncated>0</truncated><occluded>0</occluded><difficult>0</difficult><bndbox><xmin>697</xmin><ymin>460</ymin><xmax>849</xmax><ymax>667</ymax></bndbox></object><object><name>box</name><pose>Unspecified</pose><truncated>0</truncated><occluded>0</occluded><difficult>0</difficult><bndbox><xmin>397</xmin><ymin>179</ymin><xmax>459</xmax><ymax>226</ymax></bndbox></object><object><name>circle</name><pose>Unspecified</pose><truncated>0</truncated><occluded>0</occluded><difficult>0</difficult><bndbox><xmin>470</xmin><ymin>493</ymin><xmax>530</xmax><ymax>567</ymax></bndbox></object><object><name>tree</name><pose>Unspecified</pose><truncated>0</truncated><occluded>0</occluded><difficult>0</difficult><bndbox><xmin>792</xmin><ymin>470</ymin><xmax>889</xmax><ymax>566</ymax></bndbox></object><object><name>x</name><pose>Unspecified</pose><truncated>0</truncated><occluded>0</occluded><difficult>0</difficult><bndbox><xmin>573</xmin><ymin>318</ymin><xmax>656</xmax><ymax>430</ymax></bndbox></object></annotation>