<annotation><folder>images</folder><filename>img_111.jpg</filename><size><width>1000</width><height>720</height><depth>3</depth></size><object><name>box</name><pose>Unspecified</pose><truncated>0</truncated><occluded>0</occluded><difficult>0</difficult><bndbox><xmin>727</xmin><ymin>330</ymin><xmax>814</xmax><ymax>397</ymax></bndbox></object><object><name>tree</name><pose>Unspecified</pose><truncated>0</truncated><occluded>0</occluded><difficult>0</difficult><bndbox><xmin>361</xmin><ymin>367</ymin><xmax>458</xmax><ymax>458</ymax></bndbox></object><object><name>circle</name><pose>Unspecified</pose><truncated>0</truncated><occluded>0</occluded><difficult>0</difficult><bndbox><xmin>522</xmin><ymin>375</ymin><xmax>622</xmax><ymax>511</ymax></bndbox></object><object><name>box</name><pose>Unspecified</pose><truncated>0</truncated><occluded>0</occluded><difficult>0</difficult><bndbox><xmin>493</xmin><ymin>333</ymin><xmax>633</xmax><ymax>447</ymax></bndbox></object></annotation>