<annotation><folder>images</folder><filename>img_271.jpg</filename><size><width>1000</width><height>720</height><depth>3</depth></size><object><name>path</name><pose>Unspecified</pose><truncated>0</truncated><occluded>0</occluded><difficult>0</difficult><bndbox><xmin>245</xmin><ymin>451</ymin><xmax>641</xmax><ymax>902</ymax></bndbox></object><object><name>x</name><pose>Unspecified</pose><truncated>0</truncated><occluded>0</occluded><difficult>0</difficult><bndbox><xmin>104</xmin><ymin>242</ymin><xmax>193</xmax><ymax>341</ymax></bndbox></object><object><name>tree</name><pose>Unspecified</pose><truncated>0</truncated><occluded>0</occluded><difficult>0</difficult><bndbox><xmin>561</xmin><ymin>160</ymin><xmax>615</xmax><ymax>227</ymax></bndbox></object><object><name>tree</name><pose>Unspecified</pose><truncated>0</truncated><occluded>0</occluded><difficult>0</difficult><bndbox><xmin>295</xmin><ymin>101</ymin><xmax>405</xmax><ymax>221</ymax></bndbox></object><object><name>path</name><pose>Unspecified</pose><truncated>0</truncated><occluded>0</occluded><difficult>0</difficult><bndbox><xmin>240</xmin><ymin>470</ymin><xmax>1000</xmax><ymax>1244</ymax></bndbox></object><object><name>tree</name><pose>Unspecified</pose><truncated>0</truncated><occluded>0</occluded><difficult>0</difficult><bndbox><xmin>415</xmin><ymin>463</ymin><xmax>428</xmax><ymax>479</ymax></bndbox></object></annotation>