<annotation><folder>images</folder><filename>img_44.jpg</filename><size><width>1000</width><height>720</height><depth>3</depth></size><object><name>path</name><pose>Unspecified</pose><truncated>0</truncated><occluded>0</occluded><difficult>0</difficult><bndbox><xmin>766</xmin><ymin>109</ymin><xmax>818</xmax><ymax>367</ymax></bndbox></object><object><name>tree</name><pose>Unspecified</pose><truncated>0</truncated><occluded>0</occluded><difficult>0</difficult><bndbox><xmin>352</xmin><ymin>354</ymin><xmax>478</xmax><ymax>467</ymax></bndbox></object><object><name>x</name><pose>Unspecified</pose><truncated>0</truncated><occluded>0</occluded><difficult>0</difficult><bndbox><xmin>620</xmin><ymin>439</ymin><xmax>645</xmax><ymax>468</ymax></bndbox></object><object><name>circle</name><pose>Unspecified</pose><truncated>0</truncated><occluded>0</occluded><difficult>0</difficult><bndbox><xmin>596</xmin><ymin>263</ymin><xmax>655</xmax><ymax>327</ymax></bndbox></object></annotation>