<annotation><folder>images</folder><filename>img_6.jpg</filename><size><width>1000</width><height>720</height><depth>3</depth></size><object><name>circle</name><pose>Unspecified</pose><truncated>0</truncated><occluded>0</occluded><difficult>0</difficult><bndbox><xmin>143</xmin><ymin>465</ymin><xmax>202</xmax><ymax>552</ymax></bndbox></object><object><name>tree</name><pose>Unspecified</pose><truncated>0</truncated><occluded>0</occluded><difficult>0</difficult><bndbox><xmin>695</xmin><ymin>151</ymin><xmax>754</xmax><ymax>225</ymax></bndbox></object><object><name>circle</name><pose>Unspecified</pose><truncated>0</truncated><occluded>0</occluded><difficult>0</difficult><bndbox><xmin>202</xmin><ymin>491</ymin><xmax>325</xmax><ymax>637</ymax></bndbox></object><object><name>x</name><pose>Unspecified</pose><truncated>0</truncated><occluded>0</occluded><difficult>0</difficult><bndbox><xmin>273</xmin><ymin>116</ymin><xmax>334</xmax><ymax>181</ymax></bndbox></object><object><name>path</name><pose>Unspecified</pose><truncated>0</truncated><occluded>0</occluded><difficult>0</difficult><bndbox><xmin>659</xmin><ymin>269</ymin><xmax>911</xmax><ymax>794</ymax></bndbox></object><object><name>circle</name><pose>Unspecified</pose><truncated>0</truncated><occluded>0</occluded><difficult>0</difficult><bndbox><xmin>276</xmin><ymin>502</ymin><xmax>345</xmax><ymax>571</ymax></bndbox></object></annotation>