<annotation><folder>images</folder><filename>img_206.jpg</filename><size><width>1000</width><height>720</height><depth>3</depth></size><object><name>box</name><pose>Unspecified</pose><truncated>0</truncated><occluded>0</occluded><difficult>0</difficult><bndbox><xmin>315</xmin><ymin>382</ymin><xmax>323</xmax><ymax>475</ymax></bndbox></object><object><name>x</name><pose>Unspecified</pose><truncated>0</truncated><occluded>0</occluded><difficult>0</difficult><bndbox><xmin>293</xmin><ymin>280</ymin><xmax>396</xmax><ymax>401</ymax></bndbox></object><object><name>x</name><pose>Unspecified</pose><truncated>0</truncated><occluded>0</occluded><difficult>0</difficult><bndbox><xmin>665</xmin><ymin>231</ymin><xmax>690</xmax><ymax>260</ymax></bndbox></object><object><name>circle</name><pose>Unspecified</pose><truncated>0</truncated><occluded>0</occluded><difficult>0</difficult><bndbox><xmin>118</xmin><ymin>301</ymin><xmax>314</xmax><ymax>519</ymax></bndbox></object></annotation>