<annotation><folder>images</folder><filename>img_259.jpg</filename><size><width>1000</width><height>720</height><depth>3</depth></size><object><name>tree</name><pose>Unspecified</pose><truncated>0</truncated><occluded>0</occluded><difficult>0</difficult><bndbox><xmin>284</xmin><ymin>162</ymin><xmax>393</xmax><ymax>275</ymax></bndbox></object><object><name>circle</name><pose>Unspecified</pose><truncated>0</truncated><occluded>0</occluded><difficult>0</difficult><bndbox><xmin>576</xmin><ymin>438</ymin><xmax>797</xmax><ymax>706</ymax></bndbox></object><object><name>x</name><pose>Unspecified</pose><truncated>0</truncated><occluded>0</occluded><difficult>0</difficult><bndbox><xmin>671</xmin><ymin>412</ymin><xmax>768</xmax><ymax>554</ymax></bndbox></object></annotation>