<annotation><folder>images</folder><filename>img_169.jpg</filename><size><width>1000</width><height>720</height><depth>3</depth></size><object><name>circle</name><pose>Unspecified</pose><truncated>0</truncated><occluded>0</occluded><difficult>0</difficult><bndbox><xmin>474</xmin><ymin>272</ymin><xmax>504</xmax><ymax>304</ymax></bndbox></object><object><name>box</name><pose>Unspecified</pose><truncated>0</truncated><occluded>0</occluded><difficult>0</difficult><bndbox><xmin>382</xmin><ymin>441</ymin><xmax>452</xmax><ymax>496</ymax></bndbox></object><object><name>x</name><pose>Unspecified</pose><truncated>0</truncated><occluded>0</occluded><difficult>0</difficult><bndbox><xmin>113</xmin><ymin>455</ymin><xmax>167</xmax><ymax>542</ymax></bndbox></object></annotation>