<annotation><folder>images</folder><filename>img_82.jpg</filename><size><width>1000</width><height>720</height><depth>3</depth></size><object><name>circle</name><pose>Unspecified</pose><truncated>0</truncated><occluded>0</occluded><difficult>0</difficult><bndbox><xmin>282</xmin><ymin>324</ymin><xmax>399</xmax><ymax>466</ymax></bndbox></object><object><name>circle</name><pose>Unspecified</pose><truncated>0</truncated><occluded>0</occluded><difficult>0</difficult><bndbox><xmin>346</xmin><ymin>272</ymin><xmax>604</xmax><ymax>553</ymax></bndbox></object><object><name>path</name><pose>Unspecified</pose><truncated>0</truncated><occluded>0</occluded><difficult>0</difficult><bndbox><xmin>614</xmin><ymin>100</ymin><xmax>718</xmax><ymax>366</ymax></bndbox></object><object><name>circle</name><pose>Unspecified</pose><truncated>0</truncated><occluded>0</occluded><difficult>0</difficult><bndbox><xmin>188</xmin><ymin>201</ymin><xmax>266</xmax><ymax>289</ymax></bndbox></object><object><name>x</name><pose>Unspecified</pose><truncated>0</truncated><occluded>0</occluded><difficult>0</difficult><bndbox><xmin>375</xmin><ymin>402</ymin><xmax>494</xmax><ymax>517</ymax></bndbox></object></annotation>