<annotation><folder>images</folder><filename>img_77.jpg</filename><size><width>1000</width><height>720</height><depth>3</depth></size><object><name>box</name><pose>Unspecified</pose><truncated>0</truncated><occluded>0</occluded><difficult>0</difficult><bndbox><xmin>138</xmin><ymin>427</ymin><xmax>158</xmax><ymax>453</ymax></bndbox></object><object><name>box</name><pose>Unspecified</pose><truncated>0</truncated><occluded>0</occluded><difficult>0</difficult><bndbox><xmin>436</xmin><ymin>459</ymin><xmax>684</xmax><ymax>633</ymax></bndbox></object><object><name>box</name><pose>Unspecified</pose><truncated>0</truncated><occluded>0</occluded><difficult>0</difficult><bndbox><xmin>794</xmin><ymin>454</ymin><xmax>842</xmax><ymax>541</ymax></bndbox></object><object><name>circle</name><pose>Unspecified</pose><truncated>0</truncated><occluded>0</occluded><difficult>0</difficult><bndbox><xmin>207</xmin><ymin>380</ymin><xmax>321</xmax><ymax>503</ymax></bndbox></object><object><name>path</name><pose>Unspecified</pose><truncated>0</truncated><occluded>0</occluded><difficult>0</difficult><bndbox><xmin>753</xmin><ymin>171</ymin><xmax>926</xmax><ymax>687</ymax></bndbox></object></annotation>