<annotation><folder>images</folder><filename>img_262.jpg</filename><size><width>1000</width><height>720</height><depth>3</depth></size><object><name>box</name><pose>Unspecified</pose><truncated>0</truncated><occluded>0</occluded><difficult>0</difficult><bndbox><xmin>128</xmin><ymin>307</ymin><xmax>295</xmax><ymax>394</ymax></bndbox></object><object><name>path</name><pose>Unspecified</pose><truncated>0</truncated><occluded>0</occluded><difficult>0</difficult><bndbox><xmin>654</xmin><ymin>156</ymin><xmax>1012</xmax><ymax>563</ymax></bndbox></object><object><name>circle</name><pose>Unspecified</pose><truncated>0</truncated><occluded>0</occluded><difficult>0</difficult><bndbox><xmin>291</xmin><ymin>173</ymin><xmax>342</xmax><ymax>232</ymax></bndbox></object><object><name>circle</name><pose>Unspecified</pose><truncated>0</truncated><occluded>0</occluded><difficult>0</difficult><bndbox><xmin>359</xmin><ymin>235</ymin><xmax>458</xmax><ymax>333</ymax></bndbox></object></annotation>