<annotation><folder>images</folder><filename>img_45.jpg</filename><size><width>1000</width><height>720</height><depth>3</depth></size><object><name>tree</name><pose>Unspecified</pose><truncated>0</truncated><occluded>0</occluded><difficult>0</difficult><bndbox><xmin>757</xmin><ymin>439</ymin><xmax>984</xmax><ymax>687</ymax></bndbox></object><object><name>circle</name><pose>Unspecified</pose><truncated>0</truncated><occluded>0</occluded><difficult>0</difficult><bndbox><xmin>420</xmin><ymin>219</ymin><xmax>493</xmax><ymax>307</ymax></bndbox></object><object><name>path</name><pose>Unspecified</pose><truncated>0</truncated><occluded>0</occluded><difficult>0</difficult><bndbox><xmin>252</xmin><ymin>491</ymin><xmax>323</xmax><ymax>699</ymax></bndbox></object></annotation>