<annotation><folder>images</folder><filename>img_276.jpg</filename><size><width>1000</width><height>720</height><depth>3</depth></size><object><name>x</name><pose>Unspecified</pose><truncated>0</truncated><occluded>0</occluded><difficult>0</difficult><bndbox><xmin>763</xmin><ymin>258</ymin><xmax>843</xmax><ymax>327</ymax></bndbox></object><object><name>path</name><pose>Unspecified</pose><truncated>0</truncated><occluded>0</occluded><difficult>0</difficult><bndbox><xmin>301</xmin><ymin>447</ymin><xmax>530</xmax><ymax>924</ymax></bndbox></object><object><name>box</name><pose>Unspecified</pose><truncated>0</truncated><occluded>0</occluded><difficult>0</difficult><bndbox><xmin>221</xmin><ymin>140</ymin><xmax>607</xmax><ymax>474</ymax></bndbox></object><object><name>tree</name><pose>Unspecified</pose><truncated>0</truncated><occluded>0</occluded><difficult>0</difficult><bndbox><xmin>674</xmin><ymin>167</ymin><xmax>748</xmax><ymax>242</ymax></bndbox></object><object><name>x</name><pose>Unspecified</pose><truncated>0</truncated><occluded>0</occluded><difficult>0</difficult><bndbox><xmin>755</xmin><ymin>511</ymin><xmax>925</xmax><ymax>694</ymax></bndbox></object><object><name>circle</name><pose>Unspecified</pose><truncated>0</truncated><occluded>0</occluded><difficult>0</difficult><bndbox><xmin>414</xmin><ymin>122</ymin><xmax>552</xmax><ymax>282</ymax></bndbox></object></annotation>