<annotation><folder>images</folder><filename>img_89.jpg</filename><size><width>1000</width><height>720</height><depth>3</depth></size><object><name>x</name><pose>Unspecified</pose><truncated>0</truncated><occluded>0</occluded><difficult>0</difficult><bndbox><xmin>531</xmin><ymin>105</ymin><xmax>698</xmax><ymax>314</ymax></bndbox></object><object><name>tree</name><pose>Unspecified</pose><truncated>0</truncated><occluded>0</occluded><difficult>0</difficult><bndbox><xmin>164</xmin><ymin>318</ymin><xmax>316</xmax><ymax>490</ymax></bndbox></object><object><name>tree</name><pose>Unspecified</pose><truncated>0</truncated><occluded>0</occluded><difficult>0</difficult><bndbox><xmin>274</xmin><ymin>439</ymin><xmax>606</xmax><ymax>811</ymax></bndbox></object><object><name>circle</name><pose>Unspecified</pose><truncated>0</truncated><occluded>0</occluded><difficult>0</difficult><bndbox><xmin>241</xmin><ymin>113</ymin><xmax>299</xmax><ymax>174</ymax></bndbox></object><object><name>path</name><pose>Unspecified</pose><truncated>0</truncated><occluded>0</occluded><difficult>0</difficult><bndbox><xmin>423</xmin><ymin>283</ymin><xmax>1021</xmax><ymax>1013</ymax></bndbox></object><object><name>circle</name><pose>Unspecified</pose><truncated>0</truncated><occluded>0</occluded><difficult>0</difficult><bndbox><xmin>521</xmin><ymin>423</ymin><xmax>559</xmax><ymax>467</ymax></bndbox></object></annotation>