<annotation><folder>images</folder><filename>img_38.jpg</filename><size><width>1000</width><height>720</height><depth>3</depth></size><object><name>tree</name><pose>Unspecified</pose><truncated>0</truncated><occluded>0</occluded><difficult>0</difficult><bndbox><xmin>382</xmin><ymin>465</ymin><xmax>530</xmax><ymax>607</ymax></bndbox></object><object><name>circle</name><pose>Unspecified</pose><truncated>0</truncated><occluded>0</occluded><difficult>0</difficult><bndbox><xmin>677</xmin><ymin>504</ymin><xmax>718</xmax><ymax>564</ymax></bndbox></object><object><name>box</name><pose>Unspecified</pose><truncated>0</truncated><occluded>0</occluded><difficult>0</difficult><bndbox><xmin>449</xmin><ymin>256</ymin><xmax>509</xmax><ymax>341</ymax></bndbox></object><object><name>circle</name><pose>Unspecified</pose><truncated>0</truncated><occluded>0</occluded><difficult>0</difficult><bndbox><xmin>322</xmin><ymin>251</ymin><xmax>509</xmax><ymax>452</ymax></bndbox></object><object><name>path</name><pose>Unspecified</pose><truncated>0</truncated><occluded>0</occluded><difficult>0</difficult><bndbox><xmin>366</xmin><ymin>277</ymin><xmax>794</xmax><ymax>764</ymax></bndbox></object></annotation>