<annotation><folder>images</folder><filename>img_170.jpg</filename><size><width>1000</width><height>720</height><depth>3</depth></size><object><name>path</name><pose>Unspecified</pose><truncated>0</truncated><occluded>0</occluded><difficult>0</difficult><bndbox><xmin>149</xmin><ymin>283</ymin><xmax>358</xmax><ymax>538</ymax></bndbox></object><object><name>x</name><pose>Unspecified</pose><truncated>0</truncated><occluded>0</occluded><difficult>0</difficult><bndbox><xmin>346</xmin><ymin>181</ymin><xmax>490</xmax><ymax>318</ymax></bndbox></object><object><name>circle</name><pose>Unspecified</pose><truncated>0</truncated><occluded>0</occluded><difficult>0</difficult><bndbox><xmin>193</xmin><ymin>414</ymin><xmax>276</xmax><ymax>514</ymax></bndbox></object><object><name>path</name><pose>Unspecified</pose><truncated>0</truncated><occluded>0</occluded><difficult>0</difficult><bndbox><xmin>470</xmin><ymin>518</ymin><xmax>629</xmax><ymax>698</ymax></bndbox></object><object><name>x</name><pose>Unspecified</pose><truncated>0</truncated><occluded>0</occluded><difficult>0</difficult><bndbox><xmin>272</xmin><ymin>396</ymin><xmax>329</xmax><ymax>450</ymax></bndbox></object></annotation>