<annotation><folder>images</folder><filename>img_159.jpg</filename><size><width>1000</width><height>720</height><depth>3</depth></size><object><name>path</name><pose>Unspecified</pose><truncated>0</truncated><occluded>0</occluded><difficult>0</difficult><bndbox><xmin>691</xmin><ymin>125</ymin><xmax>1225</xmax><ymax>783</ymax></bndbox></object><object><name>x</name><pose>Unspecified</pose><truncated>0</truncated><occluded>0</occluded><difficult>0</difficult><bndbox><xmin>489</xmin><ymin>117</ymin><xmax>661</xmax><ymax>381</ymax></bndbox></object><object><name>x</name><pose>Unspecified</pose><truncated>0</truncated><occluded>0</occluded><difficult>0</difficult><bndbox><xmin>462</xmin><ymin>222</ymin><xmax>597</xmax><ymax>425</ymax></bndbox></object><object><name>circle</name><pose>Unspecified</pose><truncated>0</truncated><occluded>0</occluded><difficult>0</difficult><bndbox><xmin>512</xmin><ymin>350</ymin><xmax>597</xmax><ymax>503</ymax></bndbox></object><object><name>x</name><pose>Unspecified</pose><truncated>0</truncated><occluded>0</occluded><difficult>0</difficult><bndbox><xmin>555</xmin><ymin>168</ymin><xmax>613</xmax><ymax>296</ymax></bndbox></object><object><name>x</name><pose>Unspecified</pose><truncated>0</truncated><occluded>0</occluded><difficult>0</difficult><bndbox><xmin>440</xmin><ymin>368</ymin><xmax>471</xmax><ymax>393</ymax></bndbox></object></annotation>