<annotation><folder>images</folder><filename>img_275.jpg</filename><size><width>1000</width><height>720</height><depth>3</depth></size><object><name>x</name><pose>Unspecified</pose><truncated>0</truncated><occluded>0</occluded><difficult>0</difficult><bndbox><xmin>291</xmin><ymin>286</ymin><xmax>361</xmax><ymax>390</ymax></bndbox></object><object><name>circle</name><pose>Unspecified</pose><truncated>0</truncated><occluded>0</occluded><difficult>0</difficult><bndbox><xmin>239</xmin><ymin>109</ymin><xmax>323</xmax><ymax>210</ymax></bndbox></object><object><name>path</name><pose>Unspecified</pose><truncated>0</truncated><occluded>0</occluded><difficult>0</difficult><bndbox><xmin>724</xmin><ymin>155</ymin><xmax>1057</xmax><ymax>565</ymax></bndbox></object><object><name>path</name><pose>Unspecified</pose><truncated>0</truncated><occluded>0</occluded><difficult>0</difficult><bndbox><xmin>209</xmin><ymin>297</ymin><xmax>442</xmax><ymax>743</ymax></bndbox></object><object><name>circle</name><pose>Unspecified</pose><truncated>0</truncated><occluded>0</occluded><difficult>0</difficult><bndbox><xmin>435</xmin><ymin>125</ymin><xmax>480</xmax><ymax>177</ymax></bndbox></object><object><name>path</name><pose>Unspecified</pose><truncated>0</truncated><occluded>0</occluded><difficult>0</difficult><bndbox><xmin>260</xmin><ymin>355</ymin><xmax>467</xmax><ymax>885</ymax></bndbox></object></annotation>