<annotation><folder>images</folder><filename>img_13.jpg</filename><size><width>1000</width><height>720</height><depth>3</depth></size><object><name>x</name><pose>Unspecified</pose><truncated>0</truncated><occluded>0</occluded><difficult>0</difficult><bndbox><xmin>500</xmin><ymin>381</ymin><xmax>539</xmax><ymax>438</ymax></bndbox></object><object><name>x</name><pose>Unspecified</pose><truncated>0</truncated><occluded>0</occluded><difficult>0</difficult><bndbox><xmin>501</xmin><ymin>287</ymin><xmax>565</xmax><ymax>348</ymax></bndbox></object><object><name>circle</name><pose>Unspecified</pose><truncated>0</truncated><occluded>0</occluded><difficult>0</difficult><bndbox><xmin>252</xmin><ymin>367</ymin><xmax>331</xmax><ymax>464</ymax></bndbox></object><object><name>x</name><pose>Unspecified</pose><truncated>0</truncated><occluded>0</occluded><difficult>0</difficult><bndbox><xmin>790</xmin><ymin>194</ymin><xmax>832</xmax><ymax>237</ymax></bndbox></object><object><name>tree</name><pose>Unspecified</pose><truncated>0</truncated><occluded>0</occluded><difficult>0</difficult><bndbox><xmin>668</xmin><ymin>451</ymin><xmax>816</xmax><ymax>609</ymax></bndbox></object><object><name>circle</name><pose>Unspecified</pose><truncated>0</truncated><occluded>0</occluded><difficult>0</difficult><bndbox><xmin>718</xmin><ymin>321</ymin><xmax>887</xmax><ymax>489</ymax></bndbox></object></annotation>