<annotation><folder>images</folder><filename>img_142.jpg</filename><size><width>1000</width><height>720</height><depth>3</depth></size><object><name>box</name><pose>Unspecified</pose><truncated>0</truncated><occluded>0</occluded><difficult>0</difficult><bndbox><xmin>549</xmin><ymin>255</ymin><xmax>553</xmax><ymax>284</ymax></bndbox></object><object><name>tree</name><pose>Unspecified</pose><truncated>0</truncated><occluded>0</occluded><difficult>0</difficult><bndbox><xmin>637</xmin><ymin>356</ymin><xmax>860</xmax><ymax>638</ymax></bndbox></object><object><name>tree</name><pose>Unspecified</pose><truncated>0</truncated><occluded>0</occluded><difficult>0</difficult><bndbox><xmin>407</xmin><ymin>474</ymin><xmax>432</xmax><ymax>506</ymax></bndbox></object></annotation>