<annotation><folder>images</folder><filename>img_148.jpg</filename><size><width>1000</width><height>720</height><depth>3</depth></size><object><name>tree</name><pose>Unspecified</pose><truncated>0</truncated><occluded>0</occluded><difficult>0</difficult><bndbox><xmin>575</xmin><ymin>347</ymin><xmax>772</xmax><ymax>577</ymax></bndbox></object><object><name>tree</name><pose>Unspecified</pose><truncated>0</truncated><occluded>0</occluded><difficult>0</difficult><bndbox><xmin>323</xmin><ymin>427</ymin><xmax>506</xmax><ymax>600</ymax></bndbox></object><object><name>circle</name><pose>Unspecified</pose><truncated>0</truncated><occluded>0</occluded><difficult>0</difficult><bndbox><xmin>466</xmin><ymin>181</ymin><xmax>495</xmax><ymax>231</ymax></bndbox></object><object><name>box</name><pose>Unspecified</pose><truncated>0</truncated><occluded>0</occluded><difficult>0</difficult><bndbox><xmin>131</xmin><ymin>331</ymin><xmax>247</xmax><ymax>443</ymax></bndbox></object></annotation>