<annotation><folder>images</folder><filename>img_239.jpg</filename><size><width>1000</width><height>720</height><depth>3</depth></size><object><name>box</name><pose>Unspecified</pose><truncated>0</truncated><occluded>0</occluded><difficult>0</difficult><bndbox><xmin>737</xmin><ymin>334</ymin><xmax>855</xmax><ymax>396</ymax></bndbox></object><object><name>box</name><pose>Unspecified</pose><truncated>0</truncated><occluded>0</occluded><difficult>0</difficult><bndbox><xmin>705</xmin><ymin>265</ymin><xmax>830</xmax><ymax>386</ymax></bndbox></object><object><name>circle</name><pose>Unspecified</pose><truncated>0</truncated><occluded>0</occluded><difficult>0</difficult><bndbox><xmin>757</xmin><ymin>205</ymin><xmax>788</xmax><ymax>242</ymax></bndbox></object><object><name>tree</name><pose>Unspecified</pose><truncated>0</truncated><occluded>0</occluded><difficult>0</difficult><bndbox><xmin>627</xmin><ymin>274</ymin><xmax>695</xmax><ymax>342</ymax></bndbox></object></annotation>