<annotation><folder>images</folder><filename>img_264.jpg</filename><size><width>1000</width><height>720</height><depth>3</depth></size><object><name>x</name><pose>Unspecified</pose><truncated>0</truncated><occluded>0</occluded><difficult>0</difficult><bndbox><xmin>364</xmin><ymin>317</ymin><xmax>441</xmax><ymax>406</ymax></bndbox></object><object><name>circle</name><pose>Unspecified</pose><truncated>0</truncated><occluded>0</occluded><difficult>0</difficult><bndbox><xmin>777</xmin><ymin>443</ymin><xmax>824</xmax><ymax>494</ymax></bndbox></object><object><name>path</name><pose>Unspecified</pose><truncated>0</truncated><occluded>0</occluded><difficult>0</difficult><bndbox><xmin>619</xmin><ymin>284</ymin><xmax>746</xmax><ymax>937</ymax></bndbox></object><object><name>circle</name><pose>Unspecified</pose><truncated>0</truncated><occluded>0</occluded><difficult>0</difficult><bndbox><xmin>447</xmin><ymin>102</ymin><xmax>498</xmax><ymax>157</ymax></bndbox></object><object><name>tree</name><pose>Unspecified</pose><truncated>0</truncated><occluded>0</occluded><difficult>0</difficult><bndbox><xmin>168</xmin><ymin>410</ymin><xmax>244</xmax><ymax>506</ymax></bndbox></object><object><name>x</name><pose>Unspecified</pose><truncated>0</truncated><occluded>0</occluded><difficult>0</difficult><bndbox><xmin>540</xmin><ymin>199</ymin><xmax>645</xmax><ymax>433</ymax></bndbox></object></annotation>