<annotation><folder>images</folder><filename>img_196.jpg</filename><size><width>1000</width><height>720</height><depth>3</depth></size><object><name>circle</name><pose>Unspecified</pose><truncated>0</truncated><occluded>0</occluded><difficult>0</difficult><bndbox><xmin>285</xmin><ymin>239</ymin><xmax>327</xmax><ymax>313</ymax></bndbox></object><object><name>box</name><pose>Unspecified</pose><truncated>0</truncated><occluded>0</occluded><difficult>0</difficult><bndbox><xmin>241</xmin><ymin>468</ymin><xmax>385</xmax><ymax>590</ymax></bndbox></object><object><name>path</name><pose>Unspecified</pose><truncated>0</truncated><occluded>0</occluded><difficult>0</difficult><bndbox><xmin>427</xmin><ymin>250</ymin><xmax>629</xmax><ymax>851</ymax></bndbox></object></annotation>