<annotation><folder>images</folder><filename>img_62.jpg</filename><size><width>1000</width><height>720</height><depth>3</depth></size><object><name>circle</name><pose>Unspecified</pose><truncated>0</truncated><occluded>0</occluded><difficult>0</difficult><bndbox><xmin>153</xmin><ymin>428</ymin><xmax>323</xmax><ymax>610</ymax></bndbox></object><object><name>x</name><pose>Unspecified</pose><truncated>0</truncated><occluded>0</occluded><difficult>0</difficult><bndbox><xmin>536</xmin><ymin>173</ymin><xmax>626</xmax><ymax>324</ymax></bndbox></object><object><name>box</name><pose>Unspecified</pose><truncated>0</truncated><occluded>0</occluded><difficult>0</difficult><bndbox><xmin>448</xmin><ymin>213</ymin><xmax>518</xmax><ymax>224</ymax></bndbox></object><object><name>path</name><pose>Unspecified</pose><truncated>0</truncated><occluded>0</occluded><difficult>0</difficult><bndbox><xmin>436</xmin><ymin>377</ymin><xmax>665</xmax><ymax>1064</ymax></bndbox></object></annotation>