<annotation><folder>images</folder><filename>img_0.jpg</filename><size><width>1000</width><height>720</height><depth>3</depth></size><object><name>box</name><pose>Unspecified</pose><truncated>0</truncated><occluded>0</occluded><difficult>0</difficult><bndbox><xmin>163</xmin><ymin>189</ymin><xmax>429</xmax><ymax>419</ymax></bndbox></object><object><name>box</name><pose>Unspecified</pose><truncated>0</truncated><occluded>0</occluded><difficult>0</difficult><bndbox><xmin>500</xmin><ymin>278</ymin><xmax>705</xmax><ymax>446</ymax></bndbox></object><object><name>tree</name><pose>Unspecified</pose><truncated>0</truncated><occluded>0</occluded><difficult>0</difficult><bndbox><xmin>377</xmin><ymin>483</ymin><xmax>527</xmax><ymax>649</ymax></bndbox></object><object><name>x</name><pose>Unspecified</pose><truncated>0</truncated><occluded>0</occluded><difficult>0</difficult><bndbox><xmin>323</xmin><ymin>223</ymin><xmax>425</xmax><ymax>329</ymax></bndbox></object></annotation>