<annotation><folder>images</folder><filename>img_277.jpg</filename><size><width>1000</width><height>720</height><depth>3</depth></size><object><name>circle</name><pose>Unspecified</pose><truncated>0</truncated><occluded>0</occluded><difficult>0</difficult><bndbox><xmin>409</xmin><ymin>120</ymin><xmax>511</xmax><ymax>238</ymax></bndbox></object><object><name>tree</name><pose>Unspecified</pose><truncated>0</truncated><occluded>0</occluded><difficult>0</difficult><bndbox><xmin>343</xmin><ymin>155</ymin><xmax>538</xmax><ymax>348</ymax></bndbox></object><object><name>box</name><pose>Unspecified</pose><truncated>0</truncated><occluded>0</occluded><difficult>0</difficult><bndbox><xmin>177</xmin><ymin>459</ymin><xmax>188</xmax><ymax>469</ymax></bndbox></object><object><name>tree</name><pose>Unspecified</pose><truncated>0</truncated><occluded>0</occluded><difficult>0</difficult><bndbox><xmin>762</xmin><ymin>420</ymin><xmax>1006</xmax><ymax>651</ymax></bndbox></object></annotation>