<annotation><folder>images</folder><filename>img_52.jpg</filename><size><width>1000</width><height>720</height><depth>3</depth></size><object><name>tree</name><pose>Unspecified</pose><truncated>0</truncated><occluded>0</occluded><difficult>0</difficult><bndbox><xmin>412</xmin><ymin>190</ymin><xmax>550</xmax><ymax>344</ymax></bndbox></object><object><name>box</name><pose>Unspecified</pose><truncated>0</truncated><occluded>0</occluded><difficult>0</difficult><bndbox><xmin>487</xmin><ymin>196</ymin><xmax>523</xmax><ymax>243</ymax></bndbox></object><object><name>tree</name><pose>Unspecified</pose><truncated>0</truncated><occluded>0</occluded><difficult>0</difficult><bndbox><xmin>201</xmin><ymin>327</ymin><xmax>321</xmax><ymax>446</ymax></bndbox></object><object><name>x</name><pose>Unspecified</pose><truncated>0</truncated><occluded>0</occluded><difficult>0</difficult><bndbox><xmin>443</xmin><ymin>384</ymin><xmax>488</xmax><ymax>459</ymax></bndbox></object></annotation>