<annotation><folder>images</folder><filename>img_172.jpg</filename><size><width>1000</width><height>720</height><depth>3</depth></size><object><name>path</name><pose>Unspecified</pose><truncated>0</truncated><occluded>0</occluded><difficult>0</difficult><bndbox><xmin>400</xmin><ymin>291</ymin><xmax>706</xmax><ymax>668</ymax></bndbox></object><object><name>path</name><pose>Unspecified</pose><truncated>0</truncated><occluded>0</occluded><difficult>0</difficult><bndbox><xmin>558</xmin><ymin>209</ymin><xmax>714</xmax><ymax>308</ymax></bndbox></object><object><name>tree</name><pose>Unspecified</pose><truncated>0</truncated><occluded>0</occluded><difficult>0</difficult><bndbox><xmin>566</xmin><ymin>304</ymin><xmax>789</xmax><ymax>514</ymax></bndbox></object><object><name>tree</name><pose>Unspecified</pose><truncated>0</truncated><occluded>0</occluded><difficult>0</difficult><bndbox><xmin>355</xmin><ymin>504</ymin><xmax>423</xmax><ymax>574</ymax></bndbox></object><object><name>circle</name><pose>Unspecified</pose><truncated>0</truncated><occluded>0</occluded><difficult>0</difficult><bndbox><xmin>497</xmin><ymin>337</ymin><xmax>592</xmax><ymax>441</ymax></bndbox></object><object><name>x</name><pose>Unspecified</pose><truncated>0</truncated><occluded>0</occluded><difficult>0</difficult><bndbox><xmin>289</xmin><ymin>441</ymin><xmax>327</xmax><ymax>476</ymax></bndbox></object></annotation>