<annotation><folder>images</folder><filename>img_47.jpg</filename><size><width>1000</width><height>720</height><depth>3</depth></size><object><name>circle</name><pose>Unspecified</pose><truncated>0</truncated><occluded>0</occluded><difficult>0</difficult><bndbox><xmin>770</xmin><ymin>287</ymin><xmax>894</xmax><ymax>435</ymax></bndbox></object><object><name>tree</name><pose>Unspecified</pose><truncated>0</truncated><occluded>0</occluded><difficult>0</difficult><bndbox><xmin>427</xmin><ymin>308</ymin><xmax>532</xmax><ymax>410</ymax></bndbox></object><object><name>path</name><pose>Unspecified</pose><truncated>0</truncated><occluded>0</occluded><difficult>0</difficult><bndbox><xmin>193</xmin><ymin>291</ymin><xmax>398</xmax><ymax>985</ymax></bndbox></object><object><name>x</name><pose>Unspecified</pose><truncated>0</truncated><occluded>0</occluded><difficult>0</difficult><bndbox><xmin>482</xmin><ymin>226</ymin><xmax>554</xmax><ymax>323</ymax></bndbox></object><object><name>tree</name><pose>Unspecified</pose><truncated>0</truncated><occluded>0</occluded><difficult>0</difficult><bndbox><xmin>584</xmin><ymin>518</ymin><xmax>795</xmax><ymax>763</ymax></bndbox></object></annotation>