<annotation><folder>images</folder><filename>img_223.jpg</filename><size><width>1000</width><height>720</height><depth>3</depth></size><object><name>x</name><pose>Unspecified</pose><truncated>0</truncated><occluded>0</occluded><difficult>0</difficult><bndbox><xmin>183</xmin><ymin>331</ymin><xmax>284</xmax><ymax>426</ymax></bndbox></object><object><name>path</name><pose>Unspecified</pose><truncated>0</truncated><occluded>0</occluded><difficult>0</difficult><bndbox><xmin>464</xmin><ymin>407</ymin><xmax>737</xmax><ymax>699</ymax></bndbox></object><object><name>tree</name><pose>Unspecified</pose><truncated>0</truncated><occluded>0</occluded><difficult>0</difficult><bndbox><xmin>138</xmin><ymin>348</ymin><xmax>342</xmax><ymax>555</ymax></bndbox></object><object><name>circle</name><pose>Unspecified</pose><truncated>0</truncated><occluded>0</occluded><difficult>0</difficult><bndbox><xmin>646</xmin><ymin>453</ymin><xmax>786</xmax><ymax>630</ymax></bndbox></object><object><name>tree</name><pose>Unspecified</pose><truncated>0</truncated><occluded>0</occluded><difficult>0</difficult><bndbox><xmin>194</xmin><ymin>336</ymin><xmax>412</xmax><ymax>569</ymax></bndbox></object><object><name>tree</name><pose>Unspecified</pose><truncated>0</truncated><occluded>0</occluded><difficult>0</difficult><bndbox><xmin>236</xmin><ymin>131</ymin><xmax>387</xmax><ymax>294</ymax></bndbox></object></annotation>