<annotation><folder>images</folder><filename>img_200.jpg</filename><size><width>1000</width><height>720</height><depth>3</depth></size><object><name>circle</name><pose>Unspecified</pose><truncated>0</truncated><occluded>0</occluded><difficult>0</difficult><bndbox><xmin>707</xmin><ymin>268</ymin><xmax>754</xmax><ymax>314</ymax></bndbox></object><object><name>x</name><pose>Unspecified</pose><truncated>0</truncated><occluded>0</occluded><difficult>0</difficult><bndbox><xmin>686</xmin><ymin>110</ymin><xmax>892</xmax><ymax>427</ymax></bndbox></object><object><name>path</name><pose>Unspecified</pose><truncated>0</truncated><occluded>0</occluded><difficult>0</difficult><bndbox><xmin>584</xmin><ymin>134</ymin><xmax>1078</xmax><ymax>696</ymax></bndbox></object><object><name>tree</name><pose>Unspecified</pose><truncated>0</truncated><occluded>0</occluded><difficult>0</difficult><bndbox><xmin>531</xmin><ymin>175</ymin><xmax>606</xmax><ymax>253</ymax></bndbox></object></annotation>