<annotation><folder>images</folder><filename>img_100.jpg</filename><size><width>1000</width><height>720</height><depth>3</depth></size><object><name>x</name><pose>Unspecified</pose><truncated>0</truncated><occluded>0</occluded><difficult>0</difficult><bndbox><xmin>330</xmin><ymin>169</ymin><xmax>424</xmax><ymax>301</ymax></bndbox></object><object><name>circle</name><pose>Unspecified</pose><truncated>0</truncated><occluded>0</occluded><difficult>0</difficult><bndbox><xmin>443</xmin><ymin>438</ymin><xmax>527</xmax><ymax>537</ymax></bndbox></object><object><name>circle</name><pose>Unspecified</pose><truncated>0</truncated><occluded>0</occluded><difficult>0</difficult><bndbox><xmin>224</xmin><ymin>288</ymin><xmax>303</xmax><ymax>371</ymax></bndbox></object><object><name>path</name><pose>Unspecified</pose><truncated>0</truncated><occluded>0</occluded><difficult>0</difficult><bndbox><xmin>532</xmin><ymin>307</ymin><xmax>602</xmax><ymax>484</ymax></bndbox></object></annotation>