<annotation><folder>images</folder><filename>img_265.jpg</filename><size><width>1000</width><height>720</height><depth>3</depth></size><object><name>x</name><pose>Unspecified</pose><truncated>0</truncated><occluded>0</occluded><difficult>0</difficult><bndbox><xmin>432</xmin><ymin>352</ymin><xmax>541</xmax><ymax>457</ymax></bndbox></object><object><name>path</name><pose>Unspecified</pose><truncated>0</truncated><occluded>0</occluded><difficult>0</difficult><bndbox><xmin>504</xmin><ymin>371</ymin><xmax>994</xmax><ymax>678</ymax></bndbox></object><object><name>path</name><pose>Unspecified</pose><truncated>0</truncated><occluded>0</occluded><difficult>0</difficult><bndbox><xmin>191</xmin><ymin>256</ymin><xmax>282</xmax><ymax>721</ymax></bndbox></object><object><name>tree</name><pose>Unspecified</pose><truncated>0</truncated><occluded>0</occluded><difficult>0</difficult><bndbox><xmin>416</xmin><ymin>124</ymin><xmax>717</xmax><ymax>435</ymax></bndbox></object><object><name>x</name><pose>Unspecified</pose><truncated>0</truncated><occluded>0</occluded><difficult>0</difficult><bndbox><xmin>302</xmin><ymin>297</ymin><xmax>392</xmax><ymax>365</ymax></bndbox></object></annotation>