<annotation><folder>images</folder><filename>img_202.jpg</filename><size><width>1000</width><height>720</height><depth>3</depth></size><object><name>x</name><pose>Unspecified</pose><truncated>0</truncated><occluded>0</occluded><difficult>0</difficult><bndbox><xmin>238</xmin><ymin>336</ymin><xmax>319</xmax><ymax>455</ymax></bndbox></object><object><name>tree</name><pose>Unspecified</pose><truncated>0</truncated><occluded>0</occluded><difficult>0</difficult><bndbox><xmin>611</xmin><ymin>416</ymin><xmax>765</xmax><ymax>567</ymax></bndbox></object><object><name>box</name><pose>Unspecified</pose><truncated>0</truncated><occluded>0</occluded><difficult>0</difficult><bndbox><xmin>290</xmin><ymin>516</ymin><xmax>351</xmax><ymax>589</ymax></bndbox></object></annotation>