<annotation><folder>images</folder><filename>img_201.jpg</filename><size><width>1000</width><height>720</height><depth>3</depth></size><object><name>circle</name><pose>Unspecified</pose><truncated>0</truncated><occluded>0</occluded><difficult>0</difficult><bndbox><xmin>277</xmin><ymin>377</ymin><xmax>332</xmax><ymax>440</ymax></bndbox></object><object><name>circle</name><pose>Unspecified</pose><truncated>0</truncated><occluded>0</occluded><difficult>0</difficult><bndbox><xmin>578</xmin><ymin>151</ymin><xmax>648</xmax><ymax>234</ymax></bndbox></object><object><name>box</name><pose>Unspecified</pose><truncated>0</truncated><occluded>0</occluded><difficult>0</difficult><bndbox><xmin>636</xmin><ymin>504</ymin><xmax>819</xmax><ymax>600</ymax></bndbox></object></annotation>