<annotation><folder>images</folder><filename>img_181.jpg</filename><size><width>1000</width><height>720</height><depth>3</depth></size><object><name>tree</name><pose>Unspecified</pose><truncated>0</truncated><occluded>0</occluded><difficult>0</difficult><bndbox><xmin>719</xmin><ymin>109</ymin><xmax>971</xmax><ymax>410</ymax></bndbox></object><object><name>path</name><pose>Unspecified</pose><truncated>0</truncated><occluded>0</occluded><difficult>0</difficult><bndbox><xmin>578</xmin><ymin>240</ymin><xmax>643</xmax><ymax>344</ymax></bndbox></object><object><name>box</name><pose>Unspecified</pose><truncated>0</truncated><occluded>0</occluded><difficult>0</difficult><bndbox><xmin>419</xmin><ymin>156</ymin><xmax>705</xmax><ymax>303</ymax></bndbox></object><object><name>tree</name><pose>Unspecified</pose><truncated>0</truncated><occluded>0</occluded><difficult>0</difficult><bndbox><xmin>421</xmin><ymin>279</ymin><xmax>643</xmax><ymax>507</ymax></bndbox></object><object><name>box</name><pose>Unspecified</pose><truncated>0</truncated><occluded>0</occluded><difficult>0</difficult><bndbox><xmin>271</xmin><ymin>303</ymin><xmax>440</xmax><ymax>614</ymax></bndbox></object><object><name>tree</name><pose>Unspecified</pose><truncated>0</truncated><occluded>0</occluded><difficult>0</difficult><bndbox><xmin>408</xmin><ymin>290</ymin><xmax>683</xmax><ymax>598</ymax></bndbox></object></annotation>