<annotation><folder>images</folder><filename>img_212.jpg</filename><size><width>1000</width><height>720</height><depth>3</depth></size><object><name>circle</name><pose>Unspecified</pose><truncated>0</truncated><occluded>0</occluded><difficult>0</difficult><bndbox><xmin>614</xmin><ymin>334</ymin><xmax>721</xmax><ymax>448</ymax></bndbox></object><object><name>circle</name><pose>Unspecified</pose><truncated>0</truncated><occluded>0</occluded><difficult>0</difficult><bndbox><xmin>217</xmin><ymin>384</ymin><xmax>288</xmax><ymax>461</ymax></bndbox></object><object><name>path</name><pose>Unspecified</pose><truncated>0</truncated><occluded>0</occluded><difficult>0</difficult><bndbox><xmin>552</xmin><ymin>112</ymin><xmax>781</xmax><ymax>345</ymax></bndbox></object><object><name>circle</name><pose>Unspecified</pose><truncated>0</truncated><occluded>0</occluded><difficult>0</difficult><bndbox><xmin>729</xmin><ymin>188</ymin><xmax>864</xmax><ymax>391</ymax></bndbox></object></annotation>