<annotation><folder>images</folder><filename>img_207.jpg</filename><size><width>1000</width><height>720</height><depth>3</depth></size><object><name>tree</name><pose>Unspecified</pose><truncated>0</truncated><occluded>0</occluded><difficult>0</difficult><bndbox><xmin>715</xmin><ymin>360</ymin><xmax>814</xmax><ymax>469</ymax></bndbox></object><object><name>circle</name><pose>Unspecified</pose><truncated>0</truncated><occluded>0</occluded><difficult>0</difficult><bndbox><xmin>547</xmin><ymin>206</ymin><xmax>658</xmax><ymax>331</ymax></bndbox></object><object><name>x</name><pose>Unspecified</pose><truncated>0</truncated><occluded>0</occluded><difficult>0</difficult><bndbox><xmin>791</xmin><ymin>146</ymin><xmax>834</xmax><ymax>211</ymax></bndbox></object><object><name>box</name><pose>Unspecified</pose><truncated>0</truncated><occluded>0</occluded><difficult>0</difficult><bndbox><xmin>578</xmin><ymin>109</ymin><xmax>754</xmax><ymax>278</ymax></bndbox></object></annotation>