<annotation><folder>images</folder><filename>img_208.jpg</filename><size><width>1000</width><height>720</height><depth>3</depth></size><object><name>path</name><pose>Unspecified</pose><truncated>0</truncated><occluded>0</occluded><difficult>0</difficult><bndbox><xmin>258</xmin><ymin>188</ymin><xmax>467</xmax><ymax>622</ymax></bndbox></object><object><name>box</name><pose>Unspecified</pose><truncated>0</truncated><occluded>0</occluded><difficult>0</difficult><bndbox><xmin>374</xmin><ymin>217</ymin><xmax>501</xmax><ymax>372</ymax></bndbox></object><object><name>box</name><pose>Unspecified</pose><truncated>0</truncated><occluded>0</occluded><difficult>0</difficult><bndbox><xmin>392</xmin><ymin>295</ymin><xmax>467</xmax><ymax>360</ymax></bndbox></object></annotation>