<annotation><folder>images</folder><filename>img_101.jpg</filename><size><width>1000</width><height>720</height><depth>3</depth></size><object><name>circle</name><pose>Unspecified</pose><truncated>0</truncated><occluded>0</occluded><difficult>0</difficult><bndbox><xmin>721</xmin><ymin>240</ymin><xmax>858</xmax><ymax>427</ymax></bndbox></object><object><name>circle</name><pose>Unspecified</pose><truncated>0</truncated><occluded>0</occluded><difficult>0</difficult><bndbox><xmin>296</xmin><ymin>366</ymin><xmax>336</xmax><ymax>417</ymax></bndbox></object><object><name>path</name><pose>Unspecified</pose><truncated>0</truncated><occluded>0</occluded><difficult>0</difficult><bndbox><xmin>448</xmin><ymin>196</ymin><xmax>709</xmax><ymax>619</ymax></bndbox></object><object><name>tree</name><pose>Unspecified</pose><truncated>0</truncated><occluded>0</occluded><difficult>0</difficult><bndbox><xmin>460</xmin><ymin>310</ymin><xmax>559</xmax><ymax>411</ymax></bndbox></object><object><name>x</name><pose>Unspecified</pose><truncated>0</truncated><occluded>0</occluded><difficult>0</difficult><bndbox><xmin>332</xmin><ymin>495</ymin><xmax>379</xmax><ymax>572</ymax></bndbox></object><object><name>x</name><pose>Unspecified</pose><truncated>0</truncated><occluded>0</occluded><difficult>0</difficult><bndbox><xmin>718</xmin><ymin>438</ymin><xmax>762</xmax><ymax>489</ymax></bndbox></object></annotation>