<annotation><folder>images</folder><filename>img_182.jpg</filename><size><width>1000</width><height>720</height><depth>3</depth></size><object><name>box</name><pose>Unspecified</pose><truncated>0</truncated><occluded>0</occluded><difficult>0</difficult><bndbox><xmin>580</xmin><ymin>390</ymin><xmax>679</xmax><ymax>441</ymax></bndbox></object><object><name>tree</name><pose>Unspecified</pose><truncated>0</truncated><occluded>0</occluded><difficult>0</difficult><bndbox><xmin>266</xmin><ymin>405</ymin><xmax>410</xmax><ymax>534</ymax></bndbox></object><object><name>path</name><pose>Unspecified</pose><truncated>0</truncated><occluded>0</occluded><difficult>0</difficult><bndbox><xmin>526</xmin><ymin>123</ymin><xmax>708</xmax><ymax>345</ymax></bndbox></object></annotation>