<annotation><folder>images</folder><filename>img_103.jpg</filename><size><width>1000</width><height>720</height><depth>3</depth></size><object><name>circle</name><pose>Unspecified</pose><truncated>0</truncated><occluded>0</occluded><difficult>0</difficult><bndbox><xmin>146</xmin><ymin>369</ymin><xmax>252</xmax><ymax>474</ymax></bndbox></object><object><name>tree</name><pose>Unspecified</pose><truncated>0</truncated><occluded>0</occluded><difficult>0</difficult><bndbox><xmin>516</xmin><ymin>407</ymin><xmax>696</xmax><ymax>590</ymax></bndbox></object><object><name>circle</name><pose>Unspecified</pose><truncated>0</truncated><occluded>0</occluded><difficult>0</difficult><bndbox><xmin>681</xmin><ymin>132</ymin><xmax>723</xmax><ymax>182</ymax></bndbox></object><object><name>circle</name><pose>Unspecified</pose><truncated>0</truncated><occluded>0</occluded><difficult>0</difficult><bndbox><xmin>139</xmin><ymin>199</ymin><xmax>279</xmax><ymax>337</ymax></bndbox></object><object><name>path</name><pose>Unspecified</pose><truncated>0</truncated><occluded>0</occluded><difficult>0</difficult><bndbox><xmin>698</xmin><ymin>470</ymin><xmax>833</xmax><ymax>729</ymax></bndbox></object><object><name>box</name><pose>Unspecified</pose><truncated>0</truncated><occluded>0</occluded><difficult>0</difficult><bndbox><xmin>528</xmin><ymin>161</ymin><xmax>700</xmax><ymax>301</ymax></bndbox></object></annotation>