<annotation><folder>images</folder><filename>img_3.jpg</filename><size><width>1000</width><height>720</height><depth>3</depth></size><object><name>box</name><pose>Unspecified</pose><truncated>0</truncated><occluded>0</occluded><difficult>0</difficult><bndbox><xmin>496</xmin><ymin>341</ymin><xmax>619</xmax><ymax>432</ymax></bndbox></object><object><name>tree</name><pose>Unspecified</pose><truncated>0</truncated><occluded>0</occluded><difficult>0</difficult><bndbox><xmin>798</xmin><ymin>328</ymin><xmax>942</xmax><ymax>469</ymax></bndbox></object><object><name>x</name><pose>Unspecified</pose><truncated>0</truncated><occluded>0</occluded><difficult>0</difficult><bndbox><xmin>455</xmin><ymin>242</ymin><xmax>609</xmax><ymax>471</ymax></bndbox></object><object><name>path</name><pose>Unspecified</pose><truncated>0</truncated><occluded>0</occluded><difficult>0</difficult><bndbox><xmin>786</xmin><ymin>312</ymin><xmax>1087</xmax><ymax>633</ymax></bndbox></object><object><name>x</name><pose>Unspecified</pose><truncated>0</truncated><occluded>0</occluded><difficult>0</difficult><bndbox><xmin>757</xmin><ymin>255</ymin><xmax>901</xmax><ymax>394</ymax></bndbox></object></annotation>