<annotation><folder>images</folder><filename>img_198.jpg</filename><size><width>1000</width><height>720</height><depth>3</depth></size><object><name>tree</name><pose>Unspecified</pose><truncated>0</truncated><occluded>0</occluded><difficult>0</difficult><bndbox><xmin>665</xmin><ymin>189</ymin><xmax>738</xmax><ymax>261</ymax></bndbox></object><object><name>box</name><pose>Unspecified</pose><truncated>0</truncated><occluded>0</occluded><difficult>0</difficult><bndbox><xmin>639</xmin><ymin>242</ymin><xmax>796</xmax><ymax>393</ymax></bndbox></object><object><name>box</name><pose>Unspecified</pose><truncated>0</truncated><occluded>0</occluded><difficult>0</difficult><bndbox><xmin>766</xmin><ymin>103</ymin><xmax>963</xmax><ymax>274</ymax></bndbox></object><object><name>circle</name><pose>Unspecified</pose><truncated>0</truncated><occluded>0</occluded><difficult>0</difficult><bndbox><xmin>480</xmin><ymin>362</ymin><xmax>607</xmax><ymax>523</ymax></bndbox></object><object><name>path</name><pose>Unspecified</pose><truncated>0</truncated><occluded>0</occluded><difficult>0</difficult><bndbox><xmin>123</xmin><ymin>424</ymin><xmax>191</xmax><ymax>533</ymax></bndbox></object></annotation>