<annotation><folder>images</folder><filename>img_14.jpg</filename><size><width>1000</width><height>720</height><depth>3</depth></size><object><name>path</name><pose>Unspecified</pose><truncated>0</truncated><occluded>0</occluded><difficult>0</difficult><bndbox><xmin>565</xmin><ymin>113</ymin><xmax>714</xmax><ymax>555</ymax></bndbox></object><object><name>tree</name><pose>Unspecified</pose><truncated>0</truncated><occluded>0</occluded><difficult>0</difficult><bndbox><xmin>471</xmin><ymin>328</ymin><xmax>620</xmax><ymax>478</ymax></bndbox></object><object><name>path</name><pose>Unspecified</pose><truncated>0</truncated><occluded>0</occluded><difficult>0</difficult><bndbox><xmin>762</xmin><ymin>384</ymin><xmax>982</xmax><ymax>806</ymax></bndbox></object><object><name>tree</name><pose>Unspecified</pose><truncated>0</truncated><occluded>0</occluded><difficult>0</difficult><bndbox><xmin>318</xmin><ymin>427</ymin><xmax>447</xmax><ymax>556</ymax></bndbox></object><object><name>box</name><pose>Unspecified</pose><truncated>0</truncated><occluded>0</occluded><difficult>0</difficult><bndbox><xmin>704</xmin><ymin>369</ymin><xmax>715</xmax><ymax>512</ymax></bndbox></object><object><name>path</name><pose>Unspecified</pose><truncated>0</truncated><occluded>0</occluded><difficult>0</difficult><bndbox><xmin>680</xmin><ymin>177</ymin><xmax>969</xmax><ymax>919</ymax></bndbox></object></annotation>