<annotation><folder>images</folder><filename>img_157.jpg</filename><size><width>1000</width><height>720</height><depth>3</depth></size><object><name>circle</name><pose>Unspecified</pose><truncated>0</truncated><occluded>0</occluded><difficult>0</difficult><bndbox><xmin>684</xmin><ymin>409</ymin><xmax>785</xmax><ymax>531</ymax></bndbox></object><object><name>tree</name><pose>Unspecified</pose><truncated>0</truncated><occluded>0</occluded><difficult>0</difficult><bndbox><xmin>541</xmin><ymin>112</ymin><xmax>671</xmax><ymax>244</ymax></bndbox></object><object><name>path</name><pose>Unspecified</pose><truncated>0</truncated><occluded>0</occluded><difficult>0</difficult><bndbox><xmin>663</xmin><ymin>473</ymin><xmax>798</xmax><ymax>691</ymax></bndbox></object><object><name>box</name><pose>Unspecified</pose><truncated>0</truncated><occluded>0</occluded><difficult>0</difficult><bndbox><xmin>569</xmin><ymin>430</ymin><xmax>584</xmax><ymax>622</ymax></bndbox></object><object><name>circle</name><pose>Unspecified</pose><truncated>0</truncated><occluded>0</occluded><difficult>0</difficult><bndbox><xmin>355</xmin><ymin>393</ymin><xmax>510</xmax><ymax>536</ymax></bndbox></object></annotation>