<annotation><folder>images</folder><filename>img_70.jpg</filename><size><width>1000</width><height>720</height><depth>3</depth></size><object><name>path</name><pose>Unspecified</pose><truncated>0</truncated><occluded>0</occluded><difficult>0</difficult><bndbox><xmin>408</xmin><ymin>494</ymin><xmax>684</xmax><ymax>808</ymax></bndbox></object><object><name>circle</name><pose>Unspecified</pose><truncated>0</truncated><occluded>0</occluded><difficult>0</difficult><bndbox><xmin>355</xmin><ymin>418</ymin><xmax>409</xmax><ymax>476</ymax></bndbox></object><object><name>box</name><pose>Unspecified</pose><truncated>0</truncated><occluded>0</occluded><difficult>0</difficult><bndbox><xmin>708</xmin><ymin>143</ymin><xmax>788</xmax><ymax>202</ymax></bndbox></object><object><name>circle</name><pose>Unspecified</pose><truncated>0</truncated><occluded>0</occluded><difficult>0</difficult><bndbox><xmin>451</xmin><ymin>398</ymin><xmax>501</xmax><ymax>463</ymax></bndbox></object><object><name>path</name><pose>Unspecified</pose><truncated>0</truncated><occluded>0</occluded><difficult>0</difficult><bndbox><xmin>103</xmin><ymin>328</ymin><xmax>280</xmax><ymax>695</ymax></bndbox></object><object><name>circle</name><pose>Unspecified</pose><truncated>0</truncated><occluded>0</occluded><difficult>0</difficult><bndbox><xmin>741</xmin><ymin>133</ymin><xmax>905</xmax><ymax>309</ymax></bndbox></object></annotation>