<annotation><folder>images</folder><filename>img_230.jpg</filename><size><width>1000</width><height>720</height><depth>3</depth></size><object><name>path</name><pose>Unspecified</pose><truncated>0</truncated><occluded>0</occluded><difficult>0</difficult><bndbox><xmin>218</xmin><ymin>140</ymin><xmax>276</xmax><ymax>284</ymax></bndbox></object><object><name>x</name><pose>Unspecified</pose><truncated>0</truncated><occluded>0</occluded><difficult>0</difficult><bndbox><xmin>760</xmin><ymin>150</ymin><xmax>807</xmax><ymax>199</ymax></bndbox></object><object><name>box</name><pose>Unspecified</pose><truncated>0</truncated><occluded>0</occluded><difficult>0</difficult><bndbox><xmin>210</xmin><ymin>219</ymin><xmax>325</xmax><ymax>300</ymax></bndbox></object><object><name>circle</name><pose>Unspecified</pose><truncated>0</truncated><occluded>0</occluded><difficult>0</difficult><bndbox><xmin>292</xmin><ymin>290</ymin><xmax>319</xmax><ymax>321</ymax></bndbox></object><object><name>box</name><pose>Unspecified</pose><truncated>0</truncated><occluded>0</occluded><difficult>0</difficult><bndbox><xmin>398</xmin><ymin>244</ymin><xmax>504</xmax><ymax>364</ymax></bndbox></object><object><name>path</name><pose>Unspecified</pose><truncated>0</truncated><occluded>0</occluded><difficult>0</difficult><bndbox><xmin>140</xmin><ymin>121</ymin><xmax>257</xmax><ymax>254</ymax></bndbox></object></annotation>