<annotation><folder>images</folder><filename>img_298.jpg</filename><size><width>1000</width><height>720</height><depth>3</depth></size><object><name>x</name><pose>Unspecified</pose><truncated>0</truncated><occluded>0</occluded><difficult>0</difficult><bndbox><xmin>313</xmin><ymin>442</ymin><xmax>385</xmax><ymax>543</ymax></bndbox></object><object><name>box</name><pose>Unspecified</pose><truncated>0</truncated><occluded>0</occluded><difficult>0</difficult><bndbox><xmin>677</xmin><ymin>359</ymin><xmax>694</xmax><ymax>373</ymax></bndbox></object><object><name>path</name><pose>Unspecified</pose><truncated>0</truncated><occluded>0</occluded><difficult>0</difficult><bndbox><xmin>683</xmin><ymin>172</ymin><xmax>864</xmax><ymax>366</ymax></bndbox></object><object><name>x</name><pose>Unspecified</pose><truncated>0</truncated><occluded>0</occluded><difficult>0</difficult><bndbox><xmin>293</xmin><ymin>368</ymin><xmax>400</xmax><ymax>549</ymax></bndbox></object><object><name>path</name><pose>Unspecified</pose><truncated>0</truncated><occluded>0</occluded><difficult>0</difficult><bndbox><xmin>170</xmin><ymin>297</ymin><xmax>473</xmax><ymax>1076</ymax></bndbox></object><object><name>path</name><pose>Unspecified</pose><truncated>0</truncated><occluded>0</occluded><difficult>0</difficult><bndbox><xmin>589</xmin><ymin>126</ymin><xmax>814</xmax><ymax>491</ymax></bndbox></object></annotation>