<annotation><folder>images</folder><filename>img_59.jpg</filename><size><width>1000</width><height>720</height><depth>3</depth></size><object><name>x</name><pose>Unspecified</pose><truncated>0</truncated><occluded>0</occluded><difficult>0</difficult><bndbox><xmin>430</xmin><ymin>310</ymin><xmax>492</xmax><ymax>374</ymax></bndbox></object><object><name>x</name><pose>Unspecified</pose><truncated>0</truncated><occluded>0</occluded><difficult>0</difficult><bndbox><xmin>779</xmin><ymin>442</ymin><xmax>801</xmax><ymax>473</ymax></bndbox></object><object><name>tree</name><pose>Unspecified</pose><truncated>0</truncated><occluded>0</occluded><difficult>0</difficult><bndbox><xmin>359</xmin><ymin>247</ymin><xmax>647</xmax><ymax>569</ymax></bndbox></object></annotation>