<annotation><folder>images</folder><filename>img_228.jpg</filename><size><width>1000</width><height>720</height><depth>3</depth></size><object><name>tree</name><pose>Unspecified</pose><truncated>0</truncated><occluded>0</occluded><difficult>0</difficult><bndbox><xmin>496</xmin><ymin>347</ymin><xmax>714</xmax><ymax>576</ymax></bndbox></object><object><name>tree</name><pose>Unspecified</pose><truncated>0</truncated><occluded>0</occluded><difficult>0</difficult><bndbox><xmin>589</xmin><ymin>263</ymin><xmax>860</xmax><ymax>535</ymax></bndbox></object><object><name>x</name><pose>Unspecified</pose><truncated>0</truncated><occluded>0</occluded><difficult>0</difficult><bndbox><xmin>429</xmin><ymin>127</ymin><xmax>599</xmax><ymax>309</ymax></bndbox></object><object><name>x</name><pose>Unspecified</pose><truncated>0</truncated><occluded>0</occluded><difficult>0</difficult><bndbox><xmin>438</xmin><ymin>457</ymin><xmax>504</xmax><ymax>568</ymax></bndbox></object><object><name>box</name><pose>Unspecified</pose><truncated>0</truncated><occluded>0</occluded><difficult>0</difficult><bndbox><xmin>441</xmin><ymin>116</ymin><xmax>571</xmax><ymax>223</ymax></bndbox></object><object><name>box</name><pose>Unspecified</pose><truncated>0</truncated><occluded>0</occluded><difficult>0</difficult><bndbox><xmin>787</xmin><ymin>395</ymin><xmax>843</xmax><ymax>443</ymax></bndbox></object></annotation>