<annotation><folder>images</folder><filename>img_85.jpg</filename><size><width>1000</width><height>720</height><depth>3</depth></size><object><name>x</name><pose>Unspecified</pose><truncated>0</truncated><occluded>0</occluded><difficult>0</difficult><bndbox><xmin>424</xmin><ymin>121</ymin><xmax>473</xmax><ymax>167</ymax></bndbox></object><object><name>circle</name><pose>Unspecified</pose><truncated>0</truncated><occluded>0</occluded><difficult>0</difficult><bndbox><xmin>138</xmin><ymin>422</ymin><xmax>303</xmax><ymax>604</ymax></bndbox></object><object><name>x</name><pose>Unspecified</pose><truncated>0</truncated><occluded>0</occluded><difficult>0</difficult><bndbox><xmin>534</xmin><ymin>365</ymin><xmax>663</xmax><ymax>458</ymax></bndbox></object><object><name>circle</name><pose>Unspecified</pose><truncated>0</truncated><occluded>0</occluded><difficult>0</difficult><bndbox><xmin>782</xmin><ymin>120</ymin><xmax>902</xmax><ymax>250</ymax></bndbox></object></annotation>