<annotation><folder>images</folder><filename>img_58.jpg</filename><size><width>1000</width><height>720</height><depth>3</depth></size><object><name>tree</name><pose>Unspecified</pose><truncated>0</truncated><occluded>0</occluded><difficult>0</difficult><bndbox><xmin>371</xmin><ymin>424</ymin><xmax>454</xmax><ymax>496</ymax></bndbox></object><object><name>circle</name><pose>Unspecified</pose><truncated>0</truncated><occluded>0</occluded><difficult>0</difficult><bndbox><xmin>789</xmin><ymin>159</ymin><xmax>831</xmax><ymax>209</ymax></bndbox></object><object><name>x</name><pose>Unspecified</pose><truncated>0</truncated><occluded>0</occluded><difficult>0</difficult><bndbox><xmin>747</xmin><ymin>476</ymin><xmax>842</xmax><ymax>573</ymax></bndbox></object><object><name>x</name><pose>Unspecified</pose><truncated>0</truncated><occluded>0</occluded><difficult>0</difficult><bndbox><xmin>513</xmin><ymin>451</ymin><xmax>642</xmax><ymax>633</ymax></bndbox></object><object><name>box</name><pose>Unspecified</pose><truncated>0</truncated><occluded>0</occluded><difficult>0</difficult><bndbox><xmin>216</xmin><ymin>338</ymin><xmax>535</xmax><ymax>561</ymax></bndbox></object></annotation>