<annotation><folder>images</folder><filename>img_54.jpg</filename><size><width>1000</width><height>720</height><depth>3</depth></size><object><name>path</name><pose>Unspecified</pose><truncated>0</truncated><occluded>0</occluded><difficult>0</difficult><bndbox><xmin>354</xmin><ymin>168</ymin><xmax>450</xmax><ymax>659</ymax></bndbox></object><object><name>path</name><pose>Unspecified</pose><truncated>0</truncated><occluded>0</occluded><difficult>0</difficult><bndbox><xmin>666</xmin><ymin>104</ymin><xmax>969</xmax><ymax>411</ymax></bndbox></object><object><name>box</name><pose>Unspecified</pose><truncated>0</truncated><occluded>0</occluded><difficult>0</difficult><bndbox><xmin>265</xmin><ymin>184</ymin><xmax>351</xmax><ymax>230</ymax></bndbox></object><object><name>box</name><pose>Unspecified</pose><truncated>0</truncated><occluded>0</occluded><difficult>0</difficult><bndbox><xmin>570</xmin><ymin>225</ymin><xmax>580</xmax><ymax>229</ymax></bndbox></object><object><name>x</name><pose>Unspecified</pose><truncated>0</truncated><occluded>0</occluded><difficult>0</difficult><bndbox><xmin>318</xmin><ymin>248</ymin><xmax>351</xmax><ymax>296</ymax></bndbox></object></annotation>