<annotation><folder>images</folder><filename>img_51.jpg</filename><size><width>1000</width><height>720</height><depth>3</depth></size><object><name>path</name><pose>Unspecified</pose><truncated>0</truncated><occluded>0</occluded><difficult>0</difficult><bndbox><xmin>212</xmin><ymin>448</ymin><xmax>509</xmax><ymax>815</ymax></bndbox></object><object><name>box</name><pose>Unspecified</pose><truncated>0</truncated><occluded>0</occluded><difficult>0</difficult><bndbox><xmin>752</xmin><ymin>345</ymin><xmax>901</xmax><ymax>456</ymax></bndbox></object><object><name>circle</name><pose>Unspecified</pose><truncated>0</truncated><occluded>0</occluded><difficult>0</difficult><bndbox><xmin>411</xmin><ymin>161</ymin><xmax>484</xmax><ymax>248</ymax></bndbox></object></annotation>