<annotation><folder>images</folder><filename>img_49.jpg</filename><size><width>1000</width><height>720</height><depth>3</depth></size><object><name>circle</name><pose>Unspecified</pose><truncated>0</truncated><occluded>0</occluded><difficult>0</difficult><bndbox><xmin>122</xmin><ymin>138</ymin><xmax>349</xmax><ymax>389</ymax></bndbox></object><object><name>path</name><pose>Unspecified</pose><truncated>0</truncated><occluded>0</occluded><difficult>0</difficult><bndbox><xmin>484</xmin><ymin>140</ymin><xmax>824</xmax><ymax>553</ymax></bndbox></object><object><name>x</name><pose>Unspecified</pose><truncated>0</truncated><occluded>0</occluded><difficult>0</difficult><bndbox><xmin>541</xmin><ymin>350</ymin><xmax>562</xmax><ymax>378</ymax></bndbox></object><object><name>x</name><pose>Unspecified</pose><truncated>0</truncated><occluded>0</occluded><difficult>0</difficult><bndbox><xmin>259</xmin><ymin>158</ymin><xmax>471</xmax><ymax>318</ymax></bndbox></object><object><name>tree</name><pose>Unspecified</pose><truncated>0</truncated><occluded>0</occluded><difficult>0</difficult><bndbox><xmin>337</xmin><ymin>315</ymin><xmax>434</xmax><ymax>430</ymax></bndbox></object><object><name>circle</name><pose>Unspecified</pose><truncated>0</truncated><occluded>0</occluded><difficult>0</difficult><bndbox><xmin>466</xmin><ymin>269</ymin><xmax>549</xmax><ymax>370</ymax></bndbox></object></annotation>