<annotation><folder>images</folder><filename>img_67.jpg</filename><size><width>1000</width><height>720</height><depth>3</depth></size><object><name>x</name><pose>Unspecified</pose><truncated>0</truncated><occluded>0</occluded><difficult>0</difficult><bndbox><xmin>166</xmin><ymin>334</ymin><xmax>218</xmax><ymax>377</ymax></bndbox></object><object><name>path</name><pose>Unspecified</pose><truncated>0</truncated><occluded>0</occluded><difficult>0</difficult><bndbox><xmin>326</xmin><ymin>459</ymin><xmax>554</xmax><ymax>1044</ymax></bndbox></object><object><name>tree</name><pose>Unspecified</pose><truncated>0</truncated><occluded>0</occluded><difficult>0</difficult><bndbox><xmin>677</xmin><ymin>223</ymin><xmax>783</xmax><ymax>329</ymax></bndbox></object></annotation>