<annotation><folder>images</folder><filename>img_180.jpg</filename><size><width>1000</width><height>720</height><depth>3</depth></size><object><name>tree</name><pose>Unspecified</pose><truncated>0</truncated><occluded>0</occluded><difficult>0</difficult><bndbox><xmin>671</xmin><ymin>500</ymin><xmax>819</xmax><ymax>651</ymax></bndbox></object><object><name>circle</name><pose>Unspecified</pose><truncated>0</truncated><occluded>0</occluded><difficult>0</difficult><bndbox><xmin>628</xmin><ymin>183</ymin><xmax>792</xmax><ymax>382</ymax></bndbox></object><object><name>path</name><pose>Unspecified</pose><truncated>0</truncated><occluded>0</occluded><difficult>0</difficult><bndbox><xmin>512</xmin><ymin>475</ymin><xmax>951</xmax><ymax>975</ymax></bndbox></object><object><name>path</name><pose>Unspecified</pose><truncated>0</truncated><occluded>0</occluded><difficult>0</difficult><bndbox><xmin>705</xmin><ymin>137</ymin><xmax>1334</xmax><ymax>914</ymax></bndbox></object><object><name>tree</name><pose>Unspecified</pose><truncated>0</truncated><occluded>0</occluded><difficult>0</difficult><bndbox><xmin>646</xmin><ymin>269</ymin><xmax>684</xmax><ymax>307</ymax></bndbox></object><object><name>box</name><pose>Unspecified</pose><truncated>0</truncated><occluded>0</occluded><difficult>0</difficult><bndbox><xmin>468</xmin><ymin>340</ymin><xmax>492</xmax><ymax>359</ymax></bndbox></object></annotation>