<annotation><folder>images</folder><filename>img_110.jpg</filename><size><width>1000</width><height>720</height><depth>3</depth></size><object><name>x</name><pose>Unspecified</pose><truncated>0</truncated><occluded>0</occluded><difficult>0</difficult><bndbox><xmin>519</xmin><ymin>425</ymin><xmax>641</xmax><ymax>540</ymax></bndbox></object><object><name>circle</name><pose>Unspecified</pose><truncated>0</truncated><occluded>0</occluded><difficult>0</difficult><bndbox><xmin>743</xmin><ymin>143</ymin><xmax>834</xmax><ymax>308</ymax></bndbox></object><object><name>tree</name><pose>Unspecified</pose><truncated>0</truncated><occluded>0</occluded><difficult>0</difficult><bndbox><xmin>606</xmin><ymin>183</ymin><xmax>717</xmax><ymax>297</ymax></bndbox></object><object><name>tree</name><pose>Unspecified</pose><truncated>0</truncated><occluded>0</occluded><difficult>0</difficult><bndbox><xmin>412</xmin><ymin>259</ymin><xmax>518</xmax><ymax>377</ymax></bndbox></object></annotation>