<annotation><folder>images</folder><filename>img_288.jpg</filename><size><width>1000</width><height>720</height><depth>3</depth></size><object><name>circle</name><pose>Unspecified</pose><truncated>0</truncated><occluded>0</occluded><difficult>0</difficult><bndbox><xmin>343</xmin><ymin>167</ymin><xmax>466</xmax><ymax>305</ymax></bndbox></object><object><name>tree</name><pose>Unspecified</pose><truncated>0</truncated><occluded>0</occluded><difficult>0</difficult><bndbox><xmin>635</xmin><ymin>220</ymin><xmax>811</xmax><ymax>408</ymax></bndbox></object><object><name>circle</name><pose>Unspecified</pose><truncated>0</truncated><occluded>0</occluded><difficult>0</difficult><bndbox><xmin>537</xmin><ymin>434</ymin><xmax>664</xmax><ymax>663</ymax></bndbox></object><object><name>circle</name><pose>Unspecified</pose><truncated>0</truncated><occluded>0</occluded><difficult>0</difficult><bndbox><xmin>456</xmin><ymin>486</ymin><xmax>582</xmax><ymax>662</ymax></bndbox></object><object><name>path</name><pose>Unspecified</pose><truncated>0</truncated><occluded>0</occluded><difficult>0</difficult><bndbox><xmin>392</xmin><ymin>390</ymin><xmax>464</xmax><ymax>505</ymax></bndbox></object></annotation>