<annotation><folder>images</folder><filename>img_194.jpg</filename><size><width>1000</width><height>720</height><depth>3</depth></size><object><name>tree</name><pose>Unspecified</pose><truncated>0</truncated><occluded>0</occluded><difficult>0</difficult><bndbox><xmin>251</xmin><ymin>206</ymin><xmax>374</xmax><ymax>332</ymax></bndbox></object><object><name>path</name><pose>Unspecified</pose><truncated>0</truncated><occluded>0</occluded><difficult>0</difficult><bndbox><xmin>249</xmin><ymin>134</ymin><xmax>335</xmax><ymax>419</ymax></bndbox></object><object><name>circle</name><pose>Unspecified</pose><truncated>0</truncated><occluded>0</occluded><difficult>0</difficult><bndbox><xmin>152</xmin><ymin>177</ymin><xmax>251</xmax><ymax>354</ymax></bndbox></object><object><name>circle</name><pose>Unspecified</pose><truncated>0</truncated><occluded>0</occluded><difficult>0</difficult><bndbox><xmin>287</xmin><ymin>361</ymin><xmax>516</xmax><ymax>615</ymax></bndbox></object><object><name>circle</name><pose>Unspecified</pose><truncated>0</truncated><occluded>0</occluded><difficult>0</difficult><bndbox><xmin>117</xmin><ymin>132</ymin><xmax>195</xmax><ymax>218</ymax></bndbox></object><object><name>box</name><pose>Unspecified</pose><truncated>0</truncated><occluded>0</occluded><difficult>0</difficult><bndbox><xmin>735</xmin><ymin>223</ymin><xmax>980</xmax><ymax>459</ymax></bndbox></object></annotation>