<annotation><folder>images</folder><filename>img_156.jpg</filename><size><width>1000</width><height>720</height><depth>3</depth></size><object><name>tree</name><pose>Unspecified</pose><truncated>0</truncated><occluded>0</occluded><difficult>0</difficult><bndbox><xmin>424</xmin><ymin>123</ymin><xmax>659</xmax><ymax>356</ymax></bndbox></object><object><name>circle</name><pose>Unspecified</pose><truncated>0</truncated><occluded>0</occluded><difficult>0</difficult><bndbox><xmin>791</xmin><ymin>428</ymin><xmax>842</xmax><ymax>486</ymax></bndbox></object><object><name>box</name><pose>Unspecified</pose><truncated>0</truncated><occluded>0</occluded><difficult>0</difficult><bndbox><xmin>242</xmin><ymin>496</ymin><xmax>347</xmax><ymax>624</ymax></bndbox></object></annotation>