<annotation><folder>images</folder><filename>img_92.jpg</filename><size><width>1000</width><height>720</height><depth>3</depth></size><object><name>path</name><pose>Unspecified</pose><truncated>0</truncated><occluded>0</occluded><difficult>0</difficult><bndbox><xmin>565</xmin><ymin>505</ymin><xmax>767</xmax><ymax>926</ymax></bndbox></object><object><name>x</name><pose>Unspecified</pose><truncated>0</truncated><occluded>0</occluded><difficult>0</difficult><bndbox><xmin>568</xmin><ymin>330</ymin><xmax>697</xmax><ymax>451</ymax></bndbox></object><object><name>box</name><pose>Unspecified</pose><truncated>0</truncated><occluded>0</occluded><difficult>0</difficult><bndbox><xmin>720</xmin><ymin>377</ymin><xmax>726</xmax><ymax>455</ymax></bndbox></object><object><name>x</name><pose>Unspecified</pose><truncated>0</truncated><occluded>0</occluded><difficult>0</difficult><bndbox><xmin>655</xmin><ymin>453</ymin><xmax>721</xmax><ymax>529</ymax></bndbox></object></annotation>