<annotation><folder>images</folder><filename>img_11.jpg</filename><size><width>1000</width><height>720</height><depth>3</depth></size><object><name>box</name><pose>Unspecified</pose><truncated>0</truncated><occluded>0</occluded><difficult>0</difficult><bndbox><xmin>330</xmin><ymin>434</ymin><xmax>336</xmax><ymax>497</ymax></bndbox></object><object><name>box</name><pose>Unspecified</pose><truncated>0</truncated><occluded>0</occluded><difficult>0</difficult><bndbox><xmin>273</xmin><ymin>520</ymin><xmax>365</xmax><ymax>624</ymax></bndbox></object><object><name>tree</name><pose>Unspecified</pose><truncated>0</truncated><occluded>0</occluded><difficult>0</difficult><bndbox><xmin>361</xmin><ymin>459</ymin><xmax>460</xmax><ymax>559</ymax></bndbox></object></annotation>