<annotation><folder>images</folder><filename>img_204.jpg</filename><size><width>1000</width><height>720</height><depth>3</depth></size><object><name>x</name><pose>Unspecified</pose><truncated>0</truncated><occluded>0</occluded><difficult>0</difficult><bndbox><xmin>140</xmin><ymin>395</ymin><xmax>215</xmax><ymax>515</ymax></bndbox></object><object><name>circle</name><pose>Unspecified</pose><truncated>0</truncated><occluded>0</occluded><difficult>0</difficult><bndbox><xmin>457</xmin><ymin>206</ymin><xmax>657</xmax><ymax>423</ymax></bndbox></object><object><name>path</name><pose>Unspecified</pose><truncated>0</truncated><occluded>0</occluded><difficult>0</difficult><bndbox><xmin>391</xmin><ymin>486</ymin><xmax>562</xmax><ymax>765</ymax></bndbox></object></annotation>