<annotation><folder>images</folder><filename>img_12.jpg</filename><size><width>1000</width><height>720</height><depth>3</depth></size><object><name>x</name><pose>Unspecified</pose><truncated>0</truncated><occluded>0</occluded><difficult>0</difficult><bndbox><xmin>742</xmin><ymin>495</ymin><xmax>781</xmax><ymax>551</ymax></bndbox></object><object><name>circle</name><pose>Unspecified</pose><truncated>0</truncated><occluded>0</occluded><difficult>0</difficult><bndbox><xmin>376</xmin><ymin>516</ymin><xmax>480</xmax><ymax>704</ymax></bndbox></object><object><name>tree</name><pose>Unspecified</pose><truncated>0</truncated><occluded>0</occluded><difficult>0</difficult><bndbox><xmin>672</xmin><ymin>206</ymin><xmax>751</xmax><ymax>294</ymax></bndbox></object><object><name>path</name><pose>Unspecified</pose><truncated>0</truncated><occluded>0</occluded><difficult>0</difficult><bndbox><xmin>671</xmin><ymin>418</ymin><xmax>945</xmax><ymax>944</ymax></bndbox></object><object><name>path</name><pose>Unspecified</pose><truncated>0</truncated><occluded>0</occluded><difficult>0</difficult><bndbox><xmin>535</xmin><ymin>500</ymin><xmax>1070</xmax><ymax>1044</ymax></bndbox></object></annotation>