<annotation><folder>images</folder><filename>img_113.jpg</filename><size><width>1000</width><height>720</height><depth>3</depth></size><object><name>tree</name><pose>Unspecified</pose><truncated>0</truncated><occluded>0</occluded><difficult>0</difficult><bndbox><xmin>162</xmin><ymin>170</ymin><xmax>371</xmax><ymax>356</ymax></bndbox></object><object><name>tree</name><pose>Unspecified</pose><truncated>0</truncated><occluded>0</occluded><difficult>0</difficult><bndbox><xmin>124</xmin><ymin>493</ymin><xmax>327</xmax><ymax>699</ymax></bndbox></object><object><name>circle</name><pose>Unspecified</pose><truncated>0</truncated><occluded>0</occluded><difficult>0</difficult><bndbox><xmin>733</xmin><ymin>131</ymin><xmax>856</xmax><ymax>275</ymax></bndbox></object><object><name>circle</name><pose>Unspecified</pose><truncated>0</truncated><occluded>0</occluded><difficult>0</difficult><bndbox><xmin>137</xmin><ymin>464</ymin><xmax>263</xmax><ymax>623</ymax></bndbox></object></annotation>