<annotation><folder>images</folder><filename>img_235.jpg</filename><size><width>1000</width><height>720</height><depth>3</depth></size><object><name>x</name><pose>Unspecified</pose><truncated>0</truncated><occluded>0</occluded><difficult>0</difficult><bndbox><xmin>173</xmin><ymin>448</ymin><xmax>185</xmax><ymax>463</ymax></bndbox></object><object><name>tree</name><pose>Unspecified</pose><truncated>0</truncated><occluded>0</occluded><difficult>0</difficult><bndbox><xmin>349</xmin><ymin>463</ymin><xmax>536</xmax><ymax>645</ymax></bndbox></object><object><name>tree</name><pose>Unspecified</pose><truncated>0</truncated><occluded>0</occluded><difficult>0</difficult><bndbox><xmin>141</xmin><ymin>118</ymin><xmax>265</xmax><ymax>237</ymax></bndbox></object><object><name>x</name><pose>Unspecified</pose><truncated>0</truncated><occluded>0</occluded><difficult>0</difficult><bndbox><xmin>396</xmin><ymin>434</ymin><xmax>436</xmax><ymax>478</ymax></bndbox></object></annotation>