<annotation><folder>images</folder><filename>img_209.jpg</filename><size><width>1000</width><height>720</height><depth>3</depth></size><object><name>box</name><pose>Unspecified</pose><truncated>0</truncated><occluded>0</occluded><difficult>0</difficult><bndbox><xmin>213</xmin><ymin>255</ymin><xmax>220</xmax><ymax>328</ymax></bndbox></object><object><name>tree</name><pose>Unspecified</pose><truncated>0</truncated><occluded>0</occluded><difficult>0</difficult><bndbox><xmin>734</xmin><ymin>249</ymin><xmax>826</xmax><ymax>340</ymax></bndbox></object><object><name>circle</name><pose>Unspecified</pose><truncated>0</truncated><occluded>0</occluded><difficult>0</difficult><bndbox><xmin>667</xmin><ymin>170</ymin><xmax>763</xmax><ymax>275</ymax></bndbox></object><object><name>box</name><pose>Unspecified</pose><truncated>0</truncated><occluded>0</occluded><difficult>0</difficult><bndbox><xmin>138</xmin><ymin>264</ymin><xmax>173</xmax><ymax>291</ymax></bndbox></object><object><name>path</name><pose>Unspecified</pose><truncated>0</truncated><occluded>0</occluded><difficult>0</difficult><bndbox><xmin>397</xmin><ymin>481</ymin><xmax>633</xmax><ymax>866</ymax></bndbox></object><object><name>path</name><pose>Unspecified</pose><truncated>0</truncated><occluded>0</occluded><difficult>0</difficult><bndbox><xmin>138</xmin><ymin>223</ymin><xmax>195</xmax><ymax>365</ymax></bndbox></object></annotation>