<annotation><folder>images</folder><filename>img_72.jpg</filename><size><width>1000</width><height>720</height><depth>3</depth></size><object><name>circle</name><pose>Unspecified</pose><truncated>0</truncated><occluded>0</occluded><difficult>0</difficult><bndbox><xmin>248</xmin><ymin>407</ymin><xmax>358</xmax><ymax>606</ymax></bndbox></object><object><name>tree</name><pose>Unspecified</pose><truncated>0</truncated><occluded>0</occluded><difficult>0</difficult><bndbox><xmin>671</xmin><ymin>299</ymin><xmax>771</xmax><ymax>416</ymax></bndbox></object><object><name>path</name><pose>Unspecified</pose><truncated>0</truncated><occluded>0</occluded><difficult>0</difficult><bndbox><xmin>529</xmin><ymin>446</ymin><xmax>691</xmax><ymax>630</ymax></bndbox></object><object><name>circle</name><pose>Unspecified</pose><truncated>0</truncated><occluded>0</occluded><difficult>0</difficult><bndbox><xmin>632</xmin><ymin>282</ymin><xmax>658</xmax><ymax>315</ymax></bndbox></object><object><name>x</name><pose>Unspecified</pose><truncated>0</truncated><occluded>0</occluded><difficult>0</difficult><bndbox><xmin>195</xmin><ymin>390</ymin><xmax>256</xmax><ymax>479</ymax></bndbox></object><object><name>path</name><pose>Unspecified</pose><truncated>0</truncated><occluded>0</occluded><difficult>0</difficult><bndbox><xmin>158</xmin><ymin>394</ymin><xmax>227</xmax><ymax>597</ymax></bndbox></object></annotation>