<annotation><folder>images</folder><filename>img_299.jpg</filename><size><width>1000</width><height>720</height><depth>3</depth></size><object><name>circle</name><pose>Unspecified</pose><truncated>0</truncated><occluded>0</occluded><difficult>0</difficult><bndbox><xmin>354</xmin><ymin>264</ymin><xmax>623</xmax><ymax>532</ymax></bndbox></object><object><name>path</name><pose>Unspecified</pose><truncated>0</truncated><occluded>0</occluded><difficult>0</difficult><bndbox><xmin>760</xmin><ymin>340</ymin><xmax>1040</xmax><ymax>680</ymax></bndbox></object><object><name>tree</name><pose>Unspecified</pose><truncated>0</truncated><occluded>0</occluded><difficult>0</difficult><bndbox><xmin>347</xmin><ymin>105</ymin><xmax>528</xmax><ymax>290</ymax></bndbox></object></annotation>