<annotation><folder>images</folder><filename>img_217.jpg</filename><size><width>1000</width><height>720</height><depth>3</depth></size><object><name>path</name><pose>Unspecified</pose><truncated>0</truncated><occluded>0</occluded><difficult>0</difficult><bndbox><xmin>676</xmin><ymin>144</ymin><xmax>821</xmax><ymax>632</ymax></bndbox></object><object><name>x</name><pose>Unspecified</pose><truncated>0</truncated><occluded>0</occluded><difficult>0</difficult><bndbox><xmin>283</xmin><ymin>519</ymin><xmax>326</xmax><ymax>583</ymax></bndbox></object><object><name>path</name><pose>Unspecified</pose><truncated>0</truncated><occluded>0</occluded><difficult>0</difficult><bndbox><xmin>219</xmin><ymin>512</ymin><xmax>329</xmax><ymax>1076</ymax></bndbox></object></annotation>