<annotation><folder>images</folder><filename>img_104.jpg</filename><size><width>1000</width><height>720</height><depth>3</depth></size><object><name>x</name><pose>Unspecified</pose><truncated>0</truncated><occluded>0</occluded><difficult>0</difficult><bndbox><xmin>579</xmin><ymin>339</ymin><xmax>636</xmax><ymax>405</ymax></bndbox></object><object><name>circle</name><pose>Unspecified</pose><truncated>0</truncated><occluded>0</occluded><difficult>0</difficult><bndbox><xmin>723</xmin><ymin>239</ymin><xmax>838</xmax><ymax>370</ymax></bndbox></object><object><name>circle</name><pose>Unspecified</pose><truncated>0</truncated><occluded>0</occluded><difficult>0</difficult><bndbox><xmin>257</xmin><ymin>257</ymin><xmax>444</xmax><ymax>465</ymax></bndbox></object><object><name>tree</name><pose>Unspecified</pose><truncated>0</truncated><occluded>0</occluded><difficult>0</difficult><bndbox><xmin>604</xmin><ymin>326</ymin><xmax>853</xmax><ymax>604</ymax></bndbox></object><object><name>box</name><pose>Unspecified</pose><truncated>0</truncated><occluded>0</occluded><difficult>0</difficult><bndbox><xmin>735</xmin><ymin>406</ymin><xmax>1104</xmax><ymax>597</ymax></bndbox></object></annotation>