<annotation><folder>images</folder><filename>img_189.jpg</filename><size><width>1000</width><height>720</height><depth>3</depth></size><object><name>circle</name><pose>Unspecified</pose><truncated>0</truncated><occluded>0</occluded><difficult>0</difficult><bndbox><xmin>298</xmin><ymin>380</ymin><xmax>416</xmax><ymax>529</ymax></bndbox></object><object><name>x</name><pose>Unspecified</pose><truncated>0</truncated><occluded>0</occluded><difficult>0</difficult><bndbox><xmin>106</xmin><ymin>382</ymin><xmax>151</xmax><ymax>450</ymax></bndbox></object><object><name>path</name><pose>Unspecified</pose><truncated>0</truncated><occluded>0</occluded><difficult>0</difficult><bndbox><xmin>465</xmin><ymin>385</ymin><xmax>511</xmax><ymax>537</ymax></bndbox></object><object><name>path</name><pose>Unspecified</pose><truncated>0</truncated><occluded>0</occluded><difficult>0</difficult><bndbox><xmin>616</xmin><ymin>353</ymin><xmax>791</xmax><ymax>540</ymax></bndbox></object><object><name>path</name><pose>Unspecified</pose><truncated>0</truncated><occluded>0</occluded><difficult>0</difficult><bndbox><xmin>496</xmin><ymin>240</ymin><xmax>755</xmax><ymax>905</ymax></bndbox></object></annotation>