<annotation><folder>images</folder><filename>img_64.jpg</filename><size><width>1000</width><height>720</height><depth>3</depth></size><object><name>box</name><pose>Unspecified</pose><truncated>0</truncated><occluded>0</occluded><difficult>0</difficult><bndbox><xmin>703</xmin><ymin>227</ymin><xmax>732</xmax><ymax>262</ymax></bndbox></object><object><name>path</name><pose>Unspecified</pose><truncated>0</truncated><occluded>0</occluded><difficult>0</difficult><bndbox><xmin>767</xmin><ymin>464</ymin><xmax>825</xmax><ymax>582</ymax></bndbox></object><object><name>path</name><pose>Unspecified</pose><truncated>0</truncated><occluded>0</occluded><difficult>0</difficult><bndbox><xmin>494</xmin><ymin>225</ymin><xmax>890</xmax><ymax>474</ymax></bndbox></object></annotation>