<annotation><folder>images</folder><filename>img_185.jpg</filename><size><width>1000</width><height>720</height><depth>3</depth></size><object><name>tree</name><pose>Unspecified</pose><truncated>0</truncated><occluded>0</occluded><difficult>0</difficult><bndbox><xmin>577</xmin><ymin>434</ymin><xmax>770</xmax><ymax>657</ymax></bndbox></object><object><name>x</name><pose>Unspecified</pose><truncated>0</truncated><occluded>0</occluded><difficult>0</difficult><bndbox><xmin>530</xmin><ymin>500</ymin><xmax>570</xmax><ymax>533</ymax></bndbox></object><object><name>box</name><pose>Unspecified</pose><truncated>0</truncated><occluded>0</occluded><difficult>0</difficult><bndbox><xmin>743</xmin><ymin>407</ymin><xmax>855</xmax><ymax>554</ymax></bndbox></object><object><name>path</name><pose>Unspecified</pose><truncated>0</truncated><occluded>0</occluded><difficult>0</difficult><bndbox><xmin>698</xmin><ymin>281</ymin><xmax>913</xmax><ymax>834</ymax></bndbox></object></annotation>