<annotation><folder>images</folder><filename>img_116.jpg</filename><size><width>1000</width><height>720</height><depth>3</depth></size><object><name>x</name><pose>Unspecified</pose><truncated>0</truncated><occluded>0</occluded><difficult>0</difficult><bndbox><xmin>263</xmin><ymin>188</ymin><xmax>284</xmax><ymax>210</ymax></bndbox></object><object><name>x</name><pose>Unspecified</pose><truncated>0</truncated><occluded>0</occluded><difficult>0</difficult><bndbox><xmin>572</xmin><ymin>278</ymin><xmax>671</xmax><ymax>393</ymax></bndbox></object><object><name>tree</name><pose>Unspecified</pose><truncated>0</truncated><occluded>0</occluded><difficult>0</difficult><bndbox><xmin>165</xmin><ymin>305</ymin><xmax>356</xmax><ymax>546</ymax></bndbox></object><object><name>box</name><pose>Unspecified</pose><truncated>0</truncated><occluded>0</occluded><difficult>0</difficult><bndbox><xmin>629</xmin><ymin>136</ymin><xmax>780</xmax><ymax>335</ymax></bndbox></object></annotation>