<annotation><folder>images</folder><filename>img_149.jpg</filename><size><width>1000</width><height>720</height><depth>3</depth></size><object><name>circle</name><pose>Unspecified</pose><truncated>0</truncated><occluded>0</occluded><difficult>0</difficult><bndbox><xmin>673</xmin><ymin>410</ymin><xmax>781</xmax><ymax>531</ymax></bndbox></object><object><name>box</name><pose>Unspecified</pose><truncated>0</truncated><occluded>0</occluded><difficult>0</difficult><bndbox><xmin>611</xmin><ymin>227</ymin><xmax>737</xmax><ymax>460</ymax></bndbox></object><object><name>circle</name><pose>Unspecified</pose><truncated>0</truncated><occluded>0</occluded><difficult>0</difficult><bndbox><xmin>684</xmin><ymin>394</ymin><xmax>719</xmax><ymax>437</ymax></bndbox></object><object><name>path</name><pose>Unspecified</pose><truncated>0</truncated><occluded>0</occluded><difficult>0</difficult><bndbox><xmin>461</xmin><ymin>209</ymin><xmax>582</xmax><ymax>830</ymax></bndbox></object></annotation>