<annotation><folder>images</folder><filename>img_225.jpg</filename><size><width>1000</width><height>720</height><depth>3</depth></size><object><name>tree</name><pose>Unspecified</pose><truncated>0</truncated><occluded>0</occluded><difficult>0</difficult><bndbox><xmin>735</xmin><ymin>444</ymin><xmax>821</xmax><ymax>544</ymax></bndbox></object><object><name>tree</name><pose>Unspecified</pose><truncated>0</truncated><occluded>0</occluded><difficult>0</difficult><bndbox><xmin>172</xmin><ymin>230</ymin><xmax>373</xmax><ymax>450</ymax></bndbox></object><object><name>circle</name><pose>Unspecified</pose><truncated>0</truncated><occluded>0</occluded><difficult>0</difficult><bndbox><xmin>147</xmin><ymin>219</ymin><xmax>273</xmax><ymax>356</ymax></bndbox></object><object><name>tree</name><pose>Unspecified</pose><truncated>0</truncated><occluded>0</occluded><difficult>0</difficult><bndbox><xmin>623</xmin><ymin>131</ymin><xmax>795</xmax><ymax>307</ymax></bndbox></object><object><name>path</name><pose>Unspecified</pose><truncated>0</truncated><occluded>0</occluded><difficult>0</difficult><bndbox><xmin>282</xmin><ymin>415</ymin><xmax>382</xmax><ymax>712</ymax></bndbox></object></annotation>