<annotation><folder>images</folder><filename>img_238.jpg</filename><size><width>1000</width><height>720</height><depth>3</depth></size><object><name>path</name><pose>Unspecified</pose><truncated>0</truncated><occluded>0</occluded><difficult>0</difficult><bndbox><xmin>581</xmin><ymin>243</ymin><xmax>664</xmax><ymax>332</ymax></bndbox></object><object><name>tree</name><pose>Unspecified</pose><truncated>0</truncated><occluded>0</occluded><difficult>0</difficult><bndbox><xmin>428</xmin><ymin>499</ymin><xmax>555</xmax><ymax>642</ymax></bndbox></object><object><name>circle</name><pose>Unspecified</pose><truncated>0</truncated><occluded>0</occluded><difficult>0</difficult><bndbox><xmin>138</xmin><ymin>379</ymin><xmax>276</xmax><ymax>571</ymax></bndbox></object></annotation>