<annotation><folder>images</folder><filename>img_162.jpg</filename><size><width>1000</width><height>720</height><depth>3</depth></size><object><name>circle</name><pose>Unspecified</pose><truncated>0</truncated><occluded>0</occluded><difficult>0</difficult><bndbox><xmin>672</xmin><ymin>113</ymin><xmax>785</xmax><ymax>249</ymax></bndbox></object><object><name>tree</name><pose>Unspecified</pose><truncated>0</truncated><occluded>0</occluded><difficult>0</difficult><bndbox><xmin>360</xmin><ymin>277</ymin><xmax>584</xmax><ymax>560</ymax></bndbox></object><object><name>tree</name><pose>Unspecified</pose><truncated>0</truncated><occluded>0</occluded><difficult>0</difficult><bndbox><xmin>552</xmin><ymin>494</ymin><xmax>811</xmax><ymax>748</ymax></bndbox></object></annotation>