<annotation><folder>images</folder><filename>img_154.jpg</filename><size><width>1000</width><height>720</height><depth>3</depth></size><object><name>x</name><pose>Unspecified</pose><truncated>0</truncated><occluded>0</occluded><difficult>0</difficult><bndbox><xmin>528</xmin><ymin>500</ymin><xmax>584</xmax><ymax>582</ymax></bndbox></object><object><name>path</name><pose>Unspecified</pose><truncated>0</truncated><occluded>0</occluded><difficult>0</difficult><bndbox><xmin>544</xmin><ymin>265</ymin><xmax>628</xmax><ymax>696</ymax></bndbox></object><object><name>circle</name><pose>Unspecified</pose><truncated>0</truncated><occluded>0</occluded><difficult>0</difficult><bndbox><xmin>521</xmin><ymin>236</ymin><xmax>670</xmax><ymax>432</ymax></bndbox></object><object><name>circle</name><pose>Unspecified</pose><truncated>0</truncated><occluded>0</occluded><difficult>0</difficult><bndbox><xmin>701</xmin><ymin>275</ymin><xmax>884</xmax><ymax>477</ymax></bndbox></object><object><name>path</name><pose>Unspecified</pose><truncated>0</truncated><occluded>0</occluded><difficult>0</difficult><bndbox><xmin>192</xmin><ymin>395</ymin><xmax>297</xmax><ymax>513</ymax></bndbox></object><object><name>circle</name><pose>Unspecified</pose><truncated>0</truncated><occluded>0</occluded><difficult>0</difficult><bndbox><xmin>278</xmin><ymin>266</ymin><xmax>436</xmax><ymax>412</ymax></bndbox></object></annotation>