<annotation><folder>images</folder><filename>img_79.jpg</filename><size><width>1000</width><height>720</height><depth>3</depth></size><object><name>circle</name><pose>Unspecified</pose><truncated>0</truncated><occluded>0</occluded><difficult>0</difficult><bndbox><xmin>190</xmin><ymin>417</ymin><xmax>291</xmax><ymax>528</ymax></bndbox></object><object><name>circle</name><pose>Unspecified</pose><truncated>0</truncated><occluded>0</occluded><difficult>0</difficult><bndbox><xmin>770</xmin><ymin>407</ymin><xmax>847</xmax><ymax>483</ymax></bndbox></object><object><name>tree</name><pose>Unspecified</pose><truncated>0</truncated><occluded>0</occluded><difficult>0</difficult><bndbox><xmin>589</xmin><ymin>294</ymin><xmax>785</xmax><ymax>542</ymax></bndbox></object><object><name>x</name><pose>Unspecified</pose><truncated>0</truncated><occluded>0</occluded><difficult>0</difficult><bndbox><xmin>288</xmin><ymin>499</ymin><xmax>319</xmax><ymax>542</ymax></bndbox></object><object><name>circle</name><pose>Unspecified</pose><truncated>0</truncated><occluded>0</occluded><difficult>0</difficult><bndbox><xmin>706</xmin><ymin>173</ymin><xmax>773</xmax><ymax>250</ymax></bndbox></object></annotation>