<annotation><folder>images</folder><filename>img_87.jpg</filename><size><width>1000</width><height>720</height><depth>3</depth></size><object><name>tree</name><pose>Unspecified</pose><truncated>0</truncated><occluded>0</occluded><difficult>0</difficult><bndbox><xmin>442</xmin><ymin>238</ymin><xmax>608</xmax><ymax>402</ymax></bndbox></object><object><name>box</name><pose>Unspecified</pose><truncated>0</truncated><occluded>0</occluded><difficult>0</difficult><bndbox><xmin>531</xmin><ymin>429</ymin><xmax>689</xmax><ymax>510</ymax></bndbox></object><object><name>circle</name><pose>Unspecified</pose><truncated>0</truncated><occluded>0</occluded><difficult>0</difficult><bndbox><xmin>202</xmin><ymin>480</ymin><xmax>382</xmax><ymax>672</ymax></bndbox></object></annotation>