<annotation><folder>images</folder><filename>img_7.jpg</filename><size><width>1000</width><height>720</height><depth>3</depth></size><object><name>path</name><pose>Unspecified</pose><truncated>0</truncated><occluded>0</occluded><difficult>0</difficult><bndbox><xmin>556</xmin><ymin>105</ymin><xmax>841</xmax><ymax>568</ymax></bndbox></object><object><name>tree</name><pose>Unspecified</pose><truncated>0</truncated><occluded>0</occluded><difficult>0</difficult><bndbox><xmin>741</xmin><ymin>398</ymin><xmax>999</xmax><ymax>620</ymax></bndbox></object><object><name>x</name><pose>Unspecified</pose><truncated>0</truncated><occluded>0</occluded><difficult>0</difficult><bndbox><xmin>714</xmin><ymin>473</ymin><xmax>930</xmax><ymax>770</ymax></bndbox></object><object><name>x</name><pose>Unspecified</pose><truncated>0</truncated><occluded>0</occluded><difficult>0</difficult><bndbox><xmin>209</xmin><ymin>114</ymin><xmax>337</xmax><ymax>252</ymax></bndbox></object></annotation>