<annotation><folder>images</folder><filename>img_167.jpg</filename><size><width>1000</width><height>720</height><depth>3</depth></size><object><name>circle</name><pose>Unspecified</pose><truncated>0</truncated><occluded>0</occluded><difficult>0</difficult><bndbox><xmin>792</xmin><ymin>215</ymin><xmax>869</xmax><ymax>353</ymax></bndbox></object><object><name>box</name><pose>Unspecified</pose><truncated>0</truncated><occluded>0</occluded><difficult>0</difficult><bndbox><xmin>423</xmin><ymin>417</ymin><xmax>504</xmax><ymax>522</ymax></bndbox></object><object><name>tree</name><pose>Unspecified</pose><truncated>0</truncated><occluded>0</occluded><difficult>0</difficult><bndbox><xmin>176</xmin><ymin>232</ymin><xmax>272</xmax><ymax>338</ymax></bndbox></object></annotation>