<annotation><folder>images</folder><filename>img_210.jpg</filename><size><width>1000</width><height>720</height><depth>3</depth></size><object><name>circle</name><pose>Unspecified</pose><truncated>0</truncated><occluded>0</occluded><difficult>0</difficult><bndbox><xmin>109</xmin><ymin>382</ymin><xmax>186</xmax><ymax>468</ymax></bndbox></object><object><name>box</name><pose>Unspecified</pose><truncated>0</truncated><occluded>0</occluded><difficult>0</difficult><bndbox><xmin>241</xmin><ymin>255</ymin><xmax>380</xmax><ymax>327</ymax></bndbox></object><object><name>path</name><pose>Unspecified</pose><truncated>0</truncated><occluded>0</occluded><difficult>0</difficult><bndbox><xmin>418</xmin><ymin>174</ymin><xmax>560</xmax><ymax>405</ymax></bndbox></object></annotation>