<annotation><folder>images</folder><filename>img_50.jpg</filename><size><width>1000</width><height>720</height><depth>3</depth></size><object><name>x</name><pose>Unspecified</pose><truncated>0</truncated><occluded>0</occluded><difficult>0</difficult><bndbox><xmin>423</xmin><ymin>365</ymin><xmax>498</xmax><ymax>437</ymax></bndbox></object><object><name>box</name><pose>Unspecified</pose><truncated>0</truncated><occluded>0</occluded><difficult>0</difficult><bndbox><xmin>439</xmin><ymin>296</ymin><xmax>482</xmax><ymax>373</ymax></bndbox></object><object><name>tree</name><pose>Unspecified</pose><truncated>0</truncated><occluded>0</occluded><difficult>0</difficult><bndbox><xmin>322</xmin><ymin>507</ymin><xmax>473</xmax><ymax>658</ymax></bndbox></object><object><name>x</name><pose>Unspecified</pose><truncated>0</truncated><occluded>0</occluded><difficult>0</difficult><bndbox><xmin>692</xmin><ymin>369</ymin><xmax>757</xmax><ymax>416</ymax></bndbox></object></annotation>