<annotation><folder>images</folder><filename>img_90.jpg</filename><size><width>1000</width><height>720</height><depth>3</depth></size><object><name>circle</name><pose>Unspecified</pose><truncated>0</truncated><occluded>0</occluded><difficult>0</difficult><bndbox><xmin>372</xmin><ymin>102</ymin><xmax>407</xmax><ymax>142</ymax></bndbox></object><object><name>tree</name><pose>Unspecified</pose><truncated>0</truncated><occluded>0</occluded><difficult>0</difficult><bndbox><xmin>506</xmin><ymin>519</ymin><xmax>619</xmax><ymax>661</ymax></bndbox></object><object><name>box</name><pose>Unspecified</pose><truncated>0</truncated><occluded>0</occluded><difficult>0</difficult><bndbox><xmin>224</xmin><ymin>126</ymin><xmax>324</xmax><ymax>203</ymax></bndbox></object><object><name>tree</name><pose>Unspecified</pose><truncated>0</truncated><occluded>0</occluded><difficult>0</difficult><bndbox><xmin>335</xmin><ymin>226</ymin><xmax>402</xmax><ymax>293</ymax></bndbox></object><object><name>x</name><pose>Unspecified</pose><truncated>0</truncated><occluded>0</occluded><difficult>0</difficult><bndbox><xmin>314</xmin><ymin>268</ymin><xmax>408</xmax><ymax>349</ymax></bndbox></object></annotation>