<annotation><folder>images</folder><filename>img_2.jpg</filename><size><width>1000</width><height>720</height><depth>3</depth></size><object><name>tree</name><pose>Unspecified</pose><truncated>0</truncated><occluded>0</occluded><difficult>0</difficult><bndbox><xmin>634</xmin><ymin>125</ymin><xmax>723</xmax><ymax>216</ymax></bndbox></object><object><name>x</name><pose>Unspecified</pose><truncated>0</truncated><occluded>0</occluded><difficult>0</difficult><bndbox><xmin>777</xmin><ymin>190</ymin><xmax>853</xmax><ymax>298</ymax></bndbox></object><object><name>circle</name><pose>Unspecified</pose><truncated>0</truncated><occluded>0</occluded><difficult>0</difficult><bndbox><xmin>124</xmin><ymin>301</ymin><xmax>196</xmax><ymax>380</ymax></bndbox></object><object><name>path</name><pose>Unspecified</pose><truncated>0</truncated><occluded>0</occluded><difficult>0</difficult><bndbox><xmin>147</xmin><ymin>185</ymin><xmax>223</xmax><ymax>409</ymax></bndbox></object><object><name>tree</name><pose>Unspecified</pose><truncated>0</truncated><occluded>0</occluded><difficult>0</difficult><bndbox><xmin>794</xmin><ymin>413</ymin><xmax>977</xmax><ymax>597</ymax></bndbox></object><object><name>x</name><pose>Unspecified</pose><truncated>0</truncated><occluded>0</occluded><difficult>0</difficult><bndbox><xmin>700</xmin><ymin>109</ymin><xmax>756</xmax><ymax>191</ymax></bndbox></object></annotation>