<annotation><folder>images</folder><filename>img_75.jpg</filename><size><width>1000</width><height>720</height><depth>3</depth></size><object><name>x</name><pose>Unspecified</pose><truncated>0</truncated><occluded>0</occluded><difficult>0</difficult><bndbox><xmin>109</xmin><ymin>353</ymin><xmax>136</xmax><ymax>380</ymax></bndbox></object><object><name>circle</name><pose>Unspecified</pose><truncated>0</truncated><occluded>0</occluded><difficult>0</difficult><bndbox><xmin>317</xmin><ymin>464</ymin><xmax>388</xmax><ymax>547</ymax></bndbox></object><object><name>x</name><pose>Unspecified</pose><truncated>0</truncated><occluded>0</occluded><difficult>0</difficult><bndbox><xmin>178</xmin><ymin>116</ymin><xmax>267</xmax><ymax>180</ymax></bndbox></object><object><name>x</name><pose>Unspecified</pose><truncated>0</truncated><occluded>0</occluded><difficult>0</difficult><bndbox><xmin>285</xmin><ymin>331</ymin><xmax>407</xmax><ymax>435</ymax></bndbox></object></annotation>