<annotation><folder>images</folder><filename>img_267.jpg</filename><size><width>1000</width><height>720</height><depth>3</depth></size><object><name>x</name><pose>Unspecified</pose><truncated>0</truncated><occluded>0</occluded><difficult>0</difficult><bndbox><xmin>770</xmin><ymin>519</ymin><xmax>1012</xmax><ymax>703</ymax></bndbox></object><object><name>circle</name><pose>Unspecified</pose><truncated>0</truncated><occluded>0</occluded><difficult>0</difficult><bndbox><xmin>124</xmin><ymin>147</ymin><xmax>229</xmax><ymax>292</ymax></bndbox></object><object><name>tree</name><pose>Unspecified</pose><truncated>0</truncated><occluded>0</occluded><difficult>0</difficult><bndbox><xmin>726</xmin><ymin>458</ymin><xmax>934</xmax><ymax>701</ymax></bndbox></object><object><name>tree</name><pose>Unspecified</pose><truncated>0</truncated><occluded>0</occluded><difficult>0</difficult><bndbox><xmin>226</xmin><ymin>326</ymin><xmax>301</xmax><ymax>403</ymax></bndbox></object><object><name>circle</name><pose>Unspecified</pose><truncated>0</truncated><occluded>0</occluded><difficult>0</difficult><bndbox><xmin>226</xmin><ymin>155</ymin><xmax>295</xmax><ymax>240</ymax></bndbox></object></annotation>