<annotation><folder>images</folder><filename>img_96.jpg</filename><size><width>1000</width><height>720</height><depth>3</depth></size><object><name>tree</name><pose>Unspecified</pose><truncated>0</truncated><occluded>0</occluded><difficult>0</difficult><bndbox><xmin>298</xmin><ymin>218</ymin><xmax>361</xmax><ymax>291</ymax></bndbox></object><object><name>box</name><pose>Unspecified</pose><truncated>0</truncated><occluded>0</occluded><difficult>0</difficult><bndbox><xmin>691</xmin><ymin>375</ymin><xmax>766</xmax><ymax>440</ymax></bndbox></object><object><name>circle</name><pose>Unspecified</pose><truncated>0</truncated><occluded>0</occluded><difficult>0</difficult><bndbox><xmin>679</xmin><ymin>179</ymin><xmax>735</xmax><ymax>249</ymax></bndbox></object><object><name>box</name><pose>Unspecified</pose><truncated>0</truncated><occluded>0</occluded><difficult>0</difficult><bndbox><xmin>301</xmin><ymin>455</ymin><xmax>307</xmax><ymax>500</ymax></bndbox></object><object><name>circle</name><pose>Unspecified</pose><truncated>0</truncated><occluded>0</occluded><difficult>0</difficult><bndbox><xmin>517</xmin><ymin>285</ymin><xmax>551</xmax><ymax>319</ymax></bndbox></object></annotation>