<annotation><folder>images</folder><filename>img_173.jpg</filename><size><width>1000</width><height>720</height><depth>3</depth></size><object><name>circle</name><pose>Unspecified</pose><truncated>0</truncated><occluded>0</occluded><difficult>0</difficult><bndbox><xmin>641</xmin><ymin>257</ymin><xmax>670</xmax><ymax>291</ymax></bndbox></object><object><name>path</name><pose>Unspecified</pose><truncated>0</truncated><occluded>0</occluded><difficult>0</difficult><bndbox><xmin>582</xmin><ymin>467</ymin><xmax>831</xmax><ymax>1309</ymax></bndbox></object><object><name>path</name><pose>Unspecified</pose><truncated>0</truncated><occluded>0</occluded><difficult>0</difficult><bndbox><xmin>612</xmin><ymin>168</ymin><xmax>1307</xmax><ymax>877</ymax></bndbox></object><object><name>x</name><pose>Unspecified</pose><truncated>0</truncated><occluded>0</occluded><difficult>0</difficult><bndbox><xmin>781</xmin><ymin>235</ymin><xmax>896</xmax><ymax>377</ymax></bndbox></object></annotation>