<annotation><folder>images</folder><filename>img_177.jpg</filename><size><width>1000</width><height>720</height><depth>3</depth></size><object><name>x</name><pose>Unspecified</pose><truncated>0</truncated><occluded>0</occluded><difficult>0</difficult><bndbox><xmin>521</xmin><ymin>267</ymin><xmax>568</xmax><ymax>336</ymax></bndbox></object><object><name>tree</name><pose>Unspecified</pose><truncated>0</truncated><occluded>0</occluded><difficult>0</difficult><bndbox><xmin>656</xmin><ymin>169</ymin><xmax>788</xmax><ymax>326</ymax></bndbox></object><object><name>path</name><pose>Unspecified</pose><truncated>0</truncated><occluded>0</occluded><difficult>0</difficult><bndbox><xmin>341</xmin><ymin>419</ymin><xmax>397</xmax><ymax>699</ymax></bndbox></object></annotation>