<annotation><folder>images</folder><filename>img_46.jpg</filename><size><width>1000</width><height>720</height><depth>3</depth></size><object><name>path</name><pose>Unspecified</pose><truncated>0</truncated><occluded>0</occluded><difficult>0</difficult><bndbox><xmin>374</xmin><ymin>419</ymin><xmax>713</xmax><ymax>836</ymax></bndbox></object><object><name>x</name><pose>Unspecified</pose><truncated>0</truncated><occluded>0</occluded><difficult>0</difficult><bndbox><xmin>526</xmin><ymin>358</ymin><xmax>553</xmax><ymax>389</ymax></bndbox></object><object><name>circle</name><pose>Unspecified</pose><truncated>0</truncated><occluded>0</occluded><difficult>0</difficult><bndbox><xmin>147</xmin><ymin>382</ymin><xmax>220</xmax><ymax>456</ymax></bndbox></object><object><name>box</name><pose>Unspecified</pose><truncated>0</truncated><occluded>0</occluded><difficult>0</difficult><bndbox><xmin>289</xmin><ymin>324</ymin><xmax>293</xmax><ymax>349</ymax></bndbox></object><object><name>box</name><pose>Unspecified</pose><truncated>0</truncated><occluded>0</occluded><difficult>0</difficult><bndbox><xmin>758</xmin><ymin>244</ymin><xmax>817</xmax><ymax>328</ymax></bndbox></object><object><name>x</name><pose>Unspecified</pose><truncated>0</truncated><occluded>0</occluded><difficult>0</difficult><bndbox><xmin>714</xmin><ymin>118</ymin><xmax>781</xmax><ymax>167</ymax></bndbox></object></annotation>