<annotation><folder>images</folder><filename>img_273.jpg</filename><size><width>1000</width><height>720</height><depth>3</depth></size><object><name>circle</name><pose>Unspecified</pose><truncated>0</truncated><occluded>0</occluded><difficult>0</difficult><bndbox><xmin>488</xmin><ymin>382</ymin><xmax>596</xmax><ymax>524</ymax></bndbox></object><object><name>circle</name><pose>Unspecified</pose><truncated>0</truncated><occluded>0</occluded><difficult>0</difficult><bndbox><xmin>557</xmin><ymin>258</ymin><xmax>747</xmax><ymax>461</ymax></bndbox></object><object><name>path</name><pose>Unspecified</pose><truncated>0</truncated><occluded>0</occluded><difficult>0</difficult><bndbox><xmin>305</xmin><ymin>500</ymin><xmax>491</xmax><ymax>726</ymax></bndbox></object><object><name>path</name><pose>Unspecified</pose><truncated>0</truncated><occluded>0</occluded><difficult>0</difficult><bndbox><xmin>620</xmin><ymin>240</ymin><xmax>867</xmax><ymax>1077</ymax></bndbox></object><object><name>x</name><pose>Unspecified</pose><truncated>0</truncated><occluded>0</occluded><difficult>0</difficult><bndbox><xmin>575</xmin><ymin>429</ymin><xmax>674</xmax><ymax>597</ymax></bndbox></object></annotation>