<annotation><folder>images</folder><filename>img_171.jpg</filename><size><width>1000</width><height>720</height><depth>3</depth></size><object><name>circle</name><pose>Unspecified</pose><truncated>0</truncated><occluded>0</occluded><difficult>0</difficult><bndbox><xmin>399</xmin><ymin>165</ymin><xmax>474</xmax><ymax>248</ymax></bndbox></object><object><name>tree</name><pose>Unspecified</pose><truncated>0</truncated><occluded>0</occluded><difficult>0</difficult><bndbox><xmin>780</xmin><ymin>183</ymin><xmax>955</xmax><ymax>376</ymax></bndbox></object><object><name>x</name><pose>Unspecified</pose><truncated>0</truncated><occluded>0</occluded><difficult>0</difficult><bndbox><xmin>149</xmin><ymin>519</ymin><xmax>209</xmax><ymax>564</ymax></bndbox></object><object><name>tree</name><pose>Unspecified</pose><truncated>0</truncated><occluded>0</occluded><difficult>0</difficult><bndbox><xmin>741</xmin><ymin>463</ymin><xmax>885</xmax><ymax>634</ymax></bndbox></object><object><name>path</name><pose>Unspecified</pose><truncated>0</truncated><occluded>0</occluded><difficult>0</difficult><bndbox><xmin>420</xmin><ymin>216</ymin><xmax>536</xmax><ymax>457</ymax></bndbox></object><object><name>x</name><pose>Unspecified</pose><truncated>0</truncated><occluded>0</occluded><difficult>0</difficult><bndbox><xmin>118</xmin><ymin>501</ymin><xmax>164</xmax><ymax>544</ymax></bndbox></object></annotation>