<annotation><folder>images</folder><filename>img_66.jpg</filename><size><width>1000</width><height>720</height><depth>3</depth></size><object><name>tree</name><pose>Unspecified</pose><truncated>0</truncated><occluded>0</occluded><difficult>0</difficult><bndbox><xmin>308</xmin><ymin>190</ymin><xmax>393</xmax><ymax>274</ymax></bndbox></object><object><name>circle</name><pose>Unspecified</pose><truncated>0</truncated><occluded>0</occluded><difficult>0</difficult><bndbox><xmin>785</xmin><ymin>374</ymin><xmax>975</xmax><ymax>605</ymax></bndbox></object><object><name>box</name><pose>Unspecified</pose><truncated>0</truncated><occluded>0</occluded><difficult>0</difficult><bndbox><xmin>122</xmin><ymin>158</ymin><xmax>260</xmax><ymax>255</ymax></bndbox></object><object><name>box</name><pose>Unspecified</pose><truncated>0</truncated><occluded>0</occluded><difficult>0</difficult><bndbox><xmin>262</xmin><ymin>308</ymin><xmax>271</xmax><ymax>312</ymax></bndbox></object></annotation>