<annotation><folder>images</folder><filename>img_60.jpg</filename><size><width>1000</width><height>720</height><depth>3</depth></size><object><name>circle</name><pose>Unspecified</pose><truncated>0</truncated><occluded>0</occluded><difficult>0</difficult><bndbox><xmin>362</xmin><ymin>333</ymin><xmax>449</xmax><ymax>439</ymax></bndbox></object><object><name>path</name><pose>Unspecified</pose><truncated>0</truncated><occluded>0</occluded><difficult>0</difficult><bndbox><xmin>207</xmin><ymin>222</ymin><xmax>451</xmax><ymax>376</ymax></bndbox></object><object><name>path</name><pose>Unspecified</pose><truncated>0</truncated><occluded>0</occluded><difficult>0</difficult><bndbox><xmin>168</xmin><ymin>286</ymin><xmax>245</xmax><ymax>409</ymax></bndbox></object><object><name>x</name><pose>Unspecified</pose><truncated>0</truncated><occluded>0</occluded><difficult>0</difficult><bndbox><xmin>330</xmin><ymin>290</ymin><xmax>410</xmax><ymax>347</ymax></bndbox></object><object><name>box</name><pose>Unspecified</pose><truncated>0</truncated><occluded>0</occluded><difficult>0</difficult><bndbox><xmin>148</xmin><ymin>471</ymin><xmax>176</xmax><ymax>479</ymax></bndbox></object><object><name>path</name><pose>Unspecified</pose><truncated>0</truncated><occluded>0</occluded><difficult>0</difficult><bndbox><xmin>462</xmin><ymin>143</ymin><xmax>715</xmax><ymax>414</ymax></bndbox></object></annotation>