<annotation><folder>images</folder><filename>img_165.jpg</filename><size><width>1000</width><height>720</height><depth>3</depth></size><object><name>path</name><pose>Unspecified</pose><truncated>0</truncated><occluded>0</occluded><difficult>0</difficult><bndbox><xmin>548</xmin><ymin>265</ymin><xmax>940</xmax><ymax>685</ymax></bndbox></object><object><name>tree</name><pose>Unspecified</pose><truncated>0</truncated><occluded>0</occluded><difficult>0</difficult><bndbox><xmin>355</xmin><ymin>149</ymin><xmax>377</xmax><ymax>177</ymax></bndbox></object><object><name>circle</name><pose>Unspecified</pose><truncated>0</truncated><occluded>0</occluded><difficult>0</difficult><bndbox><xmin>530</xmin><ymin>271</ymin><xmax>580</xmax><ymax>329</ymax></bndbox></object><object><name>tree</name><pose>Unspecified</pose><truncated>0</truncated><occluded>0</occluded><difficult>0</difficult><bndbox><xmin>448</xmin><ymin>211</ymin><xmax>685</xmax><ymax>494</ymax></bndbox></object><object><name>x</name><pose>Unspecified</pose><truncated>0</truncated><occluded>0</occluded><difficult>0</difficult><bndbox><xmin>290</xmin><ymin>398</ymin><xmax>375</xmax><ymax>497</ymax></bndbox></object></annotation>