<annotation><folder>images</folder><filename>img_215.jpg</filename><size><width>1000</width><height>720</height><depth>3</depth></size><object><name>path</name><pose>Unspecified</pose><truncated>0</truncated><occluded>0</occluded><difficult>0</difficult><bndbox><xmin>494</xmin><ymin>454</ymin><xmax>570</xmax><ymax>645</ymax></bndbox></object><object><name>path</name><pose>Unspecified</pose><truncated>0</truncated><occluded>0</occluded><difficult>0</difficult><bndbox><xmin>177</xmin><ymin>182</ymin><xmax>541</xmax><ymax>625</ymax></bndbox></object><object><name>tree</name><pose>Unspecified</pose><truncated>0</truncated><occluded>0</occluded><difficult>0</difficult><bndbox><xmin>492</xmin><ymin>455</ymin><xmax>599</xmax><ymax>563</ymax></bndbox></object></annotation>