<annotation><folder>images</folder><filename>img_53.jpg</filename><size><width>1000</width><height>720</height><depth>3</depth></size><object><name>circle</name><pose>Unspecified</pose><truncated>0</truncated><occluded>0</occluded><difficult>0</difficult><bndbox><xmin>105</xmin><ymin>224</ymin><xmax>237</xmax><ymax>344</ymax></bndbox></object><object><name>path</name><pose>Unspecified</pose><truncated>0</truncated><occluded>0</occluded><difficult>0</difficult><bndbox><xmin>430</xmin><ymin>423</ymin><xmax>513</xmax><ymax>511</ymax></bndbox></object><object><name>tree</name><pose>Unspecified</pose><truncated>0</truncated><occluded>0</occluded><difficult>0</difficult><bndbox><xmin>167</xmin><ymin>453</ymin><xmax>281</xmax><ymax>570</ymax></bndbox></object><object><name>path</name><pose>Unspecified</pose><truncated>0</truncated><occluded>0</occluded><difficult>0</difficult><bndbox><xmin>111</xmin><ymin>360</ymin><xmax>352</xmax><ymax>618</ymax></bndbox></object><object><name>box</name><pose>Unspecified</pose><truncated>0</truncated><occluded>0</occluded><difficult>0</difficult><bndbox><xmin>623</xmin><ymin>310</ymin><xmax>781</xmax><ymax>438</ymax></bndbox></object><object><name>box</name><pose>Unspecified</pose><truncated>0</truncated><occluded>0</occluded><difficult>0</difficult><bndbox><xmin>425</xmin><ymin>477</ymin><xmax>435</xmax><ymax>607</ymax></bndbox></object></annotation>