<annotation><folder>images</folder><filename>img_105.jpg</filename><size><width>1000</width><height>720</height><depth>3</depth></size><object><name>circle</name><pose>Unspecified</pose><truncated>0</truncated><occluded>0</occluded><difficult>0</difficult><bndbox><xmin>321</xmin><ymin>510</ymin><xmax>437</xmax><ymax>645</ymax></bndbox></object><object><name>path</name><pose>Unspecified</pose><truncated>0</truncated><occluded>0</occluded><difficult>0</difficult><bndbox><xmin>465</xmin><ymin>336</ymin><xmax>1059</xmax><ymax>941</ymax></bndbox></object><object><name>circle</name><pose>Unspecified</pose><truncated>0</truncated><occluded>0</occluded><difficult>0</difficult><bndbox><xmin>290</xmin><ymin>385</ymin><xmax>414</xmax><ymax>527</ymax></bndbox></object><object><name>x</name><pose>Unspecified</pose><truncated>0</truncated><occluded>0</occluded><difficult>0</difficult><bndbox><xmin>228</xmin><ymin>184</ymin><xmax>296</xmax><ymax>253</ymax></bndbox></object><object><name>circle</name><pose>Unspecified</pose><truncated>0</truncated><occluded>0</occluded><difficult>0</difficult><bndbox><xmin>191</xmin><ymin>102</ymin><xmax>253</xmax><ymax>214</ymax></bndbox></object><object><name>path</name><pose>Unspecified</pose><truncated>0</truncated><occluded>0</occluded><difficult>0</difficult><bndbox><xmin>415</xmin><ymin>355</ymin><xmax>507</xmax><ymax>453</ymax></bndbox></object></annotation>