<annotation><folder>images</folder><filename>img_190.jpg</filename><size><width>1000</width><height>720</height><depth>3</depth></size><object><name>tree</name><pose>Unspecified</pose><truncated>0</truncated><occluded>0</occluded><difficult>0</difficult><bndbox><xmin>429</xmin><ymin>458</ymin><xmax>608</xmax><ymax>658</ymax></bndbox></object><object><name>circle</name><pose>Unspecified</pose><truncated>0</truncated><occluded>0</occluded><difficult>0</difficult><bndbox><xmin>171</xmin><ymin>311</ymin><xmax>318</xmax><ymax>487</ymax></bndbox></object><object><name>box</name><pose>Unspecified</pose><truncated>0</truncated><occluded>0</occluded><difficult>0</difficult><bndbox><xmin>533</xmin><ymin>385</ymin><xmax>779</xmax><ymax>511</ymax></bndbox></object><object><name>circle</name><pose>Unspecified</pose><truncated>0</truncated><occluded>0</occluded><difficult>0</difficult><bndbox><xmin>276</xmin><ymin>461</ymin><xmax>393</xmax><ymax>601</ymax></bndbox></object><object><name>tree</name><pose>Unspecified</pose><truncated>0</truncated><occluded>0</occluded><difficult>0</difficult><bndbox><xmin>637</xmin><ymin>164</ymin><xmax>822</xmax><ymax>369</ymax></bndbox></object><object><name>tree</name><pose>Unspecified</pose><truncated>0</truncated><occluded>0</occluded><difficult>0</difficult><bndbox><xmin>477</xmin><ymin>502</ymin><xmax>556</xmax><ymax>595</ymax></bndbox></object></annotation>