<annotation><folder>images</folder><filename>img_39.jpg</filename><size><width>1000</width><height>720</height><depth>3</depth></size><object><name>circle</name><pose>Unspecified</pose><truncated>0</truncated><occluded>0</occluded><difficult>0</difficult><bndbox><xmin>665</xmin><ymin>237</ymin><xmax>864</xmax><ymax>435</ymax></bndbox></object><object><name>box</name><pose>Unspecified</pose><truncated>0</truncated><occluded>0</occluded><difficult>0</difficult><bndbox><xmin>145</xmin><ymin>128</ymin><xmax>152</xmax><ymax>199</ymax></bndbox></object><object><name>path</name><pose>Unspecified</pose><truncated>0</truncated><occluded>0</occluded><difficult>0</difficult><bndbox><xmin>711</xmin><ymin>252</ymin><xmax>845</xmax><ymax>388</ymax></bndbox></object><object><name>x</name><pose>Unspecified</pose><truncated>0</truncated><occluded>0</occluded><difficult>0</difficult><bndbox><xmin>475</xmin><ymin>388</ymin><xmax>551</xmax><ymax>464</ymax></bndbox></object><object><name>circle</name><pose>Unspecified</pose><truncated>0</truncated><occluded>0</occluded><difficult>0</difficult><bndbox><xmin>267</xmin><ymin>301</ymin><xmax>286</xmax><ymax>326</ymax></bndbox></object><object><name>tree</name><pose>Unspecified</pose><truncated>0</truncated><occluded>0</occluded><difficult>0</difficult><bndbox><xmin>164</xmin><ymin>409</ymin><xmax>217</xmax><ymax>469</ymax></bndbox></object></annotation>