<annotation><folder>images</folder><filename>img_74.jpg</filename><size><width>1000</width><height>720</height><depth>3</depth></size><object><name>box</name><pose>Unspecified</pose><truncated>0</truncated><occluded>0</occluded><difficult>0</difficult><bndbox><xmin>559</xmin><ymin>180</ymin><xmax>776</xmax><ymax>355</ymax></bndbox></object><object><name>circle</name><pose>Unspecified</pose><truncated>0</truncated><occluded>0</occluded><difficult>0</difficult><bndbox><xmin>550</xmin><ymin>367</ymin><xmax>655</xmax><ymax>489</ymax></bndbox></object><object><name>box</name><pose>Unspecified</pose><truncated>0</truncated><occluded>0</occluded><difficult>0</difficult><bndbox><xmin>738</xmin><ymin>198</ymin><xmax>760</xmax><ymax>216</ymax></bndbox></object><object><name>path</name><pose>Unspecified</pose><truncated>0</truncated><occluded>0</occluded><difficult>0</difficult><bndbox><xmin>151</xmin><ymin>250</ymin><xmax>448</xmax><ymax>588</ymax></bndbox></object><object><name>circle</name><pose>Unspecified</pose><truncated>0</truncated><occluded>0</occluded><difficult>0</difficult><bndbox><xmin>535</xmin><ymin>130</ymin><xmax>674</xmax><ymax>278</ymax></bndbox></object><object><name>x</name><pose>Unspecified</pose><truncated>0</truncated><occluded>0</occluded><difficult>0</difficult><bndbox><xmin>477</xmin><ymin>448</ymin><xmax>535</xmax><ymax>529</ymax></bndbox></object></annotation>