<annotation><folder>images</folder><filename>img_197.jpg</filename><size><width>1000</width><height>720</height><depth>3</depth></size><object><name>box</name><pose>Unspecified</pose><truncated>0</truncated><occluded>0</occluded><difficult>0</difficult><bndbox><xmin>732</xmin><ymin>211</ymin><xmax>737</xmax><ymax>277</ymax></bndbox></object><object><name>box</name><pose>Unspecified</pose><truncated>0</truncated><occluded>0</occluded><difficult>0</difficult><bndbox><xmin>690</xmin><ymin>365</ymin><xmax>715</xmax><ymax>396</ymax></bndbox></object><object><name>tree</name><pose>Unspecified</pose><truncated>0</truncated><occluded>0</occluded><difficult>0</difficult><bndbox><xmin>684</xmin><ymin>439</ymin><xmax>841</xmax><ymax>597</ymax></bndbox></object><object><name>box</name><pose>Unspecified</pose><truncated>0</truncated><occluded>0</occluded><difficult>0</difficult><bndbox><xmin>788</xmin><ymin>145</ymin><xmax>1225</xmax><ymax>368</ymax></bndbox></object><object><name>x</name><pose>Unspecified</pose><truncated>0</truncated><occluded>0</occluded><difficult>0</difficult><bndbox><xmin>532</xmin><ymin>186</ymin><xmax>714</xmax><ymax>457</ymax></bndbox></object></annotation>