<annotation><folder>images</folder><filename>img_112.jpg</filename><size><width>1000</width><height>720</height><depth>3</depth></size><object><name>path</name><pose>Unspecified</pose><truncated>0</truncated><occluded>0</occluded><difficult>0</difficult><bndbox><xmin>552</xmin><ymin>107</ymin><xmax>662</xmax><ymax>243</ymax></bndbox></object><object><name>x</name><pose>Unspecified</pose><truncated>0</truncated><occluded>0</occluded><difficult>0</difficult><bndbox><xmin>597</xmin><ymin>497</ymin><xmax>701</xmax><ymax>612</ymax></bndbox></object><object><name>x</name><pose>Unspecified</pose><truncated>0</truncated><occluded>0</occluded><difficult>0</difficult><bndbox><xmin>504</xmin><ymin>155</ymin><xmax>542</xmax><ymax>210</ymax></bndbox></object></annotation>