<annotation><folder>images</folder><filename>img_152.jpg</filename><size><width>1000</width><height>720</height><depth>3</depth></size><object><name>circle</name><pose>Unspecified</pose><truncated>0</truncated><occluded>0</occluded><difficult>0</difficult><bndbox><xmin>447</xmin><ymin>228</ymin><xmax>638</xmax><ymax>433</ymax></bndbox></object><object><name>path</name><pose>Unspecified</pose><truncated>0</truncated><occluded>0</occluded><difficult>0</difficult><bndbox><xmin>764</xmin><ymin>471</ymin><xmax>1004</xmax><ymax>1284</ymax></bndbox></object><object><name>box</name><pose>Unspecified</pose><truncated>0</truncated><occluded>0</occluded><difficult>0</difficult><bndbox><xmin>405</xmin><ymin>512</ymin><xmax>565</xmax><ymax>650</ymax></bndbox></object><object><name>x</name><pose>Unspecified</pose><truncated>0</truncated><occluded>0</occluded><difficult>0</difficult><bndbox><xmin>185</xmin><ymin>207</ymin><xmax>227</xmax><ymax>269</ymax></bndbox></object></annotation>