<annotation><folder>images</folder><filename>img_99.jpg</filename><size><width>1000</width><height>720</height><depth>3</depth></size><object><name>tree</name><pose>Unspecified</pose><truncated>0</truncated><occluded>0</occluded><difficult>0</difficult><bndbox><xmin>752</xmin><ymin>415</ymin><xmax>999</xmax><ymax>657</ymax></bndbox></object><object><name>x</name><pose>Unspecified</pose><truncated>0</truncated><occluded>0</occluded><difficult>0</difficult><bndbox><xmin>638</xmin><ymin>382</ymin><xmax>679</xmax><ymax>441</ymax></bndbox></object><object><name>tree</name><pose>Unspecified</pose><truncated>0</truncated><occluded>0</occluded><difficult>0</difficult><bndbox><xmin>737</xmin><ymin>456</ymin><xmax>790</xmax><ymax>522</ymax></bndbox></object><object><name>circle</name><pose>Unspecified</pose><truncated>0</truncated><occluded>0</occluded><difficult>0</difficult><bndbox><xmin>218</xmin><ymin>103</ymin><xmax>261</xmax><ymax>158</ymax></bndbox></object><object><name>tree</name><pose>Unspecified</pose><truncated>0</truncated><occluded>0</occluded><difficult>0</difficult><bndbox><xmin>251</xmin><ymin>200</ymin><xmax>432</xmax><ymax>362</ymax></bndbox></object></annotation>