<annotation><folder>images</folder><filename>img_71.jpg</filename><size><width>1000</width><height>720</height><depth>3</depth></size><object><name>box</name><pose>Unspecified</pose><truncated>0</truncated><occluded>0</occluded><difficult>0</difficult><bndbox><xmin>379</xmin><ymin>171</ymin><xmax>419</xmax><ymax>217</ymax></bndbox></object><object><name>path</name><pose>Unspecified</pose><truncated>0</truncated><occluded>0</occluded><difficult>0</difficult><bndbox><xmin>209</xmin><ymin>406</ymin><xmax>630</xmax><ymax>671</ymax></bndbox></object><object><name>box</name><pose>Unspecified</pose><truncated>0</truncated><occluded>0</occluded><difficult>0</difficult><bndbox><xmin>191</xmin><ymin>354</ymin><xmax>339</xmax><ymax>467</ymax></bndbox></object><object><name>box</name><pose>Unspecified</pose><truncated>0</truncated><occluded>0</occluded><difficult>0</difficult><bndbox><xmin>253</xmin><ymin>199</ymin><xmax>258</xmax><ymax>269</ymax></bndbox></object></annotation>