<annotation><folder>images</folder><filename>img_98.jpg</filename><size><width>1000</width><height>720</height><depth>3</depth></size><object><name>circle</name><pose>Unspecified</pose><truncated>0</truncated><occluded>0</occluded><difficult>0</difficult><bndbox><xmin>745</xmin><ymin>103</ymin><xmax>896</xmax><ymax>253</ymax></bndbox></object><object><name>box</name><pose>Unspecified</pose><truncated>0</truncated><occluded>0</occluded><difficult>0</difficult><bndbox><xmin>707</xmin><ymin>506</ymin><xmax>844</xmax><ymax>661</ymax></bndbox></object><object><name>x</name><pose>Unspecified</pose><truncated>0</truncated><occluded>0</occluded><difficult>0</difficult><bndbox><xmin>762</xmin><ymin>192</ymin><xmax>856</xmax><ymax>335</ymax></bndbox></object><object><name>box</name><pose>Unspecified</pose><truncated>0</truncated><occluded>0</occluded><difficult>0</difficult><bndbox><xmin>305</xmin><ymin>209</ymin><xmax>344</xmax><ymax>256</ymax></bndbox></object><object><name>circle</name><pose>Unspecified</pose><truncated>0</truncated><occluded>0</occluded><difficult>0</difficult><bndbox><xmin>263</xmin><ymin>196</ymin><xmax>397</xmax><ymax>342</ymax></bndbox></object><object><name>circle</name><pose>Unspecified</pose><truncated>0</truncated><occluded>0</occluded><difficult>0</difficult><bndbox><xmin>374</xmin><ymin>329</ymin><xmax>407</xmax><ymax>371</ymax></bndbox></object></annotation>