<annotation><folder>images</folder><filename>img_272.jpg</filename><size><width>1000</width><height>720</height><depth>3</depth></size><object><name>x</name><pose>Unspecified</pose><truncated>0</truncated><occluded>0</occluded><difficult>0</difficult><bndbox><xmin>760</xmin><ymin>510</ymin><xmax>898</xmax><ymax>716</ymax></bndbox></object><object><name>box</name><pose>Unspecified</pose><truncated>0</truncated><occluded>0</occluded><difficult>0</difficult><bndbox><xmin>120</xmin><ymin>400</ymin><xmax>129</xmax><ymax>518</ymax></bndbox></object><object><name>circle</name><pose>Unspecified</pose><truncated>0</truncated><occluded>0</occluded><difficult>0</difficult><bndbox><xmin>391</xmin><ymin>252</ymin><xmax>424</xmax><ymax>291</ymax></bndbox></object><object><name>circle</name><pose>Unspecified</pose><truncated>0</truncated><occluded>0</occluded><difficult>0</difficult><bndbox><xmin>282</xmin><ymin>338</ymin><xmax>411</xmax><ymax>491</ymax></bndbox></object><object><name>circle</name><pose>Unspecified</pose><truncated>0</truncated><occluded>0</occluded><difficult>0</difficult><bndbox><xmin>354</xmin><ymin>514</ymin><xmax>489</xmax><ymax>685</ymax></bndbox></object><object><name>x</name><pose>Unspecified</pose><truncated>0</truncated><occluded>0</occluded><difficult>0</difficult><bndbox><xmin>321</xmin><ymin>154</ymin><xmax>450</xmax><ymax>362</ymax></bndbox></object></annotation>