<annotation><folder>images</folder><filename>img_191.jpg</filename><size><width>1000</width><height>720</height><depth>3</depth></size><object><name>tree</name><pose>Unspecified</pose><truncated>0</truncated><occluded>0</occluded><difficult>0</difficult><bndbox><xmin>560</xmin><ymin>446</ymin><xmax>660</xmax><ymax>547</ymax></bndbox></object><object><name>x</name><pose>Unspecified</pose><truncated>0</truncated><occluded>0</occluded><difficult>0</difficult><bndbox><xmin>104</xmin><ymin>213</ymin><xmax>176</xmax><ymax>320</ymax></bndbox></object><object><name>circle</name><pose>Unspecified</pose><truncated>0</truncated><occluded>0</occluded><difficult>0</difficult><bndbox><xmin>792</xmin><ymin>276</ymin><xmax>925</xmax><ymax>420</ymax></bndbox></object><object><name>x</name><pose>Unspecified</pose><truncated>0</truncated><occluded>0</occluded><difficult>0</difficult><bndbox><xmin>476</xmin><ymin>423</ymin><xmax>562</xmax><ymax>509</ymax></bndbox></object><object><name>circle</name><pose>Unspecified</pose><truncated>0</truncated><occluded>0</occluded><difficult>0</difficult><bndbox><xmin>648</xmin><ymin>195</ymin><xmax>749</xmax><ymax>304</ymax></bndbox></object></annotation>