<annotation><folder>images</folder><filename>img_93.jpg</filename><size><width>1000</width><height>720</height><depth>3</depth></size><object><name>path</name><pose>Unspecified</pose><truncated>0</truncated><occluded>0</occluded><difficult>0</difficult><bndbox><xmin>542</xmin><ymin>297</ymin><xmax>754</xmax><ymax>555</ymax></bndbox></object><object><name>x</name><pose>Unspecified</pose><truncated>0</truncated><occluded>0</occluded><difficult>0</difficult><bndbox><xmin>546</xmin><ymin>172</ymin><xmax>656</xmax><ymax>327</ymax></bndbox></object><object><name>box</name><pose>Unspecified</pose><truncated>0</truncated><occluded>0</occluded><difficult>0</difficult><bndbox><xmin>519</xmin><ymin>398</ymin><xmax>807</xmax><ymax>545</ymax></bndbox></object><object><name>x</name><pose>Unspecified</pose><truncated>0</truncated><occluded>0</occluded><difficult>0</difficult><bndbox><xmin>365</xmin><ymin>334</ymin><xmax>453</xmax><ymax>423</ymax></bndbox></object><object><name>path</name><pose>Unspecified</pose><truncated>0</truncated><occluded>0</occluded><difficult>0</difficult><bndbox><xmin>485</xmin><ymin>337</ymin><xmax>680</xmax><ymax>545</ymax></bndbox></object><object><name>x</name><pose>Unspecified</pose><truncated>0</truncated><occluded>0</occluded><difficult>0</difficult><bndbox><xmin>785</xmin><ymin>126</ymin><xmax>893</xmax><ymax>289</ymax></bndbox></object></annotation>