<annotation><folder>images</folder><filename>img_106.jpg</filename><size><width>1000</width><height>720</height><depth>3</depth></size><object><name>tree</name><pose>Unspecified</pose><truncated>0</truncated><occluded>0</occluded><difficult>0</difficult><bndbox><xmin>387</xmin><ymin>321</ymin><xmax>474</xmax><ymax>422</ymax></bndbox></object><object><name>path</name><pose>Unspecified</pose><truncated>0</truncated><occluded>0</occluded><difficult>0</difficult><bndbox><xmin>489</xmin><ymin>282</ymin><xmax>619</xmax><ymax>952</ymax></bndbox></object><object><name>path</name><pose>Unspecified</pose><truncated>0</truncated><occluded>0</occluded><difficult>0</difficult><bndbox><xmin>176</xmin><ymin>274</ymin><xmax>356</xmax><ymax>647</ymax></bndbox></object><object><name>circle</name><pose>Unspecified</pose><truncated>0</truncated><occluded>0</occluded><difficult>0</difficult><bndbox><xmin>708</xmin><ymin>190</ymin><xmax>867</xmax><ymax>363</ymax></bndbox></object><object><name>circle</name><pose>Unspecified</pose><truncated>0</truncated><occluded>0</occluded><difficult>0</difficult><bndbox><xmin>657</xmin><ymin>472</ymin><xmax>863</xmax><ymax>696</ymax></bndbox></object><object><name>path</name><pose>Unspecified</pose><truncated>0</truncated><occluded>0</occluded><difficult>0</difficult><bndbox><xmin>643</xmin><ymin>242</ymin><xmax>1119</xmax><ymax>829</ymax></bndbox></object></annotation>