<annotation><folder>images</folder><filename>img_160.jpg</filename><size><width>1000</width><height>720</height><depth>3</depth></size><object><name>x</name><pose>Unspecified</pose><truncated>0</truncated><occluded>0</occluded><difficult>0</difficult><bndbox><xmin>170</xmin><ymin>296</ymin><xmax>221</xmax><ymax>376</ymax></bndbox></object><object><name>circle</name><pose>Unspecified</pose><truncated>0</truncated><occluded>0</occluded><difficult>0</difficult><bndbox><xmin>669</xmin><ymin>229</ymin><xmax>729</xmax><ymax>336</ymax></bndbox></object><object><name>tree</name><pose>Unspecified</pose><truncated>0</truncated><occluded>0</occluded><difficult>0</difficult><bndbox><xmin>539</xmin><ymin>432</ymin><xmax>720</xmax><ymax>609</ymax></bndbox></object><object><name>path</name><pose>Unspecified</pose><truncated>0</truncated><occluded>0</occluded><difficult>0</difficult><bndbox><xmin>194</xmin><ymin>127</ymin><xmax>919</xmax><ymax>865</ymax></bndbox></object><object><name>circle</name><pose>Unspecified</pose><truncated>0</truncated><occluded>0</occluded><difficult>0</difficult><bndbox><xmin>646</xmin><ymin>393</ymin><xmax>773</xmax><ymax>585</ymax></bndbox></object></annotation>