<annotation><folder>images</folder><filename>img_83.jpg</filename><size><width>1000</width><height>720</height><depth>3</depth></size><object><name>tree</name><pose>Unspecified</pose><truncated>0</truncated><occluded>0</occluded><difficult>0</difficult><bndbox><xmin>544</xmin><ymin>448</ymin><xmax>589</xmax><ymax>489</ymax></bndbox></object><object><name>circle</name><pose>Unspecified</pose><truncated>0</truncated><occluded>0</occluded><difficult>0</difficult><bndbox><xmin>119</xmin><ymin>210</ymin><xmax>231</xmax><ymax>312</ymax></bndbox></object><object><name>box</name><pose>Unspecified</pose><truncated>0</truncated><occluded>0</occluded><difficult>0</difficult><bndbox><xmin>779</xmin><ymin>120</ymin><xmax>905</xmax><ymax>213</ymax></bndbox></object><object><name>path</name><pose>Unspecified</pose><truncated>0</truncated><occluded>0</occluded><difficult>0</difficult><bndbox><xmin>616</xmin><ymin>156</ymin><xmax>984</xmax><ymax>575</ymax></bndbox></object><object><name>tree</name><pose>Unspecified</pose><truncated>0</truncated><occluded>0</occluded><difficult>0</difficult><bndbox><xmin>425</xmin><ymin>472</ymin><xmax>561</xmax><ymax>606</ymax></bndbox></object></annotation>