<annotation><folder>images</folder><filename>img_188.jpg</filename><size><width>1000</width><height>720</height><depth>3</depth></size><object><name>x</name><pose>Unspecified</pose><truncated>0</truncated><occluded>0</occluded><difficult>0</difficult><bndbox><xmin>151</xmin><ymin>507</ymin><xmax>194</xmax><ymax>567</ymax></bndbox></object><object><name>tree</name><pose>Unspecified</pose><truncated>0</truncated><occluded>0</occluded><difficult>0</difficult><bndbox><xmin>516</xmin><ymin>426</ymin><xmax>680</xmax><ymax>610</ymax></bndbox></object><object><name>tree</name><pose>Unspecified</pose><truncated>0</truncated><occluded>0</occluded><difficult>0</difficult><bndbox><xmin>595</xmin><ymin>126</ymin><xmax>760</xmax><ymax>292</ymax></bndbox></object></annotation>