<annotation><folder>images</folder><filename>img_183.jpg</filename><size><width>1000</width><height>720</height><depth>3</depth></size><object><name>x</name><pose>Unspecified</pose><truncated>0</truncated><occluded>0</occluded><difficult>0</difficult><bndbox><xmin>263</xmin><ymin>345</ymin><xmax>317</xmax><ymax>396</ymax></bndbox></object><object><name>tree</name><pose>Unspecified</pose><truncated>0</truncated><occluded>0</occluded><difficult>0</difficult><bndbox><xmin>646</xmin><ymin>501</ymin><xmax>816</xmax><ymax>676</ymax></bndbox></object><object><name>path</name><pose>Unspecified</pose><truncated>0</truncated><occluded>0</occluded><difficult>0</difficult><bndbox><xmin>618</xmin><ymin>493</ymin><xmax>746</xmax><ymax>1155</ymax></bndbox></object><object><name>tree</name><pose>Unspecified</pose><truncated>0</truncated><occluded>0</occluded><difficult>0</difficult><bndbox><xmin>744</xmin><ymin>372</ymin><xmax>1085</xmax><ymax>665</ymax></bndbox></object><object><name>circle</name><pose>Unspecified</pose><truncated>0</truncated><occluded>0</occluded><difficult>0</difficult><bndbox><xmin>224</xmin><ymin>271</ymin><xmax>503</xmax><ymax>528</ymax></bndbox></object></annotation>