<annotation><folder>images</folder><filename>img_16.jpg</filename><size><width>1000</width><height>720</height><depth>3</depth></size><object><name>box</name><pose>Unspecified</pose><truncated>0</truncated><occluded>0</occluded><difficult>0</difficult><bndbox><xmin>123</xmin><ymin>175</ymin><xmax>259</xmax><ymax>276</ymax></bndbox></object><object><name>box</name><pose>Unspecified</pose><truncated>0</truncated><occluded>0</occluded><difficult>0</difficult><bndbox><xmin>256</xmin><ymin>280</ymin><xmax>364</xmax><ymax>384</ymax></bndbox></object><object><name>path</name><pose>Unspecified</pose><truncated>0</truncated><occluded>0</occluded><difficult>0</difficult><bndbox><xmin>685</xmin><ymin>291</ymin><xmax>801</xmax><ymax>589</ymax></bndbox></object><object><name>path</name><pose>Unspecified</pose><truncated>0</truncated><occluded>0</occluded><difficult>0</difficult><bndbox><xmin>608</xmin><ymin>433</ymin><xmax>684</xmax><ymax>556</ymax></bndbox></object></annotation>