<annotation><folder>images</folder><filename>img_153.jpg</filename><size><width>1000</width><height>720</height><depth>3</depth></size><object><name>box</name><pose>Unspecified</pose><truncated>0</truncated><occluded>0</occluded><difficult>0</difficult><bndbox><xmin>648</xmin><ymin>180</ymin><xmax>656</xmax><ymax>271</ymax></bndbox></object><object><name>tree</name><pose>Unspecified</pose><truncated>0</truncated><occluded>0</occluded><difficult>0</difficult><bndbox><xmin>307</xmin><ymin>509</ymin><xmax>436</xmax><ymax>665</ymax></bndbox></object><object><name>box</name><pose>Unspecified</pose><truncated>0</truncated><occluded>0</occluded><difficult>0</difficult><bndbox><xmin>334</xmin><ymin>477</ymin><xmax>617</xmax><ymax>718</ymax></bndbox></object></annotation>