<annotation><folder>images</folder><filename>img_261.jpg</filename><size><width>1000</width><height>720</height><depth>3</depth></size><object><name>path</name><pose>Unspecified</pose><truncated>0</truncated><occluded>0</occluded><difficult>0</difficult><bndbox><xmin>389</xmin><ymin>478</ymin><xmax>681</xmax><ymax>810</ymax></bndbox></object><object><name>box</name><pose>Unspecified</pose><truncated>0</truncated><occluded>0</occluded><difficult>0</difficult><bndbox><xmin>175</xmin><ymin>152</ymin><xmax>183</xmax><ymax>160</ymax></bndbox></object><object><name>x</name><pose>Unspecified</pose><truncated>0</truncated><occluded>0</occluded><difficult>0</difficult><bndbox><xmin>416</xmin><ymin>279</ymin><xmax>623</xmax><ymax>457</ymax></bndbox></object><object><name>tree</name><pose>Unspecified</pose><truncated>0</truncated><occluded>0</occluded><difficult>0</difficult><bndbox><xmin>556</xmin><ymin>110</ymin><xmax>697</xmax><ymax>266</ymax></bndbox></object><object><name>tree</name><pose>Unspecified</pose><truncated>0</truncated><occluded>0</occluded><difficult>0</difficult><bndbox><xmin>732</xmin><ymin>389</ymin><xmax>918</xmax><ymax>589</ymax></bndbox></object><object><name>circle</name><pose>Unspecified</pose><truncated>0</truncated><occluded>0</occluded><difficult>0</difficult><bndbox><xmin>381</xmin><ymin>273</ymin><xmax>561</xmax><ymax>465</ymax></bndbox></object></annotation>