<annotation><folder>images</folder><filename>img_63.jpg</filename><size><width>1000</width><height>720</height><depth>3</depth></size><object><name>x</name><pose>Unspecified</pose><truncated>0</truncated><occluded>0</occluded><difficult>0</difficult><bndbox><xmin>622</xmin><ymin>191</ymin><xmax>770</xmax><ymax>413</ymax></bndbox></object><object><name>box</name><pose>Unspecified</pose><truncated>0</truncated><occluded>0</occluded><difficult>0</difficult><bndbox><xmin>143</xmin><ymin>294</ymin><xmax>158</xmax><ymax>483</ymax></bndbox></object><object><name>tree</name><pose>Unspecified</pose><truncated>0</truncated><occluded>0</occluded><difficult>0</difficult><bndbox><xmin>202</xmin><ymin>447</ymin><xmax>291</xmax><ymax>547</ymax></bndbox></object><object><name>box</name><pose>Unspecified</pose><truncated>0</truncated><occluded>0</occluded><difficult>0</difficult><bndbox><xmin>318</xmin><ymin>112</ymin><xmax>323</xmax><ymax>169</ymax></bndbox></object><object><name>x</name><pose>Unspecified</pose><truncated>0</truncated><occluded>0</occluded><difficult>0</difficult><bndbox><xmin>170</xmin><ymin>306</ymin><xmax>355</xmax><ymax>446</ymax></bndbox></object><object><name>circle</name><pose>Unspecified</pose><truncated>0</truncated><occluded>0</occluded><difficult>0</difficult><bndbox><xmin>547</xmin><ymin>440</ymin><xmax>639</xmax><ymax>540</ymax></bndbox></object></annotation>