<annotation><folder>images</folder><filename>img_158.jpg</filename><size><width>1000</width><height>720</height><depth>3</depth></size><object><name>box</name><pose>Unspecified</pose><truncated>0</truncated><occluded>0</occluded><difficult>0</difficult><bndbox><xmin>155</xmin><ymin>160</ymin><xmax>202</xmax><ymax>227</ymax></bndbox></object><object><name>box</name><pose>Unspecified</pose><truncated>0</truncated><occluded>0</occluded><difficult>0</difficult><bndbox><xmin>433</xmin><ymin>330</ymin><xmax>524</xmax><ymax>443</ymax></bndbox></object><object><name>circle</name><pose>Unspecified</pose><truncated>0</truncated><occluded>0</occluded><difficult>0</difficult><bndbox><xmin>358</xmin><ymin>344</ymin><xmax>384</xmax><ymax>374</ymax></bndbox></object></annotation>