<annotation><folder>images</folder><filename>img_147.jpg</filename><size><width>1000</width><height>720</height><depth>3</depth></size><object><name>tree</name><pose>Unspecified</pose><truncated>0</truncated><occluded>0</occluded><difficult>0</difficult><bndbox><xmin>292</xmin><ymin>386</ymin><xmax>489</xmax><ymax>625</ymax></bndbox></object><object><name>box</name><pose>Unspecified</pose><truncated>0</truncated><occluded>0</occluded><difficult>0</difficult><bndbox><xmin>281</xmin><ymin>442</ymin><xmax>363</xmax><ymax>542</ymax></bndbox></object><object><name>box</name><pose>Unspecified</pose><truncated>0</truncated><occluded>0</occluded><difficult>0</difficult><bndbox><xmin>343</xmin><ymin>390</ymin><xmax>353</xmax><ymax>399</ymax></bndbox></object><object><name>tree</name><pose>Unspecified</pose><truncated>0</truncated><occluded>0</occluded><difficult>0</difficult><bndbox><xmin>777</xmin><ymin>315</ymin><xmax>888</xmax><ymax>420</ymax></bndbox></object></annotation>