<annotation><folder>images</folder><filename>img_166.jpg</filename><size><width>1000</width><height>720</height><depth>3</depth></size><object><name>circle</name><pose>Unspecified</pose><truncated>0</truncated><occluded>0</occluded><difficult>0</difficult><bndbox><xmin>614</xmin><ymin>401</ymin><xmax>740</xmax><ymax>547</ymax></bndbox></object><object><name>tree</name><pose>Unspecified</pose><truncated>0</truncated><occluded>0</occluded><difficult>0</difficult><bndbox><xmin>553</xmin><ymin>284</ymin><xmax>730</xmax><ymax>463</ymax></bndbox></object><object><name>x</name><pose>Unspecified</pose><truncated>0</truncated><occluded>0</occluded><difficult>0</difficult><bndbox><xmin>599</xmin><ymin>103</ymin><xmax>664</xmax><ymax>169</ymax></bndbox></object><object><name>path</name><pose>Unspecified</pose><truncated>0</truncated><occluded>0</occluded><difficult>0</difficult><bndbox><xmin>500</xmin><ymin>508</ymin><xmax>529</xmax><ymax>646</ymax></bndbox></object><object><name>tree</name><pose>Unspecified</pose><truncated>0</truncated><occluded>0</occluded><difficult>0</difficult><bndbox><xmin>108</xmin><ymin>460</ymin><xmax>213</xmax><ymax>560</ymax></bndbox></object><object><name>x</name><pose>Unspecified</pose><truncated>0</truncated><occluded>0</occluded><difficult>0</difficult><bndbox><xmin>593</xmin><ymin>270</ymin><xmax>670</xmax><ymax>344</ymax></bndbox></object></annotation>