<annotation><folder>images</folder><filename>img_86.jpg</filename><size><width>1000</width><height>720</height><depth>3</depth></size><object><name>tree</name><pose>Unspecified</pose><truncated>0</truncated><occluded>0</occluded><difficult>0</difficult><bndbox><xmin>341</xmin><ymin>252</ymin><xmax>657</xmax><ymax>524</ymax></bndbox></object><object><name>path</name><pose>Unspecified</pose><truncated>0</truncated><occluded>0</occluded><difficult>0</difficult><bndbox><xmin>295</xmin><ymin>170</ymin><xmax>930</xmax><ymax>817</ymax></bndbox></object><object><name>x</name><pose>Unspecified</pose><truncated>0</truncated><occluded>0</occluded><difficult>0</difficult><bndbox><xmin>723</xmin><ymin>362</ymin><xmax>748</xmax><ymax>416</ymax></bndbox></object></annotation>