<annotation><folder>images</folder><filename>img_224.jpg</filename><size><width>1000</width><height>720</height><depth>3</depth></size><object><name>box</name><pose>Unspecified</pose><truncated>0</truncated><occluded>0</occluded><difficult>0</difficult><bndbox><xmin>710</xmin><ymin>458</ymin><xmax>715</xmax><ymax>504</ymax></bndbox></object><object><name>tree</name><pose>Unspecified</pose><truncated>0</truncated><occluded>0</occluded><difficult>0</difficult><bndbox><xmin>357</xmin><ymin>338</ymin><xmax>572</xmax><ymax>576</ymax></bndbox></object><object><name>tree</name><pose>Unspecified</pose><truncated>0</truncated><occluded>0</occluded><difficult>0</difficult><bndbox><xmin>541</xmin><ymin>142</ymin><xmax>657</xmax><ymax>252</ymax></bndbox></object><object><name>circle</name><pose>Unspecified</pose><truncated>0</truncated><occluded>0</occluded><difficult>0</difficult><bndbox><xmin>193</xmin><ymin>502</ymin><xmax>241</xmax><ymax>560</ymax></bndbox></object><object><name>tree</name><pose>Unspecified</pose><truncated>0</truncated><occluded>0</occluded><difficult>0</difficult><bndbox><xmin>433</xmin><ymin>488</ymin><xmax>570</xmax><ymax>635</ymax></bndbox></object><object><name>circle</name><pose>Unspecified</pose><truncated>0</truncated><occluded>0</occluded><difficult>0</difficult><bndbox><xmin>546</xmin><ymin>261</ymin><xmax>700</xmax><ymax>463</ymax></bndbox></object></annotation>