<annotation><folder>images</folder><filename>img_229.jpg</filename><size><width>1000</width><height>720</height><depth>3</depth></size><object><name>path</name><pose>Unspecified</pose><truncated>0</truncated><occluded>0</occluded><difficult>0</difficult><bndbox><xmin>181</xmin><ymin>456</ymin><xmax>457</xmax><ymax>905</ymax></bndbox></object><object><name>path</name><pose>Unspecified</pose><truncated>0</truncated><occluded>0</occluded><difficult>0</difficult><bndbox><xmin>663</xmin><ymin>147</ymin><xmax>970</xmax><ymax>459</ymax></bndbox></object><object><name>tree</name><pose>Unspecified</pose><truncated>0</truncated><occluded>0</occluded><difficult>0</difficult><bndbox><xmin>675</xmin><ymin>394</ymin><xmax>857</xmax><ymax>582</ymax></bndbox></object><object><name>x</name><pose>Unspecified</pose><truncated>0</truncated><occluded>0</occluded><difficult>0</difficult><bndbox><xmin>728</xmin><ymin>116</ymin><xmax>1039</xmax><ymax>352</ymax></bndbox></object></annotation>