<annotation><folder>images</folder><filename>img_138.jpg</filename><size><width>1000</width><height>720</height><depth>3</depth></size><object><name>tree</name><pose>Unspecified</pose><truncated>0</truncated><occluded>0</occluded><difficult>0</difficult><bndbox><xmin>393</xmin><ymin>322</ymin><xmax>415</xmax><ymax>351</ymax></bndbox></object><object><name>box</name><pose>Unspecified</pose><truncated>0</truncated><occluded>0</occluded><difficult>0</difficult><bndbox><xmin>734</xmin><ymin>209</ymin><xmax>827</xmax><ymax>326</ymax></bndbox></object><object><name>circle</name><pose>Unspecified</pose><truncated>0</truncated><occluded>0</occluded><difficult>0</difficult><bndbox><xmin>368</xmin><ymin>361</ymin><xmax>465</xmax><ymax>464</ymax></bndbox></object><object><name>x</name><pose>Unspecified</pose><truncated>0</truncated><occluded>0</occluded><difficult>0</difficult><bndbox><xmin>186</xmin><ymin>156</ymin><xmax>268</xmax><ymax>338</ymax></bndbox></object><object><name>tree</name><pose>Unspecified</pose><truncated>0</truncated><occluded>0</occluded><difficult>0</difficult><bndbox><xmin>753</xmin><ymin>379</ymin><xmax>849</xmax><ymax>486</ymax></bndbox></object></annotation>