<annotation><folder>images</folder><filename>img_164.jpg</filename><size><width>1000</width><height>720</height><depth>3</depth></size><object><name>box</name><pose>Unspecified</pose><truncated>0</truncated><occluded>0</occluded><difficult>0</difficult><bndbox><xmin>605</xmin><ymin>479</ymin><xmax>619</xmax><ymax>662</ymax></bndbox></object><object><name>tree</name><pose>Unspecified</pose><truncated>0</truncated><occluded>0</occluded><difficult>0</difficult><bndbox><xmin>793</xmin><ymin>511</ymin><xmax>949</xmax><ymax>645</ymax></bndbox></object><object><name>path</name><pose>Unspecified</pose><truncated>0</truncated><occluded>0</occluded><difficult>0</difficult><bndbox><xmin>346</xmin><ymin>275</ymin><xmax>639</xmax><ymax>753</ymax></bndbox></object><object><name>circle</name><pose>Unspecified</pose><truncated>0</truncated><occluded>0</occluded><difficult>0</difficult><bndbox><xmin>465</xmin><ymin>194</ymin><xmax>587</xmax><ymax>327</ymax></bndbox></object><object><name>path</name><pose>Unspecified</pose><truncated>0</truncated><occluded>0</occluded><difficult>0</difficult><bndbox><xmin>704</xmin><ymin>509</ymin><xmax>906</xmax><ymax>837</ymax></bndbox></object><object><name>tree</name><pose>Unspecified</pose><truncated>0</truncated><occluded>0</occluded><difficult>0</difficult><bndbox><xmin>536</xmin><ymin>506</ymin><xmax>781</xmax><ymax>769</ymax></bndbox></object></annotation>