<annotation><folder>images</folder><filename>img_221.jpg</filename><size><width>1000</width><height>720</height><depth>3</depth></size><object><name>box</name><pose>Unspecified</pose><truncated>0</truncated><occluded>0</occluded><difficult>0</difficult><bndbox><xmin>349</xmin><ymin>209</ymin><xmax>428</xmax><ymax>267</ymax></bndbox></object><object><name>tree</name><pose>Unspecified</pose><truncated>0</truncated><occluded>0</occluded><difficult>0</difficult><bndbox><xmin>130</xmin><ymin>336</ymin><xmax>269</xmax><ymax>488</ymax></bndbox></object><object><name>x</name><pose>Unspecified</pose><truncated>0</truncated><occluded>0</occluded><difficult>0</difficult><bndbox><xmin>223</xmin><ymin>506</ymin><xmax>341</xmax><ymax>637</ymax></bndbox></object></annotation>