<annotation><folder>images</folder><filename>img_176.jpg</filename><size><width>1000</width><height>720</height><depth>3</depth></size><object><name>tree</name><pose>Unspecified</pose><truncated>0</truncated><occluded>0</occluded><difficult>0</difficult><bndbox><xmin>767</xmin><ymin>375</ymin><xmax>1031</xmax><ymax>670</ymax></bndbox></object><object><name>x</name><pose>Unspecified</pose><truncated>0</truncated><occluded>0</occluded><difficult>0</difficult><bndbox><xmin>628</xmin><ymin>212</ymin><xmax>684</xmax><ymax>294</ymax></bndbox></object><object><name>path</name><pose>Unspecified</pose><truncated>0</truncated><occluded>0</occluded><difficult>0</difficult><bndbox><xmin>786</xmin><ymin>468</ymin><xmax>1054</xmax><ymax>636</ymax></bndbox></object><object><name>tree</name><pose>Unspecified</pose><truncated>0</truncated><occluded>0</occluded><difficult>0</difficult><bndbox><xmin>360</xmin><ymin>233</ymin><xmax>465</xmax><ymax>341</ymax></bndbox></object><object><name>tree</name><pose>Unspecified</pose><truncated>0</truncated><occluded>0</occluded><difficult>0</difficult><bndbox><xmin>612</xmin><ymin>447</ymin><xmax>784</xmax><ymax>632</ymax></bndbox></object><object><name>x</name><pose>Unspecified</pose><truncated>0</truncated><occluded>0</occluded><difficult>0</difficult><bndbox><xmin>314</xmin><ymin>481</ymin><xmax>350</xmax><ymax>515</ymax></bndbox></object></annotation>