<annotation><folder>images</folder><filename>img_203.jpg</filename><size><width>1000</width><height>720</height><depth>3</depth></size><object><name>tree</name><pose>Unspecified</pose><truncated>0</truncated><occluded>0</occluded><difficult>0</difficult><bndbox><xmin>206</xmin><ymin>237</ymin><xmax>345</xmax><ymax>378</ymax></bndbox></object><object><name>tree</name><pose>Unspecified</pose><truncated>0</truncated><occluded>0</occluded><difficult>0</difficult><bndbox><xmin>392</xmin><ymin>502</ymin><xmax>546</xmax><ymax>685</ymax></bndbox></object><object><name>path</name><pose>Unspecified</pose><truncated>0</truncated><occluded>0</occluded><difficult>0</difficult><bndbox><xmin>135</xmin><ymin>388</ymin><xmax>242</xmax><ymax>704</ymax></bndbox></object><object><name>x</name><pose>Unspecified</pose><truncated>0</truncated><occluded>0</occluded><difficult>0</difficult><bndbox><xmin>129</xmin><ymin>373</ymin><xmax>165</xmax><ymax>426</ymax></bndbox></object></annotation>