<annotation><folder>images</folder><filename>img_117.jpg</filename><size><width>1000</width><height>720</height><depth>3</depth></size><object><name>tree</name><pose>Unspecified</pose><truncated>0</truncated><occluded>0</occluded><difficult>0</difficult><bndbox><xmin>177</xmin><ymin>457</ymin><xmax>312</xmax><ymax>591</ymax></bndbox></object><object><name>box</name><pose>Unspecified</pose><truncated>0</truncated><occluded>0</occluded><difficult>0</difficult><bndbox><xmin>642</xmin><ymin>483</ymin><xmax>764</xmax><ymax>547</ymax></bndbox></object><object><name>path</name><pose>Unspecified</pose><truncated>0</truncated><occluded>0</occluded><difficult>0</difficult><bndbox><xmin>408</xmin><ymin>462</ymin><xmax>608</xmax><ymax>705</ymax></bndbox></object><object><name>path</name><pose>Unspecified</pose><truncated>0</truncated><occluded>0</occluded><difficult>0</difficult><bndbox><xmin>326</xmin><ymin>208</ymin><xmax>755</xmax><ymax>730</ymax></bndbox></object><object><name>x</name><pose>Unspecified</pose><truncated>0</truncated><occluded>0</occluded><difficult>0</difficult><bndbox><xmin>185</xmin><ymin>153</ymin><xmax>280</xmax><ymax>252</ymax></bndbox></object></annotation>