<annotation><folder>images</folder><filename>img_205.jpg</filename><size><width>1000</width><height>720</height><depth>3</depth></size><object><name>box</name><pose>Unspecified</pose><truncated>0</truncated><occluded>0</occluded><difficult>0</difficult><bndbox><xmin>332</xmin><ymin>422</ymin><xmax>617</xmax><ymax>622</ymax></bndbox></object><object><name>x</name><pose>Unspecified</pose><truncated>0</truncated><occluded>0</occluded><difficult>0</difficult><bndbox><xmin>784</xmin><ymin>134</ymin><xmax>824</xmax><ymax>204</ymax></bndbox></object><object><name>circle</name><pose>Unspecified</pose><truncated>0</truncated><occluded>0</occluded><difficult>0</difficult><bndbox><xmin>739</xmin><ymin>456</ymin><xmax>851</xmax><ymax>578</ymax></bndbox></object></annotation>