<annotation><folder>images</folder><filename>img_289.jpg</filename><size><width>1000</width><height>720</height><depth>3</depth></size><object><name>tree</name><pose>Unspecified</pose><truncated>0</truncated><occluded>0</occluded><difficult>0</difficult><bndbox><xmin>111</xmin><ymin>129</ymin><xmax>377</xmax><ymax>420</ymax></bndbox></object><object><name>circle</name><pose>Unspecified</pose><truncated>0</truncated><occluded>0</occluded><difficult>0</difficult><bndbox><xmin>557</xmin><ymin>514</ymin><xmax>628</xmax><ymax>590</ymax></bndbox></object><object><name>x</name><pose>Unspecified</pose><truncated>0</truncated><occluded>0</occluded><difficult>0</difficult><bndbox><xmin>447</xmin><ymin>348</ymin><xmax>479</xmax><ymax>394</ymax></bndbox></object><object><name>tree</name><pose>Unspecified</pose><truncated>0</truncated><occluded>0</occluded><difficult>0</difficult><bndbox><xmin>480</xmin><ymin>307</ymin><xmax>605</xmax><ymax>435</ymax></bndbox></object><object><name>box</name><pose>Unspecified</pose><truncated>0</truncated><occluded>0</occluded><difficult>0</difficult><bndbox><xmin>569</xmin><ymin>361</ymin><xmax>714</xmax><ymax>483</ymax></bndbox></object></annotation>