<annotation><folder>images</folder><filename>img_146.jpg</filename><size><width>1000</width><height>720</height><depth>3</depth></size><object><name>tree</name><pose>Unspecified</pose><truncated>0</truncated><occluded>0</occluded><difficult>0</difficult><bndbox><xmin>242</xmin><ymin>159</ymin><xmax>342</xmax><ymax>270</ymax></bndbox></object><object><name>path</name><pose>Unspecified</pose><truncated>0</truncated><occluded>0</occluded><difficult>0</difficult><bndbox><xmin>248</xmin><ymin>263</ymin><xmax>616</xmax><ymax>682</ymax></bndbox></object><object><name>circle</name><pose>Unspecified</pose><truncated>0</truncated><occluded>0</occluded><difficult>0</difficult><bndbox><xmin>187</xmin><ymin>109</ymin><xmax>227</xmax><ymax>161</ymax></bndbox></object><object><name>tree</name><pose>Unspecified</pose><truncated>0</truncated><occluded>0</occluded><difficult>0</difficult><bndbox><xmin>177</xmin><ymin>224</ymin><xmax>352</xmax><ymax>446</ymax></bndbox></object></annotation>