<annotation><folder>images</folder><filename>img_91.jpg</filename><size><width>1000</width><height>720</height><depth>3</depth></size><object><name>path</name><pose>Unspecified</pose><truncated>0</truncated><occluded>0</occluded><difficult>0</difficult><bndbox><xmin>734</xmin><ymin>268</ymin><xmax>939</xmax><ymax>477</ymax></bndbox></object><object><name>circle</name><pose>Unspecified</pose><truncated>0</truncated><occluded>0</occluded><difficult>0</difficult><bndbox><xmin>392</xmin><ymin>133</ymin><xmax>483</xmax><ymax>235</ymax></bndbox></object><object><name>tree</name><pose>Unspecified</pose><truncated>0</truncated><occluded>0</occluded><difficult>0</difficult><bndbox><xmin>615</xmin><ymin>346</ymin><xmax>744</xmax><ymax>457</ymax></bndbox></object><object><name>box</name><pose>Unspecified</pose><truncated>0</truncated><occluded>0</occluded><difficult>0</difficult><bndbox><xmin>217</xmin><ymin>467</ymin><xmax>226</xmax><ymax>575</ymax></bndbox></object></annotation>