<annotation><folder>images</folder><filename>img_143.jpg</filename><size><width>1000</width><height>720</height><depth>3</depth></size><object><name>tree</name><pose>Unspecified</pose><truncated>0</truncated><occluded>0</occluded><difficult>0</difficult><bndbox><xmin>492</xmin><ymin>362</ymin><xmax>642</xmax><ymax>542</ymax></bndbox></object><object><name>x</name><pose>Unspecified</pose><truncated>0</truncated><occluded>0</occluded><difficult>0</difficult><bndbox><xmin>619</xmin><ymin>452</ymin><xmax>716</xmax><ymax>610</ymax></bndbox></object><object><name>x</name><pose>Unspecified</pose><truncated>0</truncated><occluded>0</occluded><difficult>0</difficult><bndbox><xmin>379</xmin><ymin>210</ymin><xmax>459</xmax><ymax>324</ymax></bndbox></object><object><name>tree</name><pose>Unspecified</pose><truncated>0</truncated><occluded>0</occluded><difficult>0</difficult><bndbox><xmin>632</xmin><ymin>341</ymin><xmax>697</xmax><ymax>416</ymax></bndbox></object></annotation>