<annotation><folder>images</folder><filename>img_29.jpg</filename><size><width>1000</width><height>720</height><depth>3</depth></size><object><name>x</name><pose>Unspecified</pose><truncated>0</truncated><occluded>0</occluded><difficult>0</difficult><bndbox><xmin>627</xmin><ymin>240</ymin><xmax>737</xmax><ymax>344</ymax></bndbox></object><object><name>circle</name><pose>Unspecified</pose><truncated>0</truncated><occluded>0</occluded><difficult>0</difficult><bndbox><xmin>596</xmin><ymin>498</ymin><xmax>626</xmax><ymax>551</ymax></bndbox></object><object><name>circle</name><pose>Unspecified</pose><truncated>0</truncated><occluded>0</occluded><difficult>0</difficult><bndbox><xmin>196</xmin><ymin>291</ymin><xmax>229</xmax><ymax>327</ymax></bndbox></object></annotation>