<annotation><folder>images</folder><filename>img_115.jpg</filename><size><width>1000</width><height>720</height><depth>3</depth></size><object><name>circle</name><pose>Unspecified</pose><truncated>0</truncated><occluded>0</occluded><difficult>0</difficult><bndbox><xmin>469</xmin><ymin>157</ymin><xmax>558</xmax><ymax>273</ymax></bndbox></object><object><name>tree</name><pose>Unspecified</pose><truncated>0</truncated><occluded>0</occluded><difficult>0</difficult><bndbox><xmin>105</xmin><ymin>331</ymin><xmax>346</xmax><ymax>567</ymax></bndbox></object><object><name>circle</name><pose>Unspecified</pose><truncated>0</truncated><occluded>0</occluded><difficult>0</difficult><bndbox><xmin>402</xmin><ymin>291</ymin><xmax>554</xmax><ymax>483</ymax></bndbox></object><object><name>box</name><pose>Unspecified</pose><truncated>0</truncated><occluded>0</occluded><difficult>0</difficult><bndbox><xmin>465</xmin><ymin>107</ymin><xmax>493</xmax><ymax>130</ymax></bndbox></object><object><name>tree</name><pose>Unspecified</pose><truncated>0</truncated><occluded>0</occluded><difficult>0</difficult><bndbox><xmin>132</xmin><ymin>357</ymin><xmax>243</xmax><ymax>469</ymax></bndbox></object><object><name>path</name><pose>Unspecified</pose><truncated>0</truncated><occluded>0</occluded><difficult>0</difficult><bndbox><xmin>500</xmin><ymin>272</ymin><xmax>676</xmax><ymax>472</ymax></bndbox></object></annotation>