<annotation><folder>images</folder><filename>img_84.jpg</filename><size><width>1000</width><height>720</height><depth>3</depth></size><object><name>path</name><pose>Unspecified</pose><truncated>0</truncated><occluded>0</occluded><difficult>0</difficult><bndbox><xmin>289</xmin><ymin>326</ymin><xmax>596</xmax><ymax>701</ymax></bndbox></object><object><name>circle</name><pose>Unspecified</pose><truncated>0</truncated><occluded>0</occluded><difficult>0</difficult><bndbox><xmin>408</xmin><ymin>483</ymin><xmax>472</xmax><ymax>561</ymax></bndbox></object><object><name>path</name><pose>Unspecified</pose><truncated>0</truncated><occluded>0</occluded><difficult>0</difficult><bndbox><xmin>576</xmin><ymin>295</ymin><xmax>1073</xmax><ymax>862</ymax></bndbox></object><object><name>path</name><pose>Unspecified</pose><truncated>0</truncated><occluded>0</occluded><difficult>0</difficult><bndbox><xmin>679</xmin><ymin>169</ymin><xmax>1297</xmax><ymax>931</ymax></bndbox></object><object><name>path</name><pose>Unspecified</pose><truncated>0</truncated><occluded>0</occluded><difficult>0</difficult><bndbox><xmin>527</xmin><ymin>476</ymin><xmax>994</xmax><ymax>769</ymax></bndbox></object><object><name>box</name><pose>Unspecified</pose><truncated>0</truncated><occluded>0</occluded><difficult>0</difficult><bndbox><xmin>464</xmin><ymin>280</ymin><xmax>525</xmax><ymax>356</ymax></bndbox></object></annotation>