<annotation><folder>images</folder><filename>img_263.jpg</filename><size><width>1000</width><height>720</height><depth>3</depth></size><object><name>x</name><pose>Unspecified</pose><truncated>0</truncated><occluded>0</occluded><difficult>0</difficult><bndbox><xmin>503</xmin><ymin>461</ymin><xmax>608</xmax><ymax>616</ymax></bndbox></object><object><name>x</name><pose>Unspecified</pose><truncated>0</truncated><occluded>0</occluded><difficult>0</difficult><bndbox><xmin>256</xmin><ymin>409</ymin><xmax>278</xmax><ymax>435</ymax></bndbox></object><object><name>path</name><pose>Unspecified</pose><truncated>0</truncated><occluded>0</occluded><difficult>0</difficult><bndbox><xmin>494</xmin><ymin>494</ymin><xmax>723</xmax><ymax>1178</ymax></bndbox></object><object><name>path</name><pose>Unspecified</pose><truncated>0</truncated><occluded>0</occluded><difficult>0</difficult><bndbox><xmin>487</xmin><ymin>350</ymin><xmax>699</xmax><ymax>1067</ymax></bndbox></object></annotation>