<annotation><folder>images</folder><filename>img_236.jpg</filename><size><width>1000</width><height>720</height><depth>3</depth></size><object><name>x</name><pose>Unspecified</pose><truncated>0</truncated><occluded>0</occluded><difficult>0</difficult><bndbox><xmin>122</xmin><ymin>417</ymin><xmax>288</xmax><ymax>594</ymax></bndbox></object><object><name>tree</name><pose>Unspecified</pose><truncated>0</truncated><occluded>0</occluded><difficult>0</difficult><bndbox><xmin>146</xmin><ymin>368</ymin><xmax>302</xmax><ymax>541</ymax></bndbox></object><object><name>circle</name><pose>Unspecified</pose><truncated>0</truncated><occluded>0</occluded><difficult>0</difficult><bndbox><xmin>546</xmin><ymin>170</ymin><xmax>574</xmax><ymax>204</ymax></bndbox></object><object><name>path</name><pose>Unspecified</pose><truncated>0</truncated><occluded>0</occluded><difficult>0</difficult><bndbox><xmin>548</xmin><ymin>300</ymin><xmax>733</xmax><ymax>926</ymax></bndbox></object></annotation>