<annotation><folder>images</folder><filename>img_129.jpg</filename><size><width>1000</width><height>720</height><depth>3</depth></size><object><name>x</name><pose>Unspecified</pose><truncated>0</truncated><occluded>0</occluded><difficult>0</difficult><bndbox><xmin>269</xmin><ymin>125</ymin><xmax>283</xmax><ymax>142</ymax></bndbox></object><object><name>tree</name><pose>Unspecified</pose><truncated>0</truncated><occluded>0</occluded><difficult>0</difficult><bndbox><xmin>137</xmin><ymin>272</ymin><xmax>304</xmax><ymax>459</ymax></bndbox></object><object><name>path</name><pose>Unspecified</pose><truncated>0</truncated><occluded>0</occluded><difficult>0</difficult><bndbox><xmin>591</xmin><ymin>467</ymin><xmax>789</xmax><ymax>846</ymax></bndbox></object><object><name>circle</name><pose>Unspecified</pose><truncated>0</truncated><occluded>0</occluded><difficult>0</difficult><bndbox><xmin>273</xmin><ymin>243</ymin><xmax>450</xmax><ymax>405</ymax></bndbox></object><object><name>circle</name><pose>Unspecified</pose><truncated>0</truncated><occluded>0</occluded><difficult>0</difficult><bndbox><xmin>376</xmin><ymin>185</ymin><xmax>426</xmax><ymax>240</ymax></bndbox></object><object><name>circle</name><pose>Unspecified</pose><truncated>0</truncated><occluded>0</occluded><difficult>0</difficult><bndbox><xmin>388</xmin><ymin>259</ymin><xmax>436</xmax><ymax>312</ymax></bndbox></object></annotation>