<annotation><folder>images</folder><filename>img_5.jpg</filename><size><width>1000</width><height>720</height><depth>3</depth></size><object><name>circle</name><pose>Unspecified</pose><truncated>0</truncated><occluded>0</occluded><difficult>0</difficult><bndbox><xmin>330</xmin><ymin>383</ymin><xmax>477</xmax><ymax>540</ymax></bndbox></object><object><name>x</name><pose>Unspecified</pose><truncated>0</truncated><occluded>0</occluded><difficult>0</difficult><bndbox><xmin>325</xmin><ymin>264</ymin><xmax>404</xmax><ymax>397</ymax></bndbox></object><object><name>path</name><pose>Unspecified</pose><truncated>0</truncated><occluded>0</occluded><difficult>0</difficult><bndbox><xmin>233</xmin><ymin>344</ymin><xmax>485</xmax><ymax>651</ymax></bndbox></object><object><name>circle</name><pose>Unspecified</pose><truncated>0</truncated><occluded>0</occluded><difficult>0</difficult><bndbox><xmin>112</xmin><ymin>464</ymin><xmax>223</xmax><ymax>593</ymax></bndbox></object><object><name>circle</name><pose>Unspecified</pose><truncated>0</truncated><occluded>0</occluded><difficult>0</difficult><bndbox><xmin>414</xmin><ymin>294</ymin><xmax>550</xmax><ymax>442</ymax></bndbox></object><object><name>x</name><pose>Unspecified</pose><truncated>0</truncated><occluded>0</occluded><difficult>0</difficult><bndbox><xmin>408</xmin><ymin>492</ymin><xmax>575</xmax><ymax>748</ymax></bndbox></object></annotation>