<annotation><folder>images</folder><filename>img_65.jpg</filename><size><width>1000</width><height>720</height><depth>3</depth></size><object><name>circle</name><pose>Unspecified</pose><truncated>0</truncated><occluded>0</occluded><difficult>0</difficult><bndbox><xmin>222</xmin><ymin>146</ymin><xmax>339</xmax><ymax>271</ymax></bndbox></object><object><name>path</name><pose>Unspecified</pose><truncated>0</truncated><occluded>0</occluded><difficult>0</difficult><bndbox><xmin>790</xmin><ymin>253</ymin><xmax>1297</xmax><ymax>830</ymax></bndbox></object><object><name>circle</name><pose>Unspecified</pose><truncated>0</truncated><occluded>0</occluded><difficult>0</difficult><bndbox><xmin>600</xmin><ymin>122</ymin><xmax>674</xmax><ymax>206</ymax></bndbox></object><object><name>x</name><pose>Unspecified</pose><truncated>0</truncated><occluded>0</occluded><difficult>0</difficult><bndbox><xmin>797</xmin><ymin>207</ymin><xmax>843</xmax><ymax>283</ymax></bndbox></object></annotation>