<annotation><folder>images</folder><filename>img_28.jpg</filename><size><width>1000</width><height>720</height><depth>3</depth></size><object><name>circle</name><pose>Unspecified</pose><truncated>0</truncated><occluded>0</occluded><difficult>0</difficult><bndbox><xmin>388</xmin><ymin>489</ymin><xmax>427</xmax><ymax>531</ymax></bndbox></object><object><name>circle</name><pose>Unspecified</pose><truncated>0</truncated><occluded>0</occluded><difficult>0</difficult><bndbox><xmin>737</xmin><ymin>295</ymin><xmax>827</xmax><ymax>385</ymax></bndbox></object><object><name>box</name><pose>Unspecified</pose><truncated>0</truncated><occluded>0</occluded><difficult>0</difficult><bndbox><xmin>367</xmin><ymin>253</ymin><xmax>587</xmax><ymax>407</ymax></bndbox></object><object><name>path</name><pose>Unspecified</pose><truncated>0</truncated><occluded>0</occluded><difficult>0</difficult><bndbox><xmin>674</xmin><ymin>226</ymin><xmax>875</xmax><ymax>353</ymax></bndbox></object><object><name>tree</name><pose>Unspecified</pose><truncated>0</truncated><occluded>0</occluded><difficult>0</difficult><bndbox><xmin>725</xmin><ymin>249</ymin><xmax>819</xmax><ymax>359</ymax></bndbox></object><object><name>tree</name><pose>Unspecified</pose><truncated>0</truncated><occluded>0</occluded><difficult>0</difficult><bndbox><xmin>266</xmin><ymin>214</ymin><xmax>415</xmax><ymax>373</ymax></bndbox></object></annotation>