<annotation><folder>images</folder><filename>img_274.jpg</filename><size><width>1000</width><height>720</height><depth>3</depth></size><object><name>tree</name><pose>Unspecified</pose><truncated>0</truncated><occluded>0</occluded><difficult>0</difficult><bndbox><xmin>100</xmin><ymin>416</ymin><xmax>279</xmax><ymax>618</ymax></bndbox></object><object><name>circle</name><pose>Unspecified</pose><truncated>0</truncated><occluded>0</occluded><difficult>0</difficult><bndbox><xmin>536</xmin><ymin>251</ymin><xmax>607</xmax><ymax>333</ymax></bndbox></object><object><name>tree</name><pose>Unspecified</pose><truncated>0</truncated><occluded>0</occluded><difficult>0</difficult><bndbox><xmin>669</xmin><ymin>362</ymin><xmax>729</xmax><ymax>427</ymax></bndbox></object><object><name>tree</name><pose>Unspecified</pose><truncated>0</truncated><occluded>0</occluded><difficult>0</difficult><bndbox><xmin>525</xmin><ymin>511</ymin><xmax>641</xmax><ymax>656</ymax></bndbox></object></annotation>