<annotation><folder>images</folder><filename>img_114.jpg</filename><size><width>1000</width><height>720</height><depth>3</depth></size><object><name>x</name><pose>Unspecified</pose><truncated>0</truncated><occluded>0</occluded><difficult>0</difficult><bndbox><xmin>604</xmin><ymin>347</ymin><xmax>640</xmax><ymax>401</ymax></bndbox></object><object><name>circle</name><pose>Unspecified</pose><truncated>0</truncated><occluded>0</occluded><difficult>0</difficult><bndbox><xmin>682</xmin><ymin>432</ymin><xmax>779</xmax><ymax>538</ymax></bndbox></object><object><name>tree</name><pose>Unspecified</pose><truncated>0</truncated><occluded>0</occluded><difficult>0</difficult><bndbox><xmin>292</xmin><ymin>282</ymin><xmax>515</xmax><ymax>503</ymax></bndbox></object><object><name>tree</name><pose>Unspecified</pose><truncated>0</truncated><occluded>0</occluded><difficult>0</difficult><bndbox><xmin>279</xmin><ymin>209</ymin><xmax>476</xmax><ymax>408</ymax></bndbox></object></annotation>