<annotation><folder>images</folder><filename>img_102.jpg</filename><size><width>1000</width><height>720</height><depth>3</depth></size><object><name>box</name><pose>Unspecified</pose><truncated>0</truncated><occluded>0</occluded><difficult>0</difficult><bndbox><xmin>261</xmin><ymin>375</ymin><xmax>533</xmax><ymax>515</ymax></bndbox></object><object><name>x</name><pose>Unspecified</pose><truncated>0</truncated><occluded>0</occluded><difficult>0</difficult><bndbox><xmin>145</xmin><ymin>217</ymin><xmax>261</xmax><ymax>353</ymax></bndbox></object><object><name>tree</name><pose>Unspecified</pose><truncated>0</truncated><occluded>0</occluded><difficult>0</difficult><bndbox><xmin>123</xmin><ymin>198</ymin><xmax>238</xmax><ymax>324</ymax></bndbox></object><object><name>path</name><pose>Unspecified</pose><truncated>0</truncated><occluded>0</occluded><difficult>0</difficult><bndbox><xmin>243</xmin><ymin>318</ymin><xmax>317</xmax><ymax>535</ymax></bndbox></object><object><name>tree</name><pose>Unspecified</pose><truncated>0</truncated><occluded>0</occluded><difficult>0</difficult><bndbox><xmin>391</xmin><ymin>210</ymin><xmax>695</xmax><ymax>542</ymax></bndbox></object><object><name>box</name><pose>Unspecified</pose><truncated>0</truncated><occluded>0</occluded><difficult>0</difficult><bndbox><xmin>112</xmin><ymin>474</ymin><xmax>237</xmax><ymax>561</ymax></bndbox></object></annotation>