<annotation><folder>images</folder><filename>img_213.jpg</filename><size><width>1000</width><height>720</height><depth>3</depth></size><object><name>box</name><pose>Unspecified</pose><truncated>0</truncated><occluded>0</occluded><difficult>0</difficult><bndbox><xmin>731</xmin><ymin>470</ymin><xmax>863</xmax><ymax>539</ymax></bndbox></object><object><name>box</name><pose>Unspecified</pose><truncated>0</truncated><occluded>0</occluded><difficult>0</difficult><bndbox><xmin>634</xmin><ymin>340</ymin><xmax>657</xmax><ymax>345</ymax></bndbox></object><object><name>path</name><pose>Unspecified</pose><truncated>0</truncated><occluded>0</occluded><difficult>0</difficult><bndbox><xmin>168</xmin><ymin>224</ymin><xmax>225</xmax><ymax>315</ymax></bndbox></object></annotation>