<annotation><folder>images</folder><filename>img_141.jpg</filename><size><width>1000</width><height>720</height><depth>3</depth></size><object><name>box</name><pose>Unspecified</pose><truncated>0</truncated><occluded>0</occluded><difficult>0</difficult><bndbox><xmin>129</xmin><ymin>395</ymin><xmax>278</xmax><ymax>499</ymax></bndbox></object><object><name>box</name><pose>Unspecified</pose><truncated>0</truncated><occluded>0</occluded><difficult>0</difficult><bndbox><xmin>784</xmin><ymin>492</ymin><xmax>797</xmax><ymax>661</ymax></bndbox></object><object><name>tree</name><pose>Unspecified</pose><truncated>0</truncated><occluded>0</occluded><difficult>0</difficult><bndbox><xmin>761</xmin><ymin>468</ymin><xmax>1026</xmax><ymax>757</ymax></bndbox></object></annotation>