<annotation><folder>images</folder><filename>img_220.jpg</filename><size><width>1000</width><height>720</height><depth>3</depth></size><object><name>circle</name><pose>Unspecified</pose><truncated>0</truncated><occluded>0</occluded><difficult>0</difficult><bndbox><xmin>274</xmin><ymin>317</ymin><xmax>437</xmax><ymax>478</ymax></bndbox></object><object><name>circle</name><pose>Unspecified</pose><truncated>0</truncated><occluded>0</occluded><difficult>0</difficult><bndbox><xmin>189</xmin><ymin>166</ymin><xmax>358</xmax><ymax>349</ymax></bndbox></object><object><name>x</name><pose>Unspecified</pose><truncated>0</truncated><occluded>0</occluded><difficult>0</difficult><bndbox><xmin>727</xmin><ymin>103</ymin><xmax>844</xmax><ymax>239</ymax></bndbox></object><object><name>tree</name><pose>Unspecified</pose><truncated>0</truncated><occluded>0</occluded><difficult>0</difficult><bndbox><xmin>687</xmin><ymin>394</ymin><xmax>834</xmax><ymax>560</ymax></bndbox></object></annotation>