<annotation><folder>images</folder><filename>img_249.jpg</filename><size><width>1000</width><height>720</height><depth>3</depth></size><object><name>circle</name><pose>Unspecified</pose><truncated>0</truncated><occluded>0</occluded><difficult>0</difficult><bndbox><xmin>738</xmin><ymin>282</ymin><xmax>790</xmax><ymax>353</ymax></bndbox></object><object><name>path</name><pose>Unspecified</pose><truncated>0</truncated><occluded>0</occluded><difficult>0</difficult><bndbox><xmin>118</xmin><ymin>270</ymin><xmax>676</xmax><ymax>950</ymax></bndbox></object><object><name>box</name><pose>Unspecified</pose><truncated>0</truncated><occluded>0</occluded><difficult>0</difficult><bndbox><xmin>793</xmin><ymin>162</ymin><xmax>868</xmax><ymax>269</ymax></bndbox></object></annotation>