<annotation><folder>images</folder><filename>img_211.jpg</filename><size><width>1000</width><height>720</height><depth>3</depth></size><object><name>tree</name><pose>Unspecified</pose><truncated>0</truncated><occluded>0</occluded><difficult>0</difficult><bndbox><xmin>710</xmin><ymin>309</ymin><xmax>731</xmax><ymax>337</ymax></bndbox></object><object><name>circle</name><pose>Unspecified</pose><truncated>0</truncated><occluded>0</occluded><difficult>0</difficult><bndbox><xmin>199</xmin><ymin>242</ymin><xmax>249</xmax><ymax>306</ymax></bndbox></object><object><name>path</name><pose>Unspecified</pose><truncated>0</truncated><occluded>0</occluded><difficult>0</difficult><bndbox><xmin>115</xmin><ymin>288</ymin><xmax>375</xmax><ymax>954</ymax></bndbox></object></annotation>