<annotation><folder>images</folder><filename>img_266.jpg</filename><size><width>1000</width><height>720</height><depth>3</depth></size><object><name>box</name><pose>Unspecified</pose><truncated>0</truncated><occluded>0</occluded><difficult>0</difficult><bndbox><xmin>668</xmin><ymin>383</ymin><xmax>733</xmax><ymax>475</ymax></bndbox></object><object><name>circle</name><pose>Unspecified</pose><truncated>0</truncated><occluded>0</occluded><difficult>0</difficult><bndbox><xmin>619</xmin><ymin>357</ymin><xmax>734</xmax><ymax>471</ymax></bndbox></object><object><name>tree</name><pose>Unspecified</pose><truncated>0</truncated><occluded>0</occluded><difficult>0</difficult><bndbox><xmin>345</xmin><ymin>227</ymin><xmax>623</xmax><ymax>553</ymax></bndbox></object><object><name>tree</name><pose>Unspecified</pose><truncated>0</truncated><occluded>0</occluded><difficult>0</difficult><bndbox><xmin>273</xmin><ymin>149</ymin><xmax>333</xmax><ymax>210</ymax></bndbox></object><object><name>circle</name><pose>Unspecified</pose><truncated>0</truncated><occluded>0</occluded><difficult>0</difficult><bndbox><xmin>559</xmin><ymin>350</ymin><xmax>756</xmax><ymax>530</ymax></bndbox></object><object><name>path</name><pose>Unspecified</pose><truncated>0</truncated><occluded>0</occluded><difficult>0</difficult><bndbox><xmin>717</xmin><ymin>352</ymin><xmax>982</xmax><ymax>904</ymax></bndbox></object></annotation>