<annotation><folder>images</folder><filename>img_88.jpg</filename><size><width>1000</width><height>720</height><depth>3</depth></size><object><name>path</name><pose>Unspecified</pose><truncated>0</truncated><occluded>0</occluded><difficult>0</difficult><bndbox><xmin>259</xmin><ymin>209</ymin><xmax>885</xmax><ymax>846</ymax></bndbox></object><object><name>x</name><pose>Unspecified</pose><truncated>0</truncated><occluded>0</occluded><difficult>0</difficult><bndbox><xmin>122</xmin><ymin>491</ymin><xmax>181</xmax><ymax>576</ymax></bndbox></object><object><name>tree</name><pose>Unspecified</pose><truncated>0</truncated><occluded>0</occluded><difficult>0</difficult><bndbox><xmin>675</xmin><ymin>503</ymin><xmax>860</xmax><ymax>701</ymax></bndbox></object></annotation>