<annotation><folder>images</folder><filename>img_195.jpg</filename><size><width>1000</width><height>720</height><depth>3</depth></size><object><name>circle</name><pose>Unspecified</pose><truncated>0</truncated><occluded>0</occluded><difficult>0</difficult><bndbox><xmin>191</xmin><ymin>165</ymin><xmax>271</xmax><ymax>274</ymax></bndbox></object><object><name>box</name><pose>Unspecified</pose><truncated>0</truncated><occluded>0</occluded><difficult>0</difficult><bndbox><xmin>631</xmin><ymin>188</ymin><xmax>773</xmax><ymax>376</ymax></bndbox></object><object><name>x</name><pose>Unspecified</pose><truncated>0</truncated><occluded>0</occluded><difficult>0</difficult><bndbox><xmin>568</xmin><ymin>168</ymin><xmax>595</xmax><ymax>248</ymax></bndbox></object><object><name>circle</name><pose>Unspecified</pose><truncated>0</truncated><occluded>0</occluded><difficult>0</difficult><bndbox><xmin>416</xmin><ymin>407</ymin><xmax>451</xmax><ymax>449</ymax></bndbox></object><object><name>path</name><pose>Unspecified</pose><truncated>0</truncated><occluded>0</occluded><difficult>0</difficult><bndbox><xmin>677</xmin><ymin>224</ymin><xmax>1098</xmax><ymax>489</ymax></bndbox></object></annotation>