<annotation><folder>images</folder><filename>img_73.jpg</filename><size><width>1000</width><height>720</height><depth>3</depth></size><object><name>box</name><pose>Unspecified</pose><truncated>0</truncated><occluded>0</occluded><difficult>0</difficult><bndbox><xmin>604</xmin><ymin>294</ymin><xmax>798</xmax><ymax>395</ymax></bndbox></object><object><name>tree</name><pose>Unspecified</pose><truncated>0</truncated><occluded>0</occluded><difficult>0</difficult><bndbox><xmin>412</xmin><ymin>204</ymin><xmax>648</xmax><ymax>470</ymax></bndbox></object><object><name>path</name><pose>Unspecified</pose><truncated>0</truncated><occluded>0</occluded><difficult>0</difficult><bndbox><xmin>456</xmin><ymin>403</ymin><xmax>661</xmax><ymax>737</ymax></bndbox></object><object><name>path</name><pose>Unspecified</pose><truncated>0</truncated><occluded>0</occluded><difficult>0</difficult><bndbox><xmin>353</xmin><ymin>159</ymin><xmax>989</xmax><ymax>933</ymax></bndbox></object><object><name>x</name><pose>Unspecified</pose><truncated>0</truncated><occluded>0</occluded><difficult>0</difficult><bndbox><xmin>583</xmin><ymin>406</ymin><xmax>753</xmax><ymax>658</ymax></bndbox></object><object><name>box</name><pose>Unspecified</pose><truncated>0</truncated><occluded>0</occluded><difficult>0</difficult><bndbox><xmin>311</xmin><ymin>321</ymin><xmax>386</xmax><ymax>414</ymax></bndbox></object></annotation>