<annotation><folder>images</folder><filename>img_139.jpg</filename><size><width>1000</width><height>720</height><depth>3</depth></size><object><name>circle</name><pose>Unspecified</pose><truncated>0</truncated><occluded>0</occluded><difficult>0</difficult><bndbox><xmin>199</xmin><ymin>222</ymin><xmax>267</xmax><ymax>288</ymax></bndbox></object><object><name>tree</name><pose>Unspecified</pose><truncated>0</truncated><occluded>0</occluded><difficult>0</difficult><bndbox><xmin>237</xmin><ymin>100</ymin><xmax>298</xmax><ymax>163</ymax></bndbox></object><object><name>x</name><pose>Unspecified</pose><truncated>0</truncated><occluded>0</occluded><difficult>0</difficult><bndbox><xmin>514</xmin><ymin>148</ymin><xmax>741</xmax><ymax>309</ymax></bndbox></object></annotation>