<annotation><folder>images</folder><filename>img_10.jpg</filename><size><width>1000</width><height>720</height><depth>3</depth></size><object><name>path</name><pose>Unspecified</pose><truncated>0</truncated><occluded>0</occluded><difficult>0</difficult><bndbox><xmin>317</xmin><ymin>279</ymin><xmax>517</xmax><ymax>493</ymax></bndbox></object><object><name>tree</name><pose>Unspecified</pose><truncated>0</truncated><occluded>0</occluded><difficult>0</difficult><bndbox><xmin>466</xmin><ymin>439</ymin><xmax>702</xmax><ymax>721</ymax></bndbox></object><object><name>path</name><pose>Unspecified</pose><truncated>0</truncated><occluded>0</occluded><difficult>0</difficult><bndbox><xmin>435</xmin><ymin>232</ymin><xmax>860</xmax><ymax>666</ymax></bndbox></object><object><name>circle</name><pose>Unspecified</pose><truncated>0</truncated><occluded>0</occluded><difficult>0</difficult><bndbox><xmin>720</xmin><ymin>457</ymin><xmax>912</xmax><ymax>671</ymax></bndbox></object><object><name>circle</name><pose>Unspecified</pose><truncated>0</truncated><occluded>0</occluded><difficult>0</difficult><bndbox><xmin>562</xmin><ymin>171</ymin><xmax>600</xmax><ymax>215</ymax></bndbox></object><object><name>x</name><pose>Unspecified</pose><truncated>0</truncated><occluded>0</occluded><difficult>0</difficult><bndbox><xmin>393</xmin><ymin>268</ymin><xmax>430</xmax><ymax>319</ymax></bndbox></object></annotation>