<annotation><folder>images</folder><filename>img_234.jpg</filename><size><width>1000</width><height>720</height><depth>3</depth></size><object><name>tree</name><pose>Unspecified</pose><truncated>0</truncated><occluded>0</occluded><difficult>0</difficult><bndbox><xmin>553</xmin><ymin>167</ymin><xmax>686</xmax><ymax>298</ymax></bndbox></object><object><name>path</name><pose>Unspecified</pose><truncated>0</truncated><occluded>0</occluded><difficult>0</difficult><bndbox><xmin>190</xmin><ymin>237</ymin><xmax>231</xmax><ymax>439</ymax></bndbox></object><object><name>circle</name><pose>Unspecified</pose><truncated>0</truncated><occluded>0</occluded><difficult>0</difficult><bndbox><xmin>302</xmin><ymin>310</ymin><xmax>336</xmax><ymax>349</ymax></bndbox></object><object><name>path</name><pose>Unspecified</pose><truncated>0</truncated><occluded>0</occluded><difficult>0</difficult><bndbox><xmin>711</xmin><ymin>465</ymin><xmax>942</xmax><ymax>727</ymax></bndbox></object></annotation>