<annotation><folder>images</folder><filename>img_174.jpg</filename><size><width>1000</width><height>720</height><depth>3</depth></size><object><name>tree</name><pose>Unspecified</pose><truncated>0</truncated><occluded>0</occluded><difficult>0</difficult><bndbox><xmin>151</xmin><ymin>244</ymin><xmax>261</xmax><ymax>382</ymax></bndbox></object><object><name>box</name><pose>Unspecified</pose><truncated>0</truncated><occluded>0</occluded><difficult>0</difficult><bndbox><xmin>125</xmin><ymin>268</ymin><xmax>156</xmax><ymax>294</ymax></bndbox></object><object><name>box</name><pose>Unspecified</pose><truncated>0</truncated><occluded>0</occluded><difficult>0</difficult><bndbox><xmin>117</xmin><ymin>215</ymin><xmax>264</xmax><ymax>336</ymax></bndbox></object></annotation>