<annotation><folder>images</folder><filename>img_248.jpg</filename><size><width>1000</width><height>720</height><depth>3</depth></size><object><name>tree</name><pose>Unspecified</pose><truncated>0</truncated><occluded>0</occluded><difficult>0</difficult><bndbox><xmin>340</xmin><ymin>317</ymin><xmax>462</xmax><ymax>433</ymax></bndbox></object><object><name>path</name><pose>Unspecified</pose><truncated>0</truncated><occluded>0</occluded><difficult>0</difficult><bndbox><xmin>338</xmin><ymin>303</ymin><xmax>509</xmax><ymax>514</ymax></bndbox></object><object><name>tree</name><pose>Unspecified</pose><truncated>0</truncated><occluded>0</occluded><difficult>0</difficult><bndbox><xmin>690</xmin><ymin>132</ymin><xmax>969</xmax><ymax>447</ymax></bndbox></object><object><name>tree</name><pose>Unspecified</pose><truncated>0</truncated><occluded>0</occluded><difficult>0</difficult><bndbox><xmin>353</xmin><ymin>110</ymin><xmax>651</xmax><ymax>418</ymax></bndbox></object></annotation>