<annotation><folder>images</folder><filename>img_199.jpg</filename><size><width>1000</width><height>720</height><depth>3</depth></size><object><name>box</name><pose>Unspecified</pose><truncated>0</truncated><occluded>0</occluded><difficult>0</difficult><bndbox><xmin>574</xmin><ymin>116</ymin><xmax>641</xmax><ymax>198</ymax></bndbox></object><object><name>box</name><pose>Unspecified</pose><truncated>0</truncated><occluded>0</occluded><difficult>0</difficult><bndbox><xmin>115</xmin><ymin>183</ymin><xmax>415</xmax><ymax>426</ymax></bndbox></object><object><name>box</name><pose>Unspecified</pose><truncated>0</truncated><occluded>0</occluded><difficult>0</difficult><bndbox><xmin>531</xmin><ymin>479</ymin><xmax>802</xmax><ymax>669</ymax></bndbox></object><object><name>box</name><pose>Unspecified</pose><truncated>0</truncated><occluded>0</occluded><difficult>0</difficult><bndbox><xmin>139</xmin><ymin>333</ymin><xmax>301</xmax><ymax>517</ymax></bndbox></object><object><name>circle</name><pose>Unspecified</pose><truncated>0</truncated><occluded>0</occluded><difficult>0</difficult><bndbox><xmin>180</xmin><ymin>271</ymin><xmax>367</xmax><ymax>472</ymax></bndbox></object><object><name>tree</name><pose>Unspecified</pose><truncated>0</truncated><occluded>0</occluded><difficult>0</difficult><bndbox><xmin>384</xmin><ymin>217</ymin><xmax>687</xmax><ymax>530</ymax></bndbox></object></annotation>