<annotation><folder>images</folder><filename>img_97.jpg</filename><size><width>1000</width><height>720</height><depth>3</depth></size><object><name>path</name><pose>Unspecified</pose><truncated>0</truncated><occluded>0</occluded><difficult>0</difficult><bndbox><xmin>428</xmin><ymin>220</ymin><xmax>509</xmax><ymax>306</ymax></bndbox></object><object><name>circle</name><pose>Unspecified</pose><truncated>0</truncated><occluded>0</occluded><difficult>0</difficult><bndbox><xmin>216</xmin><ymin>430</ymin><xmax>318</xmax><ymax>524</ymax></bndbox></object><object><name>box</name><pose>Unspecified</pose><truncated>0</truncated><occluded>0</occluded><difficult>0</difficult><bndbox><xmin>161</xmin><ymin>386</ymin><xmax>238</xmax><ymax>446</ymax></bndbox></object></annotation>