<annotation><folder>images</folder><filename>img_61.jpg</filename><size><width>1000</width><height>720</height><depth>3</depth></size><object><name>x</name><pose>Unspecified</pose><truncated>0</truncated><occluded>0</occluded><difficult>0</difficult><bndbox><xmin>496</xmin><ymin>316</ymin><xmax>519</xmax><ymax>351</ymax></bndbox></object><object><name>x</name><pose>Unspecified</pose><truncated>0</truncated><occluded>0</occluded><difficult>0</difficult><bndbox><xmin>506</xmin><ymin>228</ymin><xmax>582</xmax><ymax>301</ymax></bndbox></object><object><name>circle</name><pose>Unspecified</pose><truncated>0</truncated><occluded>0</occluded><difficult>0</difficult><bndbox><xmin>279</xmin><ymin>269</ymin><xmax>338</xmax><ymax>335</ymax></bndbox></object></annotation>