<annotation><folder>images</folder><filename>img_270.jpg</filename><size><width>1000</width><height>720</height><depth>3</depth></size><object><name>box</name><pose>Unspecified</pose><truncated>0</truncated><occluded>0</occluded><difficult>0</difficult><bndbox><xmin>493</xmin><ymin>143</ymin><xmax>605</xmax><ymax>270</ymax></bndbox></object><object><name>circle</name><pose>Unspecified</pose><truncated>0</truncated><occluded>0</occluded><difficult>0</difficult><bndbox><xmin>427</xmin><ymin>489</ymin><xmax>514</xmax><ymax>586</ymax></bndbox></object><object><name>box</name><pose>Unspecified</pose><truncated>0</truncated><occluded>0</occluded><difficult>0</difficult><bndbox><xmin>409</xmin><ymin>403</ymin><xmax>422</xmax><ymax>408</ymax></bndbox></object></annotation>