<annotation><folder>images</folder><filename>img_76.jpg</filename><size><width>1000</width><height>720</height><depth>3</depth></size><object><name>x</name><pose>Unspecified</pose><truncated>0</truncated><occluded>0</occluded><difficult>0</difficult><bndbox><xmin>439</xmin><ymin>468</ymin><xmax>540</xmax><ymax>593</ymax></bndbox></object><object><name>tree</name><pose>Unspecified</pose><truncated>0</truncated><occluded>0</occluded><difficult>0</difficult><bndbox><xmin>200</xmin><ymin>189</ymin><xmax>278</xmax><ymax>282</ymax></bndbox></object><object><name>tree</name><pose>Unspecified</pose><truncated>0</truncated><occluded>0</occluded><difficult>0</difficult><bndbox><xmin>773</xmin><ymin>272</ymin><xmax>842</xmax><ymax>339</ymax></bndbox></object><object><name>tree</name><pose>Unspecified</pose><truncated>0</truncated><occluded>0</occluded><difficult>0</difficult><bndbox><xmin>784</xmin><ymin>257</ymin><xmax>831</xmax><ymax>314</ymax></bndbox></object><object><name>path</name><pose>Unspecified</pose><truncated>0</truncated><occluded>0</occluded><difficult>0</difficult><bndbox><xmin>732</xmin><ymin>282</ymin><xmax>811</xmax><ymax>514</ymax></bndbox></object></annotation>