<annotation><folder>images</folder><filename>img_184.jpg</filename><size><width>1000</width><height>720</height><depth>3</depth></size><object><name>path</name><pose>Unspecified</pose><truncated>0</truncated><occluded>0</occluded><difficult>0</difficult><bndbox><xmin>193</xmin><ymin>474</ymin><xmax>711</xmax><ymax>1113</ymax></bndbox></object><object><name>circle</name><pose>Unspecified</pose><truncated>0</truncated><occluded>0</occluded><difficult>0</difficult><bndbox><xmin>420</xmin><ymin>516</ymin><xmax>486</xmax><ymax>598</ymax></bndbox></object><object><name>box</name><pose>Unspecified</pose><truncated>0</truncated><occluded>0</occluded><difficult>0</difficult><bndbox><xmin>343</xmin><ymin>360</ymin><xmax>434</xmax><ymax>435</ymax></bndbox></object><object><name>tree</name><pose>Unspecified</pose><truncated>0</truncated><occluded>0</occluded><difficult>0</difficult><bndbox><xmin>629</xmin><ymin>460</ymin><xmax>726</xmax><ymax>576</ymax></bndbox></object><object><name>tree</name><pose>Unspecified</pose><truncated>0</truncated><occluded>0</occluded><difficult>0</difficult><bndbox><xmin>118</xmin><ymin>262</ymin><xmax>129</xmax><ymax>275</ymax></bndbox></object></annotation>