<annotation><folder>images</folder><filename>img_218.jpg</filename><size><width>1000</width><height>720</height><depth>3</depth></size><object><name>path</name><pose>Unspecified</pose><truncated>0</truncated><occluded>0</occluded><difficult>0</difficult><bndbox><xmin>150</xmin><ymin>238</ymin><xmax>214</xmax><ymax>560</ymax></bndbox></object><object><name>circle</name><pose>Unspecified</pose><truncated>0</truncated><occluded>0</occluded><difficult>0</difficult><bndbox><xmin>602</xmin><ymin>414</ymin><xmax>725</xmax><ymax>561</ymax></bndbox></object><object><name>box</name><pose>Unspecified</pose><truncated>0</truncated><occluded>0</occluded><difficult>0</difficult><bndbox><xmin>463</xmin><ymin>380</ymin><xmax>911</xmax><ymax>608</ymax></bndbox></object><object><name>path</name><pose>Unspecified</pose><truncated>0</truncated><occluded>0</occluded><difficult>0</difficult><bndbox><xmin>626</xmin><ymin>134</ymin><xmax>687</xmax><ymax>286</ymax></bndbox></object><object><name>tree</name><pose>Unspecified</pose><truncated>0</truncated><occluded>0</occluded><difficult>0</difficult><bndbox><xmin>400</xmin><ymin>222</ymin><xmax>496</xmax><ymax>327</ymax></bndbox></object><object><name>x</name><pose>Unspecified</pose><truncated>0</truncated><occluded>0</occluded><difficult>0</difficult><bndbox><xmin>335</xmin><ymin>503</ymin><xmax>691</xmax><ymax>757</ymax></bndbox></object></annotation>