<annotation><folder>images</folder><filename>img_216.jpg</filename><size><width>1000</width><height>720</height><depth>3</depth></size><object><name>tree</name><pose>Unspecified</pose><truncated>0</truncated><occluded>0</occluded><difficult>0</difficult><bndbox><xmin>191</xmin><ymin>298</ymin><xmax>450</xmax><ymax>590</ymax></bndbox></object><object><name>path</name><pose>Unspecified</pose><truncated>0</truncated><occluded>0</occluded><difficult>0</difficult><bndbox><xmin>397</xmin><ymin>471</ymin><xmax>532</xmax><ymax>815</ymax></bndbox></object><object><name>tree</name><pose>Unspecified</pose><truncated>0</truncated><occluded>0</occluded><difficult>0</difficult><bndbox><xmin>112</xmin><ymin>112</ymin><xmax>210</xmax><ymax>212</ymax></bndbox></object><object><name>x</name><pose>Unspecified</pose><truncated>0</truncated><occluded>0</occluded><difficult>0</difficult><bndbox><xmin>591</xmin><ymin>349</ymin><xmax>792</xmax><ymax>627</ymax></bndbox></object><object><name>circle</name><pose>Unspecified</pose><truncated>0</truncated><occluded>0</occluded><difficult>0</difficult><bndbox><xmin>204</xmin><ymin>250</ymin><xmax>370</xmax><ymax>469</ymax></bndbox></object><object><name>x</name><pose>Unspecified</pose><truncated>0</truncated><occluded>0</occluded><difficult>0</difficult><bndbox><xmin>226</xmin><ymin>355</ymin><xmax>311</xmax><ymax>492</ymax></bndbox></object></annotation>