<annotation><folder>images</folder><filename>img_175.jpg</filename><size><width>1000</width><height>720</height><depth>3</depth></size><object><name>x</name><pose>Unspecified</pose><truncated>0</truncated><occluded>0</occluded><difficult>0</difficult><bndbox><xmin>722</xmin><ymin>464</ymin><xmax>816</xmax><ymax>605</ymax></bndbox></object><object><name>tree</name><pose>Unspecified</pose><truncated>0</truncated><occluded>0</occluded><difficult>0</difficult><bndbox><xmin>713</xmin><ymin>297</ymin><xmax>783</xmax><ymax>372</ymax></bndbox></object><object><name>x</name><pose>Unspecified</pose><truncated>0</truncated><occluded>0</occluded><difficult>0</difficult><bndbox><xmin>784</xmin><ymin>139</ymin><xmax>841</xmax><ymax>193</ymax></bndbox></object><object><name>circle</name><pose>Unspecified</pose><truncated>0</truncated><occluded>0</occluded><difficult>0</difficult><bndbox><xmin>663</xmin><ymin>113</ymin><xmax>774</xmax><ymax>246</ymax></bndbox></object></annotation>