<annotation><folder>images</folder><filename>img_128.jpg</filename><size><width>1000</width><height>720</height><depth>3</depth></size><object><name>box</name><pose>Unspecified</pose><truncated>0</truncated><occluded>0</occluded><difficult>0</difficult><bndbox><xmin>136</xmin><ymin>347</ymin><xmax>347</xmax><ymax>518</ymax></bndbox></object><object><name>path</name><pose>Unspecified</pose><truncated>0</truncated><occluded>0</occluded><difficult>0</difficult><bndbox><xmin>537</xmin><ymin>228</ymin><xmax>754</xmax><ymax>580</ymax></bndbox></object><object><name>path</name><pose>Unspecified</pose><truncated>0</truncated><occluded>0</occluded><difficult>0</difficult><bndbox><xmin>190</xmin><ymin>155</ymin><xmax>467</xmax><ymax>470</ymax></bndbox></object><object><name>x</name><pose>Unspecified</pose><truncated>0</truncated><occluded>0</occluded><difficult>0</difficult><bndbox><xmin>348</xmin><ymin>395</ymin><xmax>432</xmax><ymax>475</ymax></bndbox></object><object><name>circle</name><pose>Unspecified</pose><truncated>0</truncated><occluded>0</occluded><difficult>0</difficult><bndbox><xmin>708</xmin><ymin>448</ymin><xmax>890</xmax><ymax>615</ymax></bndbox></object><object><name>box</name><pose>Unspecified</pose><truncated>0</truncated><occluded>0</occluded><difficult>0</difficult><bndbox><xmin>117</xmin><ymin>200</ymin><xmax>135</xmax><ymax>206</ymax></bndbox></object></annotation>