<annotation><folder>images</folder><filename>img_4.jpg</filename><size><width>400</width><height>300</height><depth>3</depth></size><object><name>tree</name><pose>Unspecified</pose><truncated>0</truncated><occluded>0</occluded><difficult>0</difficult><bndbox><xmin>126</xmin><ymin>113</ymin><xmax>184</xmax><ymax>177</ymax></bndbox></object><object><name>x</name><pose>Unspecified</pose><truncated>0</truncated><occluded>0</occluded><difficult>0</difficult><bndbox><xmin>155</xmin><ymin>144</ymin><xmax>193</xmax><ymax>174</ymax></bndbox></object><object><name>tree</name><pose>Unspecified</pose><truncated>0</truncated><occluded>0</occluded><difficult>0</difficult><bndbox><xmin>130</xmin><ymin>29</ymin><xmax>192</xmax><ymax>93</ymax></bndbox></object></annotation>