<annotation><folder>images</folder><filename>img_21.jpg</filename><size><width>400</width><height>300</height><depth>3</depth></size><object><name>tree</name><pose>Unspecified</pose><truncated>0</truncated><occluded>0</occluded><difficult>0</difficult><bndbox><xmin>370</xmin><ymin>63</ymin><xmax>453</xmax><ymax>156</ymax></bndbox></object><object><name>box</name><pose>Unspecified</pose><truncated>0</truncated><occluded>0</occluded><difficult>0</difficult><bndbox><xmin>106</xmin><ymin>203</ymin><xmax>173</xmax><ymax>262</ymax></bndbox></object><object><name>tree</name><pose>Unspecified</pose><truncated>0</truncated><occluded>0</occluded><difficult>0</difficult><bndbox><xmin>278</xmin><ymin>155</ymin><xmax>336</xmax><ymax>216</ymax></bndbox></object></annotation>