<annotation><folder>images</folder><filename>img_46.jpg</filename><size><width>400</width><height>300</height><depth>3</depth></size><object><name>box</name><pose>Unspecified</pose><truncated>0</truncated><occluded>0</occluded><difficult>0</difficult><bndbox><xmin>320</xmin><ymin>103</ymin><xmax>359</xmax><ymax>147</ymax></bndbox></object><object><name>x</name><pose>Unspecified</pose><truncated>0</truncated><occluded>0</occluded><difficult>0</difficult><bndbox><xmin>11</xmin><ymin>166</ymin><xmax>41</xmax><ymax>208</ymax></bndbox></object><object><name>circle</name><pose>Unspecified</pose><truncated>0</truncated><occluded>0</occluded><difficult>0</difficult><bndbox><xmin>394</xmin><ymin>208</ymin><xmax>420</xmax><ymax>246</ymax></bndbox></object></annotation>