<annotation><folder>images</folder><filename>img_57.jpg</filename><size><width>400</width><height>300</height><depth>3</depth></size><object><name>box</name><pose>Unspecified</pose><truncated>0</truncated><occluded>0</occluded><difficult>0</difficult><bndbox><xmin>264</xmin><ymin>131</ymin><xmax>298</xmax><ymax>173</ymax></bndbox></object><object><name>x</name><pose>Unspecified</pose><truncated>0</truncated><occluded>0</occluded><difficult>0</difficult><bndbox><xmin>148</xmin><ymin>273</ymin><xmax>171</xmax><ymax>306</ymax></bndbox></object><object><name>tree</name><pose>Unspecified</pose><truncated>0</truncated><occluded>0</occluded><difficult>0</difficult><bndbox><xmin>6</xmin><ymin>40</ymin><xmax>78</xmax><ymax>110</ymax></bndbox></object></annotation>