<annotation><folder>images</folder><filename>img_37.jpg</filename><size><width>400</width><height>300</height><depth>3</depth></size><object><name>x</name><pose>Unspecified</pose><truncated>0</truncated><occluded>0</occluded><difficult>0</difficult><bndbox><xmin>288</xmin><ymin>33</ymin><xmax>311</xmax><ymax>59</ymax></bndbox></object><object><name>circle</name><pose>Unspecified</pose><truncated>0</truncated><occluded>0</occluded><difficult>0</difficult><bndbox><xmin>183</xmin><ymin>72</ymin><xmax>245</xmax><ymax>146</ymax></bndbox></object></annotation>