<annotation><folder>images</folder><filename>img_12.jpg</filename><size><width>400</width><height>300</height><depth>3</depth></size><object><name>tree</name><pose>Unspecified</pose><truncated>0</truncated><occluded>0</occluded><difficult>0</difficult><bndbox><xmin>260</xmin><ymin>14</ymin><xmax>310</xmax><ymax>64</ymax></bndbox></object><object><name>tree</name><pose>Unspecified</pose><truncated>0</truncated><occluded>0</occluded><difficult>0</difficult><bndbox><xmin>161</xmin><ymin>141</ymin><xmax>225</xmax><ymax>204</ymax></bndbox></object></annotation>