<annotation><folder>images</folder><filename>img_3.jpg</filename><size><width>400</width><height>300</height><depth>3</depth></size><object><name>x</name><pose>Unspecified</pose><truncated>0</truncated><occluded>0</occluded><difficult>0</difficult><bndbox><xmin>73</xmin><ymin>8</ymin><xmax>109</xmax><ymax>52</ymax></bndbox></object><object><name>tree</name><pose>Unspecified</pose><truncated>0</truncated><occluded>0</occluded><difficult>0</difficult><bndbox><xmin>265</xmin><ymin>286</ymin><xmax>335</xmax><ymax>369</ymax></bndbox></object><object><name>x</name><pose>Unspecified</pose><truncated>0</truncated><occluded>0</occluded><difficult>0</difficult><bndbox><xmin>74</xmin><ymin>122</ymin><xmax>130</xmax><ymax>176</ymax></bndbox></object></annotation>