<annotation><folder>images</folder><filename>img_7.jpg</filename><size><width>400</width><height>300</height><depth>3</depth></size><object><name>circle</name><pose>Unspecified</pose><truncated>0</truncated><occluded>0</occluded><difficult>0</difficult><bndbox><xmin>5</xmin><ymin>181</ymin><xmax>54</xmax><ymax>233</ymax></bndbox></object><object><name>circle</name><pose>Unspecified</pose><truncated>0</truncated><occluded>0</occluded><difficult>0</difficult><bndbox><xmin>163</xmin><ymin>231</ymin><xmax>177</xmax><ymax>247</ymax></bndbox></object></annotation>