<annotation><folder>images</folder><filename>img_5.jpg</filename><size><width>400</width><height>300</height><depth>3</depth></size><object><name>tree</name><pose>Unspecified</pose><truncated>0</truncated><occluded>0</occluded><difficult>0</difficult><bndbox><xmin>385</xmin><ymin>174</ymin><xmax>423</xmax><ymax>212</ymax></bndbox></object><object><name>box</name><pose>Unspecified</pose><truncated>0</truncated><occluded>0</occluded><difficult>0</difficult><bndbox><xmin>349</xmin><ymin>131</ymin><xmax>417</xmax><ymax>186</ymax></bndbox></object><object><name>box</name><pose>Unspecified</pose><truncated>0</truncated><occluded>0</occluded><difficult>0</difficult><bndbox><xmin>240</xmin><ymin>176</ymin><xmax>326</xmax><ymax>247</ymax></bndbox></object></annotation>