<annotation><folder>images</folder><filename>img_60.jpg</filename><size><width>400</width><height>300</height><depth>3</depth></size><object><name>tree</name><pose>Unspecified</pose><truncated>0</truncated><occluded>0</occluded><difficult>0</difficult><bndbox><xmin>217</xmin><ymin>260</ymin><xmax>280</xmax><ymax>322</ymax></bndbox></object><object><name>circle</name><pose>Unspecified</pose><truncated>0</truncated><occluded>0</occluded><difficult>0</difficult><bndbox><xmin>325</xmin><ymin>218</ymin><xmax>359</xmax><ymax>258</ymax></bndbox></object></annotation>