<annotation><folder>images</folder><filename>img_32.jpg</filename><size><width>400</width><height>300</height><depth>3</depth></size><object><name>circle</name><pose>Unspecified</pose><truncated>0</truncated><occluded>0</occluded><difficult>0</difficult><bndbox><xmin>186</xmin><ymin>0</ymin><xmax>199</xmax><ymax>15</ymax></bndbox></object><object><name>x</name><pose>Unspecified</pose><truncated>0</truncated><occluded>0</occluded><difficult>0</difficult><bndbox><xmin>52</xmin><ymin>233</ymin><xmax>98</xmax><ymax>271</ymax></bndbox></object><object><name>circle</name><pose>Unspecified</pose><truncated>0</truncated><occluded>0</occluded><difficult>0</difficult><bndbox><xmin>298</xmin><ymin>39</ymin><xmax>337</xmax><ymax>89</ymax></bndbox></object></annotation>