<annotation><folder>images</folder><filename>img_19.jpg</filename><size><width>400</width><height>300</height><depth>3</depth></size><object><name>circle</name><pose>Unspecified</pose><truncated>0</truncated><occluded>0</occluded><difficult>0</difficult><bndbox><xmin>351</xmin><ymin>201</ymin><xmax>386</xmax><ymax>241</ymax></bndbox></object><object><name>tree</name><pose>Unspecified</pose><truncated>0</truncated><occluded>0</occluded><difficult>0</difficult><bndbox><xmin>192</xmin><ymin>288</ymin><xmax>272</xmax><ymax>381</ymax></bndbox></object></annotation>