<annotation><folder>images</folder><filename>img_44.jpg</filename><size><width>400</width><height>300</height><depth>3</depth></size><object><name>tree</name><pose>Unspecified</pose><truncated>0</truncated><occluded>0</occluded><difficult>0</difficult><bndbox><xmin>130</xmin><ymin>18</ymin><xmax>178</xmax><ymax>77</ymax></bndbox></object><object><name>x</name><pose>Unspecified</pose><truncated>0</truncated><occluded>0</occluded><difficult>0</difficult><bndbox><xmin>158</xmin><ymin>191</ymin><xmax>171</xmax><ymax>205</ymax></bndbox></object><object><name>tree</name><pose>Unspecified</pose><truncated>0</truncated><occluded>0</occluded><difficult>0</difficult><bndbox><xmin>109</xmin><ymin>101</ymin><xmax>164</xmax><ymax>164</ymax></bndbox></object></annotation>