<annotation><folder>images</folder><filename>img_40.jpg</filename><size><width>400</width><height>300</height><depth>3</depth></size><object><name>circle</name><pose>Unspecified</pose><truncated>0</truncated><occluded>0</occluded><difficult>0</difficult><bndbox><xmin>211</xmin><ymin>188</ymin><xmax>244</xmax><ymax>227</ymax></bndbox></object><object><name>circle</name><pose>Unspecified</pose><truncated>0</truncated><occluded>0</occluded><difficult>0</difficult><bndbox><xmin>320</xmin><ymin>206</ymin><xmax>352</xmax><ymax>242</ymax></bndbox></object><object><name>box</name><pose>Unspecified</pose><truncated>0</truncated><occluded>0</occluded><difficult>0</difficult><bndbox><xmin>309</xmin><ymin>204</ymin><xmax>370</xmax><ymax>263</ymax></bndbox></object></annotation>