<annotation><folder>images</folder><filename>img_65.jpg</filename><size><width>400</width><height>300</height><depth>3</depth></size><object><name>box</name><pose>Unspecified</pose><truncated>0</truncated><occluded>0</occluded><difficult>0</difficult><bndbox><xmin>275</xmin><ymin>34</ymin><xmax>315</xmax><ymax>82</ymax></bndbox></object><object><name>box</name><pose>Unspecified</pose><truncated>0</truncated><occluded>0</occluded><difficult>0</difficult><bndbox><xmin>373</xmin><ymin>131</ymin><xmax>432</xmax><ymax>179</ymax></bndbox></object><object><name>box</name><pose>Unspecified</pose><truncated>0</truncated><occluded>0</occluded><difficult>0</difficult><bndbox><xmin>9</xmin><ymin>169</ymin><xmax>64</xmax><ymax>199</ymax></bndbox></object></annotation>