<annotation><folder>images</folder><filename>img_54.jpg</filename><size><width>400</width><height>300</height><depth>3</depth></size><object><name>circle</name><pose>Unspecified</pose><truncated>0</truncated><occluded>0</occluded><difficult>0</difficult><bndbox><xmin>28</xmin><ymin>238</ymin><xmax>51</xmax><ymax>267</ymax></bndbox></object><object><name>circle</name><pose>Unspecified</pose><truncated>0</truncated><occluded>0</occluded><difficult>0</difficult><bndbox><xmin>128</xmin><ymin>119</ymin><xmax>164</xmax><ymax>168</ymax></bndbox></object></annotation>