<annotation><folder>images</folder><filename>img_29.jpg</filename><size><width>400</width><height>300</height><depth>3</depth></size><object><name>x</name><pose>Unspecified</pose><truncated>0</truncated><occluded>0</occluded><difficult>0</difficult><bndbox><xmin>359</xmin><ymin>202</ymin><xmax>375</xmax><ymax>219</ymax></bndbox></object><object><name>x</name><pose>Unspecified</pose><truncated>0</truncated><occluded>0</occluded><difficult>0</difficult><bndbox><xmin>354</xmin><ymin>94</ymin><xmax>444</xmax><ymax>159</ymax></bndbox></object></annotation>