<annotation><folder>images</folder><filename>img_38.jpg</filename><size><width>400</width><height>300</height><depth>3</depth></size><object><name>circle</name><pose>Unspecified</pose><truncated>0</truncated><occluded>0</occluded><difficult>0</difficult><bndbox><xmin>171</xmin><ymin>243</ymin><xmax>199</xmax><ymax>276</ymax></bndbox></object><object><name>x</name><pose>Unspecified</pose><truncated>0</truncated><occluded>0</occluded><difficult>0</difficult><bndbox><xmin>266</xmin><ymin>102</ymin><xmax>288</xmax><ymax>124</ymax></bndbox></object><object><name>circle</name><pose>Unspecified</pose><truncated>0</truncated><occluded>0</occluded><difficult>0</difficult><bndbox><xmin>1</xmin><ymin>292</ymin><xmax>34</xmax><ymax>328</ymax></bndbox></object></annotation>