<annotation><folder>images</folder><filename>img_50.jpg</filename><size><width>400</width><height>300</height><depth>3</depth></size><object><name>tree</name><pose>Unspecified</pose><truncated>0</truncated><occluded>0</occluded><difficult>0</difficult><bndbox><xmin>183</xmin><ymin>1</ymin><xmax>227</xmax><ymax>51</ymax></bndbox></object><object><name>circle</name><pose>Unspecified</pose><truncated>0</truncated><occluded>0</occluded><difficult>0</difficult><bndbox><xmin>222</xmin><ymin>231</ymin><xmax>252</xmax><ymax>275</ymax></bndbox></object></annotation>