<annotation><folder>images</folder><filename>img_68.jpg</filename><size><width>400</width><height>300</height><depth>3</depth></size><object><name>box</name><pose>Unspecified</pose><truncated>0</truncated><occluded>0</occluded><difficult>0</difficult><bndbox><xmin>221</xmin><ymin>224</ymin><xmax>272</xmax><ymax>251</ymax></bndbox></object><object><name>tree</name><pose>Unspecified</pose><truncated>0</truncated><occluded>0</occluded><difficult>0</difficult><bndbox><xmin>278</xmin><ymin>68</ymin><xmax>341</xmax><ymax>142</ymax></bndbox></object></annotation>