<annotation><folder>images</folder><filename>img_66.jpg</filename><size><width>400</width><height>300</height><depth>3</depth></size><object><name>x</name><pose>Unspecified</pose><truncated>0</truncated><occluded>0</occluded><difficult>0</difficult><bndbox><xmin>218</xmin><ymin>174</ymin><xmax>242</xmax><ymax>208</ymax></bndbox></object><object><name>circle</name><pose>Unspecified</pose><truncated>0</truncated><occluded>0</occluded><difficult>0</difficult><bndbox><xmin>31</xmin><ymin>28</ymin><xmax>62</xmax><ymax>74</ymax></bndbox></object><object><name>box</name><pose>Unspecified</pose><truncated>0</truncated><occluded>0</occluded><difficult>0</difficult><bndbox><xmin>344</xmin><ymin>91</ymin><xmax>443</xmax><ymax>177</ymax></bndbox></object></annotation>