<annotation><folder>images</folder><filename>img_53.jpg</filename><size><width>400</width><height>300</height><depth>3</depth></size><object><name>tree</name><pose>Unspecified</pose><truncated>0</truncated><occluded>0</occluded><difficult>0</difficult><bndbox><xmin>343</xmin><ymin>220</ymin><xmax>404</xmax><ymax>297</ymax></bndbox></object><object><name>tree</name><pose>Unspecified</pose><truncated>0</truncated><occluded>0</occluded><difficult>0</difficult><bndbox><xmin>355</xmin><ymin>177</ymin><xmax>415</xmax><ymax>246</ymax></bndbox></object><object><name>x</name><pose>Unspecified</pose><truncated>0</truncated><occluded>0</occluded><difficult>0</difficult><bndbox><xmin>389</xmin><ymin>265</ymin><xmax>438</xmax><ymax>338</ymax></bndbox></object></annotation>