<annotation><folder>images</folder><filename>img_20.jpg</filename><size><width>400</width><height>300</height><depth>3</depth></size><object><name>box</name><pose>Unspecified</pose><truncated>0</truncated><occluded>0</occluded><difficult>0</difficult><bndbox><xmin>170</xmin><ymin>103</ymin><xmax>226</xmax><ymax>204</ymax></bndbox></object><object><name>x</name><pose>Unspecified</pose><truncated>0</truncated><occluded>0</occluded><difficult>0</difficult><bndbox><xmin>379</xmin><ymin>192</ymin><xmax>407</xmax><ymax>237</ymax></bndbox></object></annotation>