<annotation><folder>images</folder><filename>img_51.jpg</filename><size><width>250</width><height>250</height><depth>3</depth></size><object><name>path</name><pose>Unspecified</pose><truncated>0</truncated><occluded>0</occluded><difficult>0</difficult><bndbox><xmin>214</xmin><ymin>101</ymin><xmax>299</xmax><ymax>155</ymax></bndbox></object><object><name>box</name><pose>Unspecified</pose><truncated>0</truncated><occluded>0</occluded><difficult>0</difficult><bndbox><xmin>89</xmin><ymin>158</ymin><xmax>130</xmax><ymax>192</ymax></bndbox></object><object><name>path</name><pose>Unspecified</pose><truncated>0</truncated><occluded>0</occluded><difficult>0</difficult><bndbox><xmin>14</xmin><ymin>93</ymin><xmax>93</xmax><ymax>294</ymax></bndbox></object></annotation>