<annotation><folder>images</folder><filename>img_62.jpg</filename><size><width>250</width><height>250</height><depth>3</depth></size><object><name>x</name><pose>Unspecified</pose><truncated>0</truncated><occluded>0</occluded><difficult>0</difficult><bndbox><xmin>118</xmin><ymin>138</ymin><xmax>130</xmax><ymax>150</ymax></bndbox></object><object><name>tree</name><pose>Unspecified</pose><truncated>0</truncated><occluded>0</occluded><difficult>0</difficult><bndbox><xmin>12</xmin><ymin>65</ymin><xmax>100</xmax><ymax>142</ymax></bndbox></object><object><name>circle</name><pose>Unspecified</pose><truncated>0</truncated><occluded>0</occluded><difficult>0</difficult><bndbox><xmin>0</xmin><ymin>143</ymin><xmax>53</xmax><ymax>207</ymax></bndbox></object><object><name>x</name><pose>Unspecified</pose><truncated>0</truncated><occluded>0</occluded><difficult>0</difficult><bndbox><xmin>207</xmin><ymin>148</ymin><xmax>246</xmax><ymax>192</ymax></bndbox></object><object><name>x</name><pose>Unspecified</pose><truncated>0</truncated><occluded>0</occluded><difficult>0</difficult><bndbox><xmin>10</xmin><ymin>150</ymin><xmax>47</xmax><ymax>192</ymax></bndbox></object></annotation>