<annotation><folder>images</folder><filename>img_43.jpg</filename><size><width>250</width><height>250</height><depth>3</depth></size><object><name>path</name><pose>Unspecified</pose><truncated>0</truncated><occluded>0</occluded><difficult>0</difficult><bndbox><xmin>54</xmin><ymin>192</ymin><xmax>97</xmax><ymax>278</ymax></bndbox></object><object><name>box</name><pose>Unspecified</pose><truncated>0</truncated><occluded>0</occluded><difficult>0</difficult><bndbox><xmin>107</xmin><ymin>112</ymin><xmax>148</xmax><ymax>166</ymax></bndbox></object><object><name>tree</name><pose>Unspecified</pose><truncated>0</truncated><occluded>0</occluded><difficult>0</difficult><bndbox><xmin>71</xmin><ymin>147</ymin><xmax>102</xmax><ymax>178</ymax></bndbox></object><object><name>box</name><pose>Unspecified</pose><truncated>0</truncated><occluded>0</occluded><difficult>0</difficult><bndbox><xmin>166</xmin><ymin>144</ymin><xmax>204</xmax><ymax>193</ymax></bndbox></object></annotation>