<annotation><folder>images</folder><filename>img_142.jpg</filename><size><width>250</width><height>250</height><depth>3</depth></size><object><name>path</name><pose>Unspecified</pose><truncated>0</truncated><occluded>0</occluded><difficult>0</difficult><bndbox><xmin>153</xmin><ymin>81</ymin><xmax>251</xmax><ymax>266</ymax></bndbox></object><object><name>x</name><pose>Unspecified</pose><truncated>0</truncated><occluded>0</occluded><difficult>0</difficult><bndbox><xmin>214</xmin><ymin>218</ymin><xmax>274</xmax><ymax>261</ymax></bndbox></object><object><name>x</name><pose>Unspecified</pose><truncated>0</truncated><occluded>0</occluded><difficult>0</difficult><bndbox><xmin>41</xmin><ymin>54</ymin><xmax>81</xmax><ymax>113</ymax></bndbox></object><object><name>x</name><pose>Unspecified</pose><truncated>0</truncated><occluded>0</occluded><difficult>0</difficult><bndbox><xmin>188</xmin><ymin>29</ymin><xmax>229</xmax><ymax>83</ymax></bndbox></object></annotation>