<annotation><folder>images</folder><filename>img_83.jpg</filename><size><width>250</width><height>250</height><depth>3</depth></size><object><name>tree</name><pose>Unspecified</pose><truncated>0</truncated><occluded>0</occluded><difficult>0</difficult><bndbox><xmin>166</xmin><ymin>154</ymin><xmax>194</xmax><ymax>182</ymax></bndbox></object><object><name>x</name><pose>Unspecified</pose><truncated>0</truncated><occluded>0</occluded><difficult>0</difficult><bndbox><xmin>240</xmin><ymin>188</ymin><xmax>283</xmax><ymax>230</ymax></bndbox></object><object><name>circle</name><pose>Unspecified</pose><truncated>0</truncated><occluded>0</occluded><difficult>0</difficult><bndbox><xmin>143</xmin><ymin>132</ymin><xmax>189</xmax><ymax>181</ymax></bndbox></object><object><name>tree</name><pose>Unspecified</pose><truncated>0</truncated><occluded>0</occluded><difficult>0</difficult><bndbox><xmin>149</xmin><ymin>146</ymin><xmax>188</xmax><ymax>192</ymax></bndbox></object></annotation>