<annotation><folder>images</folder><filename>img_49.jpg</filename><size><width>250</width><height>250</height><depth>3</depth></size><object><name>box</name><pose>Unspecified</pose><truncated>0</truncated><occluded>0</occluded><difficult>0</difficult><bndbox><xmin>184</xmin><ymin>153</ymin><xmax>218</xmax><ymax>194</ymax></bndbox></object><object><name>circle</name><pose>Unspecified</pose><truncated>0</truncated><occluded>0</occluded><difficult>0</difficult><bndbox><xmin>101</xmin><ymin>146</ymin><xmax>126</xmax><ymax>173</ymax></bndbox></object><object><name>circle</name><pose>Unspecified</pose><truncated>0</truncated><occluded>0</occluded><difficult>0</difficult><bndbox><xmin>21</xmin><ymin>214</ymin><xmax>46</xmax><ymax>244</ymax></bndbox></object><object><name>tree</name><pose>Unspecified</pose><truncated>0</truncated><occluded>0</occluded><difficult>0</difficult><bndbox><xmin>0</xmin><ymin>142</ymin><xmax>40</xmax><ymax>181</ymax></bndbox></object><object><name>x</name><pose>Unspecified</pose><truncated>0</truncated><occluded>0</occluded><difficult>0</difficult><bndbox><xmin>53</xmin><ymin>159</ymin><xmax>78</xmax><ymax>188</ymax></bndbox></object><object><name>path</name><pose>Unspecified</pose><truncated>0</truncated><occluded>0</occluded><difficult>0</difficult><bndbox><xmin>179</xmin><ymin>64</ymin><xmax>229</xmax><ymax>269</ymax></bndbox></object></annotation>