<annotation><folder>images</folder><filename>img_92.jpg</filename><size><width>250</width><height>250</height><depth>3</depth></size><object><name>tree</name><pose>Unspecified</pose><truncated>0</truncated><occluded>0</occluded><difficult>0</difficult><bndbox><xmin>212</xmin><ymin>10</ymin><xmax>258</xmax><ymax>65</ymax></bndbox></object><object><name>tree</name><pose>Unspecified</pose><truncated>0</truncated><occluded>0</occluded><difficult>0</difficult><bndbox><xmin>240</xmin><ymin>94</ymin><xmax>300</xmax><ymax>160</ymax></bndbox></object><object><name>circle</name><pose>Unspecified</pose><truncated>0</truncated><occluded>0</occluded><difficult>0</difficult><bndbox><xmin>180</xmin><ymin>1</ymin><xmax>216</xmax><ymax>41</ymax></bndbox></object></annotation>