<annotation><folder>images</folder><filename>img_170.jpg</filename><size><width>250</width><height>250</height><depth>3</depth></size><object><name>x</name><pose>Unspecified</pose><truncated>0</truncated><occluded>0</occluded><difficult>0</difficult><bndbox><xmin>76</xmin><ymin>56</ymin><xmax>103</xmax><ymax>86</ymax></bndbox></object><object><name>x</name><pose>Unspecified</pose><truncated>0</truncated><occluded>0</occluded><difficult>0</difficult><bndbox><xmin>72</xmin><ymin>110</ymin><xmax>102</xmax><ymax>144</ymax></bndbox></object><object><name>tree</name><pose>Unspecified</pose><truncated>0</truncated><occluded>0</occluded><difficult>0</difficult><bndbox><xmin>202</xmin><ymin>47</ymin><xmax>254</xmax><ymax>107</ymax></bndbox></object><object><name>circle</name><pose>Unspecified</pose><truncated>0</truncated><occluded>0</occluded><difficult>0</difficult><bndbox><xmin>51</xmin><ymin>92</ymin><xmax>84</xmax><ymax>151</ymax></bndbox></object><object><name>tree</name><pose>Unspecified</pose><truncated>0</truncated><occluded>0</occluded><difficult>0</difficult><bndbox><xmin>75</xmin><ymin>4</ymin><xmax>134</xmax><ymax>65</ymax></bndbox></object></annotation>