<annotation><folder>images</folder><filename>img_0.jpg</filename><size><width>250</width><height>250</height><depth>3</depth></size><object><name>tree</name><pose>Unspecified</pose><truncated>0</truncated><occluded>0</occluded><difficult>0</difficult><bndbox><xmin>166</xmin><ymin>222</ymin><xmax>216</xmax><ymax>271</ymax></bndbox></object><object><name>x</name><pose>Unspecified</pose><truncated>0</truncated><occluded>0</occluded><difficult>0</difficult><bndbox><xmin>215</xmin><ymin>219</ymin><xmax>233</xmax><ymax>237</ymax></bndbox></object><object><name>circle</name><pose>Unspecified</pose><truncated>0</truncated><occluded>0</occluded><difficult>0</difficult><bndbox><xmin>142</xmin><ymin>111</ymin><xmax>175</xmax><ymax>149</ymax></bndbox></object><object><name>x</name><pose>Unspecified</pose><truncated>0</truncated><occluded>0</occluded><difficult>0</difficult><bndbox><xmin>87</xmin><ymin>109</ymin><xmax>107</xmax><ymax>139</ymax></bndbox></object><object><name>circle</name><pose>Unspecified</pose><truncated>0</truncated><occluded>0</occluded><difficult>0</difficult><bndbox><xmin>25</xmin><ymin>23</ymin><xmax>62</xmax><ymax>65</ymax></bndbox></object></annotation>