<annotation><folder>images</folder><filename>img_55.jpg</filename><size><width>250</width><height>250</height><depth>3</depth></size><object><name>path</name><pose>Unspecified</pose><truncated>0</truncated><occluded>0</occluded><difficult>0</difficult><bndbox><xmin>76</xmin><ymin>170</ymin><xmax>148</xmax><ymax>351</ymax></bndbox></object><object><name>path</name><pose>Unspecified</pose><truncated>0</truncated><occluded>0</occluded><difficult>0</difficult><bndbox><xmin>100</xmin><ymin>34</ymin><xmax>129</xmax><ymax>159</ymax></bndbox></object><object><name>path</name><pose>Unspecified</pose><truncated>0</truncated><occluded>0</occluded><difficult>0</difficult><bndbox><xmin>238</xmin><ymin>192</ymin><xmax>285</xmax><ymax>388</ymax></bndbox></object><object><name>box</name><pose>Unspecified</pose><truncated>0</truncated><occluded>0</occluded><difficult>0</difficult><bndbox><xmin>141</xmin><ymin>33</ymin><xmax>195</xmax><ymax>78</ymax></bndbox></object></annotation>