<annotation><folder>images</folder><filename>img_132.jpg</filename><size><width>250</width><height>250</height><depth>3</depth></size><object><name>tree</name><pose>Unspecified</pose><truncated>0</truncated><occluded>0</occluded><difficult>0</difficult><bndbox><xmin>27</xmin><ymin>84</ymin><xmax>70</xmax><ymax>129</ymax></bndbox></object><object><name>circle</name><pose>Unspecified</pose><truncated>0</truncated><occluded>0</occluded><difficult>0</difficult><bndbox><xmin>204</xmin><ymin>110</ymin><xmax>237</xmax><ymax>155</ymax></bndbox></object><object><name>x</name><pose>Unspecified</pose><truncated>0</truncated><occluded>0</occluded><difficult>0</difficult><bndbox><xmin>220</xmin><ymin>135</ymin><xmax>253</xmax><ymax>174</ymax></bndbox></object><object><name>circle</name><pose>Unspecified</pose><truncated>0</truncated><occluded>0</occluded><difficult>0</difficult><bndbox><xmin>121</xmin><ymin>103</ymin><xmax>155</xmax><ymax>141</ymax></bndbox></object></annotation>