<annotation><folder>images</folder><filename>img_121.jpg</filename><size><width>250</width><height>250</height><depth>3</depth></size><object><name>circle</name><pose>Unspecified</pose><truncated>0</truncated><occluded>0</occluded><difficult>0</difficult><bndbox><xmin>63</xmin><ymin>94</ymin><xmax>86</xmax><ymax>134</ymax></bndbox></object><object><name>box</name><pose>Unspecified</pose><truncated>0</truncated><occluded>0</occluded><difficult>0</difficult><bndbox><xmin>17</xmin><ymin>169</ymin><xmax>95</xmax><ymax>236</ymax></bndbox></object><object><name>path</name><pose>Unspecified</pose><truncated>0</truncated><occluded>0</occluded><difficult>0</difficult><bndbox><xmin>234</xmin><ymin>148</ymin><xmax>292</xmax><ymax>211</ymax></bndbox></object><object><name>box</name><pose>Unspecified</pose><truncated>0</truncated><occluded>0</occluded><difficult>0</difficult><bndbox><xmin>156</xmin><ymin>101</ymin><xmax>177</xmax><ymax>127</ymax></bndbox></object><object><name>x</name><pose>Unspecified</pose><truncated>0</truncated><occluded>0</occluded><difficult>0</difficult><bndbox><xmin>129</xmin><ymin>19</ymin><xmax>151</xmax><ymax>49</ymax></bndbox></object></annotation>