<annotation><folder>images</folder><filename>img_113.jpg</filename><size><width>250</width><height>250</height><depth>3</depth></size><object><name>tree</name><pose>Unspecified</pose><truncated>0</truncated><occluded>0</occluded><difficult>0</difficult><bndbox><xmin>137</xmin><ymin>98</ymin><xmax>166</xmax><ymax>128</ymax></bndbox></object><object><name>path</name><pose>Unspecified</pose><truncated>0</truncated><occluded>0</occluded><difficult>0</difficult><bndbox><xmin>132</xmin><ymin>141</ymin><xmax>185</xmax><ymax>275</ymax></bndbox></object><object><name>tree</name><pose>Unspecified</pose><truncated>0</truncated><occluded>0</occluded><difficult>0</difficult><bndbox><xmin>131</xmin><ymin>148</ymin><xmax>187</xmax><ymax>219</ymax></bndbox></object></annotation>