<annotation><folder>images</folder><filename>img_176.jpg</filename><size><width>250</width><height>250</height><depth>3</depth></size><object><name>x</name><pose>Unspecified</pose><truncated>0</truncated><occluded>0</occluded><difficult>0</difficult><bndbox><xmin>50</xmin><ymin>184</ymin><xmax>96</xmax><ymax>227</ymax></bndbox></object><object><name>tree</name><pose>Unspecified</pose><truncated>0</truncated><occluded>0</occluded><difficult>0</difficult><bndbox><xmin>154</xmin><ymin>22</ymin><xmax>215</xmax><ymax>75</ymax></bndbox></object><object><name>path</name><pose>Unspecified</pose><truncated>0</truncated><occluded>0</occluded><difficult>0</difficult><bndbox><xmin>22</xmin><ymin>14</ymin><xmax>62</xmax><ymax>178</ymax></bndbox></object><object><name>path</name><pose>Unspecified</pose><truncated>0</truncated><occluded>0</occluded><difficult>0</difficult><bndbox><xmin>166</xmin><ymin>232</ymin><xmax>317</xmax><ymax>386</ymax></bndbox></object></annotation>