<annotation><folder>images</folder><filename>img_6.jpg</filename><size><width>250</width><height>250</height><depth>3</depth></size><object><name>x</name><pose>Unspecified</pose><truncated>0</truncated><occluded>0</occluded><difficult>0</difficult><bndbox><xmin>55</xmin><ymin>113</ymin><xmax>80</xmax><ymax>152</ymax></bndbox></object><object><name>circle</name><pose>Unspecified</pose><truncated>0</truncated><occluded>0</occluded><difficult>0</difficult><bndbox><xmin>93</xmin><ymin>17</ymin><xmax>116</xmax><ymax>52</ymax></bndbox></object><object><name>tree</name><pose>Unspecified</pose><truncated>0</truncated><occluded>0</occluded><difficult>0</difficult><bndbox><xmin>91</xmin><ymin>8</ymin><xmax>148</xmax><ymax>69</ymax></bndbox></object><object><name>circle</name><pose>Unspecified</pose><truncated>0</truncated><occluded>0</occluded><difficult>0</difficult><bndbox><xmin>30</xmin><ymin>175</ymin><xmax>99</xmax><ymax>239</ymax></bndbox></object><object><name>x</name><pose>Unspecified</pose><truncated>0</truncated><occluded>0</occluded><difficult>0</difficult><bndbox><xmin>10</xmin><ymin>24</ymin><xmax>37</xmax><ymax>69</ymax></bndbox></object></annotation>