<annotation><folder>images</folder><filename>img_7.jpg</filename><size><width>250</width><height>250</height><depth>3</depth></size><object><name>x</name><pose>Unspecified</pose><truncated>0</truncated><occluded>0</occluded><difficult>0</difficult><bndbox><xmin>43</xmin><ymin>190</ymin><xmax>71</xmax><ymax>230</ymax></bndbox></object><object><name>circle</name><pose>Unspecified</pose><truncated>0</truncated><occluded>0</occluded><difficult>0</difficult><bndbox><xmin>140</xmin><ymin>112</ymin><xmax>181</xmax><ymax>153</ymax></bndbox></object><object><name>box</name><pose>Unspecified</pose><truncated>0</truncated><occluded>0</occluded><difficult>0</difficult><bndbox><xmin>198</xmin><ymin>116</ymin><xmax>219</xmax><ymax>142</ymax></bndbox></object><object><name>circle</name><pose>Unspecified</pose><truncated>0</truncated><occluded>0</occluded><difficult>0</difficult><bndbox><xmin>213</xmin><ymin>206</ymin><xmax>276</xmax><ymax>263</ymax></bndbox></object><object><name>x</name><pose>Unspecified</pose><truncated>0</truncated><occluded>0</occluded><difficult>0</difficult><bndbox><xmin>119</xmin><ymin>52</ymin><xmax>141</xmax><ymax>73</ymax></bndbox></object></annotation>