<annotation><folder>images</folder><filename>img_90.jpg</filename><size><width>250</width><height>250</height><depth>3</depth></size><object><name>circle</name><pose>Unspecified</pose><truncated>0</truncated><occluded>0</occluded><difficult>0</difficult><bndbox><xmin>223</xmin><ymin>16</ymin><xmax>280</xmax><ymax>69</ymax></bndbox></object><object><name>box</name><pose>Unspecified</pose><truncated>0</truncated><occluded>0</occluded><difficult>0</difficult><bndbox><xmin>98</xmin><ymin>51</ymin><xmax>142</xmax><ymax>93</ymax></bndbox></object><object><name>x</name><pose>Unspecified</pose><truncated>0</truncated><occluded>0</occluded><difficult>0</difficult><bndbox><xmin>37</xmin><ymin>141</ymin><xmax>61</xmax><ymax>173</ymax></bndbox></object><object><name>box</name><pose>Unspecified</pose><truncated>0</truncated><occluded>0</occluded><difficult>0</difficult><bndbox><xmin>137</xmin><ymin>102</ymin><xmax>203</xmax><ymax>155</ymax></bndbox></object></annotation>