<annotation><folder>images</folder><filename>img_81.jpg</filename><size><width>250</width><height>250</height><depth>3</depth></size><object><name>circle</name><pose>Unspecified</pose><truncated>0</truncated><occluded>0</occluded><difficult>0</difficult><bndbox><xmin>72</xmin><ymin>209</ymin><xmax>125</xmax><ymax>267</ymax></bndbox></object><object><name>path</name><pose>Unspecified</pose><truncated>0</truncated><occluded>0</occluded><difficult>0</difficult><bndbox><xmin>62</xmin><ymin>110</ymin><xmax>137</xmax><ymax>254</ymax></bndbox></object><object><name>box</name><pose>Unspecified</pose><truncated>0</truncated><occluded>0</occluded><difficult>0</difficult><bndbox><xmin>185</xmin><ymin>221</ymin><xmax>239</xmax><ymax>265</ymax></bndbox></object><object><name>path</name><pose>Unspecified</pose><truncated>0</truncated><occluded>0</occluded><difficult>0</difficult><bndbox><xmin>230</xmin><ymin>160</ymin><xmax>304</xmax><ymax>278</ymax></bndbox></object><object><name>path</name><pose>Unspecified</pose><truncated>0</truncated><occluded>0</occluded><difficult>0</difficult><bndbox><xmin>148</xmin><ymin>172</ymin><xmax>202</xmax><ymax>258</ymax></bndbox></object><object><name>tree</name><pose>Unspecified</pose><truncated>0</truncated><occluded>0</occluded><difficult>0</difficult><bndbox><xmin>22</xmin><ymin>166</ymin><xmax>102</xmax><ymax>260</ymax></bndbox></object></annotation>