<annotation><folder>images</folder><filename>img_154.jpg</filename><size><width>250</width><height>250</height><depth>3</depth></size><object><name>box</name><pose>Unspecified</pose><truncated>0</truncated><occluded>0</occluded><difficult>0</difficult><bndbox><xmin>142</xmin><ymin>27</ymin><xmax>185</xmax><ymax>61</ymax></bndbox></object><object><name>tree</name><pose>Unspecified</pose><truncated>0</truncated><occluded>0</occluded><difficult>0</difficult><bndbox><xmin>138</xmin><ymin>109</ymin><xmax>199</xmax><ymax>168</ymax></bndbox></object><object><name>x</name><pose>Unspecified</pose><truncated>0</truncated><occluded>0</occluded><difficult>0</difficult><bndbox><xmin>209</xmin><ymin>150</ymin><xmax>238</xmax><ymax>193</ymax></bndbox></object><object><name>box</name><pose>Unspecified</pose><truncated>0</truncated><occluded>0</occluded><difficult>0</difficult><bndbox><xmin>91</xmin><ymin>116</ymin><xmax>116</xmax><ymax>135</ymax></bndbox></object><object><name>circle</name><pose>Unspecified</pose><truncated>0</truncated><occluded>0</occluded><difficult>0</difficult><bndbox><xmin>102</xmin><ymin>108</ymin><xmax>127</xmax><ymax>135</ymax></bndbox></object></annotation>