<annotation><folder>images</folder><filename>img_20.jpg</filename><size><width>250</width><height>250</height><depth>3</depth></size><object><name>tree</name><pose>Unspecified</pose><truncated>0</truncated><occluded>0</occluded><difficult>0</difficult><bndbox><xmin>102</xmin><ymin>138</ymin><xmax>109</xmax><ymax>146</ymax></bndbox></object><object><name>box</name><pose>Unspecified</pose><truncated>0</truncated><occluded>0</occluded><difficult>0</difficult><bndbox><xmin>138</xmin><ymin>78</ymin><xmax>154</xmax><ymax>102</ymax></bndbox></object><object><name>tree</name><pose>Unspecified</pose><truncated>0</truncated><occluded>0</occluded><difficult>0</difficult><bndbox><xmin>144</xmin><ymin>126</ymin><xmax>187</xmax><ymax>176</ymax></bndbox></object><object><name>circle</name><pose>Unspecified</pose><truncated>0</truncated><occluded>0</occluded><difficult>0</difficult><bndbox><xmin>201</xmin><ymin>73</ymin><xmax>239</xmax><ymax>120</ymax></bndbox></object></annotation>