<annotation><folder>images</folder><filename>img_76.jpg</filename><size><width>250</width><height>250</height><depth>3</depth></size><object><name>box</name><pose>Unspecified</pose><truncated>0</truncated><occluded>0</occluded><difficult>0</difficult><bndbox><xmin>128</xmin><ymin>74</ymin><xmax>174</xmax><ymax>128</ymax></bndbox></object><object><name>path</name><pose>Unspecified</pose><truncated>0</truncated><occluded>0</occluded><difficult>0</difficult><bndbox><xmin>98</xmin><ymin>205</ymin><xmax>161</xmax><ymax>334</ymax></bndbox></object><object><name>tree</name><pose>Unspecified</pose><truncated>0</truncated><occluded>0</occluded><difficult>0</difficult><bndbox><xmin>19</xmin><ymin>201</ymin><xmax>76</xmax><ymax>252</ymax></bndbox></object><object><name>path</name><pose>Unspecified</pose><truncated>0</truncated><occluded>0</occluded><difficult>0</difficult><bndbox><xmin>81</xmin><ymin>167</ymin><xmax>130</xmax><ymax>328</ymax></bndbox></object><object><name>box</name><pose>Unspecified</pose><truncated>0</truncated><occluded>0</occluded><difficult>0</difficult><bndbox><xmin>54</xmin><ymin>44</ymin><xmax>100</xmax><ymax>104</ymax></bndbox></object><object><name>x</name><pose>Unspecified</pose><truncated>0</truncated><occluded>0</occluded><difficult>0</difficult><bndbox><xmin>141</xmin><ymin>147</ymin><xmax>159</xmax><ymax>168</ymax></bndbox></object></annotation>