<annotation><folder>images</folder><filename>img_99.jpg</filename><size><width>250</width><height>250</height><depth>3</depth></size><object><name>path</name><pose>Unspecified</pose><truncated>0</truncated><occluded>0</occluded><difficult>0</difficult><bndbox><xmin>222</xmin><ymin>163</ymin><xmax>313</xmax><ymax>334</ymax></bndbox></object><object><name>path</name><pose>Unspecified</pose><truncated>0</truncated><occluded>0</occluded><difficult>0</difficult><bndbox><xmin>79</xmin><ymin>91</ymin><xmax>283</xmax><ymax>298</ymax></bndbox></object><object><name>circle</name><pose>Unspecified</pose><truncated>0</truncated><occluded>0</occluded><difficult>0</difficult><bndbox><xmin>182</xmin><ymin>98</ymin><xmax>230</xmax><ymax>142</ymax></bndbox></object><object><name>path</name><pose>Unspecified</pose><truncated>0</truncated><occluded>0</occluded><difficult>0</difficult><bndbox><xmin>104</xmin><ymin>28</ymin><xmax>132</xmax><ymax>164</ymax></bndbox></object><object><name>box</name><pose>Unspecified</pose><truncated>0</truncated><occluded>0</occluded><difficult>0</difficult><bndbox><xmin>189</xmin><ymin>217</ymin><xmax>218</xmax><ymax>255</ymax></bndbox></object></annotation>