<annotation><folder>images</folder><filename>img_184.jpg</filename><size><width>250</width><height>250</height><depth>3</depth></size><object><name>path</name><pose>Unspecified</pose><truncated>0</truncated><occluded>0</occluded><difficult>0</difficult><bndbox><xmin>20</xmin><ymin>158</ymin><xmax>157</xmax><ymax>245</ymax></bndbox></object><object><name>tree</name><pose>Unspecified</pose><truncated>0</truncated><occluded>0</occluded><difficult>0</difficult><bndbox><xmin>61</xmin><ymin>161</ymin><xmax>98</xmax><ymax>204</ymax></bndbox></object><object><name>box</name><pose>Unspecified</pose><truncated>0</truncated><occluded>0</occluded><difficult>0</difficult><bndbox><xmin>90</xmin><ymin>224</ymin><xmax>177</xmax><ymax>299</ymax></bndbox></object></annotation>