<annotation><folder>images</folder><filename>img_200.jpg</filename><size><width>250</width><height>250</height><depth>3</depth></size><object><name>path</name><pose>Unspecified</pose><truncated>0</truncated><occluded>0</occluded><difficult>0</difficult><bndbox><xmin>63</xmin><ymin>206</ymin><xmax>184</xmax><ymax>355</ymax></bndbox></object><object><name>path</name><pose>Unspecified</pose><truncated>0</truncated><occluded>0</occluded><difficult>0</difficult><bndbox><xmin>51</xmin><ymin>104</ymin><xmax>107</xmax><ymax>289</ymax></bndbox></object><object><name>box</name><pose>Unspecified</pose><truncated>0</truncated><occluded>0</occluded><difficult>0</difficult><bndbox><xmin>224</xmin><ymin>133</ymin><xmax>256</xmax><ymax>161</ymax></bndbox></object><object><name>box</name><pose>Unspecified</pose><truncated>0</truncated><occluded>0</occluded><difficult>0</difficult><bndbox><xmin>37</xmin><ymin>7</ymin><xmax>122</xmax><ymax>53</ymax></bndbox></object><object><name>box</name><pose>Unspecified</pose><truncated>0</truncated><occluded>0</occluded><difficult>0</difficult><bndbox><xmin>91</xmin><ymin>119</ymin><xmax>145</xmax><ymax>171</ymax></bndbox></object><object><name>x</name><pose>Unspecified</pose><truncated>0</truncated><occluded>0</occluded><difficult>0</difficult><bndbox><xmin>130</xmin><ymin>233</ymin><xmax>183</xmax><ymax>278</ymax></bndbox></object></annotation>