<annotation><folder>images</folder><filename>img_166.jpg</filename><size><width>250</width><height>250</height><depth>3</depth></size><object><name>circle</name><pose>Unspecified</pose><truncated>0</truncated><occluded>0</occluded><difficult>0</difficult><bndbox><xmin>42</xmin><ymin>162</ymin><xmax>64</xmax><ymax>187</ymax></bndbox></object><object><name>x</name><pose>Unspecified</pose><truncated>0</truncated><occluded>0</occluded><difficult>0</difficult><bndbox><xmin>114</xmin><ymin>92</ymin><xmax>143</xmax><ymax>124</ymax></bndbox></object><object><name>x</name><pose>Unspecified</pose><truncated>0</truncated><occluded>0</occluded><difficult>0</difficult><bndbox><xmin>230</xmin><ymin>209</ymin><xmax>283</xmax><ymax>247</ymax></bndbox></object></annotation>