<annotation><folder>images</folder><filename>img_107.jpg</filename><size><width>250</width><height>250</height><depth>3</depth></size><object><name>tree</name><pose>Unspecified</pose><truncated>0</truncated><occluded>0</occluded><difficult>0</difficult><bndbox><xmin>73</xmin><ymin>239</ymin><xmax>137</xmax><ymax>315</ymax></bndbox></object><object><name>box</name><pose>Unspecified</pose><truncated>0</truncated><occluded>0</occluded><difficult>0</difficult><bndbox><xmin>118</xmin><ymin>96</ymin><xmax>166</xmax><ymax>135</ymax></bndbox></object><object><name>tree</name><pose>Unspecified</pose><truncated>0</truncated><occluded>0</occluded><difficult>0</difficult><bndbox><xmin>209</xmin><ymin>119</ymin><xmax>258</xmax><ymax>165</ymax></bndbox></object><object><name>x</name><pose>Unspecified</pose><truncated>0</truncated><occluded>0</occluded><difficult>0</difficult><bndbox><xmin>177</xmin><ymin>37</ymin><xmax>195</xmax><ymax>57</ymax></bndbox></object><object><name>tree</name><pose>Unspecified</pose><truncated>0</truncated><occluded>0</occluded><difficult>0</difficult><bndbox><xmin>29</xmin><ymin>96</ymin><xmax>89</xmax><ymax>154</ymax></bndbox></object></annotation>