<annotation><folder>images</folder><filename>img_190.jpg</filename><size><width>250</width><height>250</height><depth>3</depth></size><object><name>tree</name><pose>Unspecified</pose><truncated>0</truncated><occluded>0</occluded><difficult>0</difficult><bndbox><xmin>54</xmin><ymin>38</ymin><xmax>104</xmax><ymax>83</ymax></bndbox></object><object><name>circle</name><pose>Unspecified</pose><truncated>0</truncated><occluded>0</occluded><difficult>0</difficult><bndbox><xmin>153</xmin><ymin>207</ymin><xmax>184</xmax><ymax>242</ymax></bndbox></object><object><name>box</name><pose>Unspecified</pose><truncated>0</truncated><occluded>0</occluded><difficult>0</difficult><bndbox><xmin>125</xmin><ymin>194</ymin><xmax>202</xmax><ymax>260</ymax></bndbox></object><object><name>box</name><pose>Unspecified</pose><truncated>0</truncated><occluded>0</occluded><difficult>0</difficult><bndbox><xmin>226</xmin><ymin>33</ymin><xmax>298</xmax><ymax>95</ymax></bndbox></object><object><name>box</name><pose>Unspecified</pose><truncated>0</truncated><occluded>0</occluded><difficult>0</difficult><bndbox><xmin>89</xmin><ymin>181</ymin><xmax>128</xmax><ymax>231</ymax></bndbox></object><object><name>box</name><pose>Unspecified</pose><truncated>0</truncated><occluded>0</occluded><difficult>0</difficult><bndbox><xmin>113</xmin><ymin>78</ymin><xmax>156</xmax><ymax>134</ymax></bndbox></object></annotation>