<annotation><folder>images</folder><filename>img_165.jpg</filename><size><width>250</width><height>250</height><depth>3</depth></size><object><name>box</name><pose>Unspecified</pose><truncated>0</truncated><occluded>0</occluded><difficult>0</difficult><bndbox><xmin>210</xmin><ymin>179</ymin><xmax>324</xmax><ymax>239</ymax></bndbox></object><object><name>box</name><pose>Unspecified</pose><truncated>0</truncated><occluded>0</occluded><difficult>0</difficult><bndbox><xmin>77</xmin><ymin>87</ymin><xmax>191</xmax><ymax>147</ymax></bndbox></object><object><name>circle</name><pose>Unspecified</pose><truncated>0</truncated><occluded>0</occluded><difficult>0</difficult><bndbox><xmin>129</xmin><ymin>105</ymin><xmax>156</xmax><ymax>137</ymax></bndbox></object></annotation>