<annotation><folder>images</folder><filename>img_160.jpg</filename><size><width>250</width><height>250</height><depth>3</depth></size><object><name>circle</name><pose>Unspecified</pose><truncated>0</truncated><occluded>0</occluded><difficult>0</difficult><bndbox><xmin>95</xmin><ymin>0</ymin><xmax>120</xmax><ymax>28</ymax></bndbox></object><object><name>path</name><pose>Unspecified</pose><truncated>0</truncated><occluded>0</occluded><difficult>0</difficult><bndbox><xmin>94</xmin><ymin>114</ymin><xmax>166</xmax><ymax>260</ymax></bndbox></object><object><name>tree</name><pose>Unspecified</pose><truncated>0</truncated><occluded>0</occluded><difficult>0</difficult><bndbox><xmin>84</xmin><ymin>156</ymin><xmax>148</xmax><ymax>225</ymax></bndbox></object><object><name>box</name><pose>Unspecified</pose><truncated>0</truncated><occluded>0</occluded><difficult>0</difficult><bndbox><xmin>224</xmin><ymin>2</ymin><xmax>289</xmax><ymax>58</ymax></bndbox></object><object><name>box</name><pose>Unspecified</pose><truncated>0</truncated><occluded>0</occluded><difficult>0</difficult><bndbox><xmin>83</xmin><ymin>213</ymin><xmax>114</xmax><ymax>250</ymax></bndbox></object><object><name>circle</name><pose>Unspecified</pose><truncated>0</truncated><occluded>0</occluded><difficult>0</difficult><bndbox><xmin>132</xmin><ymin>236</ymin><xmax>202</xmax><ymax>312</ymax></bndbox></object></annotation>