<annotation><folder>images</folder><filename>img_148.jpg</filename><size><width>250</width><height>250</height><depth>3</depth></size><object><name>tree</name><pose>Unspecified</pose><truncated>0</truncated><occluded>0</occluded><difficult>0</difficult><bndbox><xmin>224</xmin><ymin>228</ymin><xmax>289</xmax><ymax>291</ymax></bndbox></object><object><name>path</name><pose>Unspecified</pose><truncated>0</truncated><occluded>0</occluded><difficult>0</difficult><bndbox><xmin>153</xmin><ymin>127</ymin><xmax>231</xmax><ymax>252</ymax></bndbox></object><object><name>path</name><pose>Unspecified</pose><truncated>0</truncated><occluded>0</occluded><difficult>0</difficult><bndbox><xmin>204</xmin><ymin>47</ymin><xmax>235</xmax><ymax>195</ymax></bndbox></object></annotation>