<annotation><folder>images</folder><filename>img_122.jpg</filename><size><width>250</width><height>250</height><depth>3</depth></size><object><name>circle</name><pose>Unspecified</pose><truncated>0</truncated><occluded>0</occluded><difficult>0</difficult><bndbox><xmin>100</xmin><ymin>200</ymin><xmax>136</xmax><ymax>241</ymax></bndbox></object><object><name>box</name><pose>Unspecified</pose><truncated>0</truncated><occluded>0</occluded><difficult>0</difficult><bndbox><xmin>15</xmin><ymin>217</ymin><xmax>48</xmax><ymax>256</ymax></bndbox></object><object><name>path</name><pose>Unspecified</pose><truncated>0</truncated><occluded>0</occluded><difficult>0</difficult><bndbox><xmin>0</xmin><ymin>179</ymin><xmax>56</xmax><ymax>341</ymax></bndbox></object><object><name>circle</name><pose>Unspecified</pose><truncated>0</truncated><occluded>0</occluded><difficult>0</difficult><bndbox><xmin>233</xmin><ymin>27</ymin><xmax>248</xmax><ymax>45</ymax></bndbox></object></annotation>