<annotation><folder>images</folder><filename>img_31.jpg</filename><size><width>250</width><height>250</height><depth>3</depth></size><object><name>box</name><pose>Unspecified</pose><truncated>0</truncated><occluded>0</occluded><difficult>0</difficult><bndbox><xmin>113</xmin><ymin>68</ymin><xmax>155</xmax><ymax>108</ymax></bndbox></object><object><name>circle</name><pose>Unspecified</pose><truncated>0</truncated><occluded>0</occluded><difficult>0</difficult><bndbox><xmin>126</xmin><ymin>175</ymin><xmax>168</xmax><ymax>222</ymax></bndbox></object><object><name>tree</name><pose>Unspecified</pose><truncated>0</truncated><occluded>0</occluded><difficult>0</difficult><bndbox><xmin>156</xmin><ymin>221</ymin><xmax>199</xmax><ymax>273</ymax></bndbox></object></annotation>