<annotation><folder>images</folder><filename>img_56.jpg</filename><size><width>250</width><height>250</height><depth>3</depth></size><object><name>circle</name><pose>Unspecified</pose><truncated>0</truncated><occluded>0</occluded><difficult>0</difficult><bndbox><xmin>2</xmin><ymin>87</ymin><xmax>55</xmax><ymax>144</ymax></bndbox></object><object><name>circle</name><pose>Unspecified</pose><truncated>0</truncated><occluded>0</occluded><difficult>0</difficult><bndbox><xmin>149</xmin><ymin>200</ymin><xmax>176</xmax><ymax>226</ymax></bndbox></object><object><name>circle</name><pose>Unspecified</pose><truncated>0</truncated><occluded>0</occluded><difficult>0</difficult><bndbox><xmin>131</xmin><ymin>208</ymin><xmax>158</xmax><ymax>238</ymax></bndbox></object><object><name>x</name><pose>Unspecified</pose><truncated>0</truncated><occluded>0</occluded><difficult>0</difficult><bndbox><xmin>92</xmin><ymin>100</ymin><xmax>116</xmax><ymax>119</ymax></bndbox></object></annotation>