<annotation><folder>images</folder><filename>img_183.jpg</filename><size><width>250</width><height>250</height><depth>3</depth></size><object><name>tree</name><pose>Unspecified</pose><truncated>0</truncated><occluded>0</occluded><difficult>0</difficult><bndbox><xmin>113</xmin><ymin>159</ymin><xmax>146</xmax><ymax>192</ymax></bndbox></object><object><name>tree</name><pose>Unspecified</pose><truncated>0</truncated><occluded>0</occluded><difficult>0</difficult><bndbox><xmin>231</xmin><ymin>192</ymin><xmax>292</xmax><ymax>262</ymax></bndbox></object><object><name>box</name><pose>Unspecified</pose><truncated>0</truncated><occluded>0</occluded><difficult>0</difficult><bndbox><xmin>56</xmin><ymin>221</ymin><xmax>161</xmax><ymax>312</ymax></bndbox></object><object><name>tree</name><pose>Unspecified</pose><truncated>0</truncated><occluded>0</occluded><difficult>0</difficult><bndbox><xmin>90</xmin><ymin>142</ymin><xmax>139</xmax><ymax>193</ymax></bndbox></object><object><name>path</name><pose>Unspecified</pose><truncated>0</truncated><occluded>0</occluded><difficult>0</difficult><bndbox><xmin>226</xmin><ymin>150</ymin><xmax>365</xmax><ymax>308</ymax></bndbox></object></annotation>