<annotation><folder>images</folder><filename>img_23.jpg</filename><size><width>250</width><height>250</height><depth>3</depth></size><object><name>box</name><pose>Unspecified</pose><truncated>0</truncated><occluded>0</occluded><difficult>0</difficult><bndbox><xmin>42</xmin><ymin>6</ymin><xmax>98</xmax><ymax>50</ymax></bndbox></object><object><name>tree</name><pose>Unspecified</pose><truncated>0</truncated><occluded>0</occluded><difficult>0</difficult><bndbox><xmin>103</xmin><ymin>64</ymin><xmax>149</xmax><ymax>111</ymax></bndbox></object><object><name>circle</name><pose>Unspecified</pose><truncated>0</truncated><occluded>0</occluded><difficult>0</difficult><bndbox><xmin>145</xmin><ymin>34</ymin><xmax>167</xmax><ymax>59</ymax></bndbox></object></annotation>