<annotation><folder>images</folder><filename>img_71.jpg</filename><size><width>250</width><height>250</height><depth>3</depth></size><object><name>tree</name><pose>Unspecified</pose><truncated>0</truncated><occluded>0</occluded><difficult>0</difficult><bndbox><xmin>4</xmin><ymin>26</ymin><xmax>55</xmax><ymax>77</ymax></bndbox></object><object><name>tree</name><pose>Unspecified</pose><truncated>0</truncated><occluded>0</occluded><difficult>0</difficult><bndbox><xmin>107</xmin><ymin>48</ymin><xmax>145</xmax><ymax>88</ymax></bndbox></object><object><name>circle</name><pose>Unspecified</pose><truncated>0</truncated><occluded>0</occluded><difficult>0</difficult><bndbox><xmin>177</xmin><ymin>167</ymin><xmax>250</xmax><ymax>239</ymax></bndbox></object><object><name>box</name><pose>Unspecified</pose><truncated>0</truncated><occluded>0</occluded><difficult>0</difficult><bndbox><xmin>179</xmin><ymin>34</ymin><xmax>267</xmax><ymax>81</ymax></bndbox></object><object><name>x</name><pose>Unspecified</pose><truncated>0</truncated><occluded>0</occluded><difficult>0</difficult><bndbox><xmin>83</xmin><ymin>138</ymin><xmax>135</xmax><ymax>217</ymax></bndbox></object><object><name>path</name><pose>Unspecified</pose><truncated>0</truncated><occluded>0</occluded><difficult>0</difficult><bndbox><xmin>130</xmin><ymin>210</ymin><xmax>216</xmax><ymax>428</ymax></bndbox></object></annotation>