<annotation><folder>images</folder><filename>img_182.jpg</filename><size><width>250</width><height>250</height><depth>3</depth></size><object><name>x</name><pose>Unspecified</pose><truncated>0</truncated><occluded>0</occluded><difficult>0</difficult><bndbox><xmin>208</xmin><ymin>175</ymin><xmax>248</xmax><ymax>214</ymax></bndbox></object><object><name>tree</name><pose>Unspecified</pose><truncated>0</truncated><occluded>0</occluded><difficult>0</difficult><bndbox><xmin>109</xmin><ymin>130</ymin><xmax>163</xmax><ymax>179</ymax></bndbox></object><object><name>box</name><pose>Unspecified</pose><truncated>0</truncated><occluded>0</occluded><difficult>0</difficult><bndbox><xmin>206</xmin><ymin>164</ymin><xmax>250</xmax><ymax>201</ymax></bndbox></object><object><name>x</name><pose>Unspecified</pose><truncated>0</truncated><occluded>0</occluded><difficult>0</difficult><bndbox><xmin>88</xmin><ymin>228</ymin><xmax>119</xmax><ymax>279</ymax></bndbox></object><object><name>circle</name><pose>Unspecified</pose><truncated>0</truncated><occluded>0</occluded><difficult>0</difficult><bndbox><xmin>1</xmin><ymin>133</ymin><xmax>61</xmax><ymax>205</ymax></bndbox></object></annotation>