<annotation><folder>images</folder><filename>img_39.jpg</filename><size><width>250</width><height>250</height><depth>3</depth></size><object><name>circle</name><pose>Unspecified</pose><truncated>0</truncated><occluded>0</occluded><difficult>0</difficult><bndbox><xmin>207</xmin><ymin>56</ymin><xmax>255</xmax><ymax>100</ymax></bndbox></object><object><name>x</name><pose>Unspecified</pose><truncated>0</truncated><occluded>0</occluded><difficult>0</difficult><bndbox><xmin>211</xmin><ymin>31</ymin><xmax>248</xmax><ymax>66</ymax></bndbox></object><object><name>circle</name><pose>Unspecified</pose><truncated>0</truncated><occluded>0</occluded><difficult>0</difficult><bndbox><xmin>125</xmin><ymin>179</ymin><xmax>158</xmax><ymax>220</ymax></bndbox></object><object><name>x</name><pose>Unspecified</pose><truncated>0</truncated><occluded>0</occluded><difficult>0</difficult><bndbox><xmin>134</xmin><ymin>193</ymin><xmax>177</xmax><ymax>234</ymax></bndbox></object><object><name>circle</name><pose>Unspecified</pose><truncated>0</truncated><occluded>0</occluded><difficult>0</difficult><bndbox><xmin>135</xmin><ymin>83</ymin><xmax>166</xmax><ymax>125</ymax></bndbox></object><object><name>box</name><pose>Unspecified</pose><truncated>0</truncated><occluded>0</occluded><difficult>0</difficult><bndbox><xmin>161</xmin><ymin>168</ymin><xmax>195</xmax><ymax>186</ymax></bndbox></object></annotation>