<annotation><folder>images</folder><filename>img_72.jpg</filename><size><width>250</width><height>250</height><depth>3</depth></size><object><name>tree</name><pose>Unspecified</pose><truncated>0</truncated><occluded>0</occluded><difficult>0</difficult><bndbox><xmin>148</xmin><ymin>219</ymin><xmax>208</xmax><ymax>284</ymax></bndbox></object><object><name>x</name><pose>Unspecified</pose><truncated>0</truncated><occluded>0</occluded><difficult>0</difficult><bndbox><xmin>136</xmin><ymin>108</ymin><xmax>160</xmax><ymax>132</ymax></bndbox></object><object><name>box</name><pose>Unspecified</pose><truncated>0</truncated><occluded>0</occluded><difficult>0</difficult><bndbox><xmin>47</xmin><ymin>99</ymin><xmax>74</xmax><ymax>132</ymax></bndbox></object><object><name>tree</name><pose>Unspecified</pose><truncated>0</truncated><occluded>0</occluded><difficult>0</difficult><bndbox><xmin>203</xmin><ymin>28</ymin><xmax>249</xmax><ymax>74</ymax></bndbox></object></annotation>