<annotation><folder>images</folder><filename>img_12.jpg</filename><size><width>250</width><height>250</height><depth>3</depth></size><object><name>x</name><pose>Unspecified</pose><truncated>0</truncated><occluded>0</occluded><difficult>0</difficult><bndbox><xmin>138</xmin><ymin>116</ymin><xmax>170</xmax><ymax>167</ymax></bndbox></object><object><name>circle</name><pose>Unspecified</pose><truncated>0</truncated><occluded>0</occluded><difficult>0</difficult><bndbox><xmin>45</xmin><ymin>232</ymin><xmax>96</xmax><ymax>279</ymax></bndbox></object><object><name>tree</name><pose>Unspecified</pose><truncated>0</truncated><occluded>0</occluded><difficult>0</difficult><bndbox><xmin>66</xmin><ymin>16</ymin><xmax>141</xmax><ymax>90</ymax></bndbox></object><object><name>x</name><pose>Unspecified</pose><truncated>0</truncated><occluded>0</occluded><difficult>0</difficult><bndbox><xmin>37</xmin><ymin>1</ymin><xmax>57</xmax><ymax>21</ymax></bndbox></object><object><name>path</name><pose>Unspecified</pose><truncated>0</truncated><occluded>0</occluded><difficult>0</difficult><bndbox><xmin>89</xmin><ymin>120</ymin><xmax>173</xmax><ymax>335</ymax></bndbox></object></annotation>