<annotation><folder>images</folder><filename>img_30.jpg</filename><size><width>250</width><height>250</height><depth>3</depth></size><object><name>circle</name><pose>Unspecified</pose><truncated>0</truncated><occluded>0</occluded><difficult>0</difficult><bndbox><xmin>224</xmin><ymin>159</ymin><xmax>244</xmax><ymax>180</ymax></bndbox></object><object><name>x</name><pose>Unspecified</pose><truncated>0</truncated><occluded>0</occluded><difficult>0</difficult><bndbox><xmin>184</xmin><ymin>227</ymin><xmax>219</xmax><ymax>282</ymax></bndbox></object><object><name>circle</name><pose>Unspecified</pose><truncated>0</truncated><occluded>0</occluded><difficult>0</difficult><bndbox><xmin>33</xmin><ymin>121</ymin><xmax>61</xmax><ymax>154</ymax></bndbox></object><object><name>box</name><pose>Unspecified</pose><truncated>0</truncated><occluded>0</occluded><difficult>0</difficult><bndbox><xmin>231</xmin><ymin>207</ymin><xmax>255</xmax><ymax>235</ymax></bndbox></object></annotation>