<annotation><folder>images</folder><filename>img_73.jpg</filename><size><width>250</width><height>250</height><depth>3</depth></size><object><name>tree</name><pose>Unspecified</pose><truncated>0</truncated><occluded>0</occluded><difficult>0</difficult><bndbox><xmin>176</xmin><ymin>234</ymin><xmax>224</xmax><ymax>281</ymax></bndbox></object><object><name>x</name><pose>Unspecified</pose><truncated>0</truncated><occluded>0</occluded><difficult>0</difficult><bndbox><xmin>149</xmin><ymin>223</ymin><xmax>169</xmax><ymax>244</ymax></bndbox></object><object><name>path</name><pose>Unspecified</pose><truncated>0</truncated><occluded>0</occluded><difficult>0</difficult><bndbox><xmin>227</xmin><ymin>77</ymin><xmax>343</xmax><ymax>151</ymax></bndbox></object><object><name>circle</name><pose>Unspecified</pose><truncated>0</truncated><occluded>0</occluded><difficult>0</difficult><bndbox><xmin>110</xmin><ymin>51</ymin><xmax>147</xmax><ymax>91</ymax></bndbox></object><object><name>box</name><pose>Unspecified</pose><truncated>0</truncated><occluded>0</occluded><difficult>0</difficult><bndbox><xmin>65</xmin><ymin>146</ymin><xmax>119</xmax><ymax>175</ymax></bndbox></object></annotation>