<annotation><folder>images</folder><filename>img_75.jpg</filename><size><width>250</width><height>250</height><depth>3</depth></size><object><name>path</name><pose>Unspecified</pose><truncated>0</truncated><occluded>0</occluded><difficult>0</difficult><bndbox><xmin>52</xmin><ymin>128</ymin><xmax>186</xmax><ymax>291</ymax></bndbox></object><object><name>circle</name><pose>Unspecified</pose><truncated>0</truncated><occluded>0</occluded><difficult>0</difficult><bndbox><xmin>78</xmin><ymin>101</ymin><xmax>125</xmax><ymax>148</ymax></bndbox></object><object><name>x</name><pose>Unspecified</pose><truncated>0</truncated><occluded>0</occluded><difficult>0</difficult><bndbox><xmin>117</xmin><ymin>5</ymin><xmax>127</xmax><ymax>30</ymax></bndbox></object><object><name>x</name><pose>Unspecified</pose><truncated>0</truncated><occluded>0</occluded><difficult>0</difficult><bndbox><xmin>156</xmin><ymin>123</ymin><xmax>183</xmax><ymax>161</ymax></bndbox></object><object><name>circle</name><pose>Unspecified</pose><truncated>0</truncated><occluded>0</occluded><difficult>0</difficult><bndbox><xmin>140</xmin><ymin>71</ymin><xmax>173</xmax><ymax>104</ymax></bndbox></object><object><name>circle</name><pose>Unspecified</pose><truncated>0</truncated><occluded>0</occluded><difficult>0</difficult><bndbox><xmin>90</xmin><ymin>102</ymin><xmax>160</xmax><ymax>165</ymax></bndbox></object></annotation>