<annotation><folder>images</folder><filename>img_141.jpg</filename><size><width>250</width><height>250</height><depth>3</depth></size><object><name>tree</name><pose>Unspecified</pose><truncated>0</truncated><occluded>0</occluded><difficult>0</difficult><bndbox><xmin>59</xmin><ymin>160</ymin><xmax>125</xmax><ymax>227</ymax></bndbox></object><object><name>path</name><pose>Unspecified</pose><truncated>0</truncated><occluded>0</occluded><difficult>0</difficult><bndbox><xmin>1</xmin><ymin>67</ymin><xmax>67</xmax><ymax>202</ymax></bndbox></object><object><name>circle</name><pose>Unspecified</pose><truncated>0</truncated><occluded>0</occluded><difficult>0</difficult><bndbox><xmin>235</xmin><ymin>171</ymin><xmax>289</xmax><ymax>230</ymax></bndbox></object></annotation>