<annotation><folder>images</folder><filename>img_105.jpg</filename><size><width>250</width><height>250</height><depth>3</depth></size><object><name>box</name><pose>Unspecified</pose><truncated>0</truncated><occluded>0</occluded><difficult>0</difficult><bndbox><xmin>46</xmin><ymin>170</ymin><xmax>144</xmax><ymax>254</ymax></bndbox></object><object><name>x</name><pose>Unspecified</pose><truncated>0</truncated><occluded>0</occluded><difficult>0</difficult><bndbox><xmin>237</xmin><ymin>232</ymin><xmax>263</xmax><ymax>253</ymax></bndbox></object><object><name>path</name><pose>Unspecified</pose><truncated>0</truncated><occluded>0</occluded><difficult>0</difficult><bndbox><xmin>143</xmin><ymin>106</ymin><xmax>284</xmax><ymax>195</ymax></bndbox></object><object><name>x</name><pose>Unspecified</pose><truncated>0</truncated><occluded>0</occluded><difficult>0</difficult><bndbox><xmin>5</xmin><ymin>222</ymin><xmax>47</xmax><ymax>257</ymax></bndbox></object></annotation>