<annotation><folder>images</folder><filename>img_74.jpg</filename><size><width>250</width><height>250</height><depth>3</depth></size><object><name>x</name><pose>Unspecified</pose><truncated>0</truncated><occluded>0</occluded><difficult>0</difficult><bndbox><xmin>80</xmin><ymin>54</ymin><xmax>115</xmax><ymax>102</ymax></bndbox></object><object><name>path</name><pose>Unspecified</pose><truncated>0</truncated><occluded>0</occluded><difficult>0</difficult><bndbox><xmin>14</xmin><ymin>149</ymin><xmax>56</xmax><ymax>215</ymax></bndbox></object><object><name>box</name><pose>Unspecified</pose><truncated>0</truncated><occluded>0</occluded><difficult>0</difficult><bndbox><xmin>166</xmin><ymin>176</ymin><xmax>209</xmax><ymax>218</ymax></bndbox></object><object><name>path</name><pose>Unspecified</pose><truncated>0</truncated><occluded>0</occluded><difficult>0</difficult><bndbox><xmin>3</xmin><ymin>212</ymin><xmax>64</xmax><ymax>309</ymax></bndbox></object><object><name>x</name><pose>Unspecified</pose><truncated>0</truncated><occluded>0</occluded><difficult>0</difficult><bndbox><xmin>180</xmin><ymin>177</ymin><xmax>218</xmax><ymax>221</ymax></bndbox></object><object><name>x</name><pose>Unspecified</pose><truncated>0</truncated><occluded>0</occluded><difficult>0</difficult><bndbox><xmin>55</xmin><ymin>211</ymin><xmax>115</xmax><ymax>291</ymax></bndbox></object></annotation>