<annotation><folder>images</folder><filename>img_27.jpg</filename><size><width>250</width><height>250</height><depth>3</depth></size><object><name>circle</name><pose>Unspecified</pose><truncated>0</truncated><occluded>0</occluded><difficult>0</difficult><bndbox><xmin>63</xmin><ymin>143</ymin><xmax>88</xmax><ymax>171</ymax></bndbox></object><object><name>tree</name><pose>Unspecified</pose><truncated>0</truncated><occluded>0</occluded><difficult>0</difficult><bndbox><xmin>54</xmin><ymin>128</ymin><xmax>112</xmax><ymax>184</ymax></bndbox></object><object><name>circle</name><pose>Unspecified</pose><truncated>0</truncated><occluded>0</occluded><difficult>0</difficult><bndbox><xmin>115</xmin><ymin>90</ymin><xmax>137</xmax><ymax>114</ymax></bndbox></object><object><name>x</name><pose>Unspecified</pose><truncated>0</truncated><occluded>0</occluded><difficult>0</difficult><bndbox><xmin>166</xmin><ymin>221</ymin><xmax>177</xmax><ymax>248</ymax></bndbox></object></annotation>