<annotation><folder>images</folder><filename>img_36.jpg</filename><size><width>250</width><height>250</height><depth>3</depth></size><object><name>circle</name><pose>Unspecified</pose><truncated>0</truncated><occluded>0</occluded><difficult>0</difficult><bndbox><xmin>33</xmin><ymin>192</ymin><xmax>70</xmax><ymax>237</ymax></bndbox></object><object><name>x</name><pose>Unspecified</pose><truncated>0</truncated><occluded>0</occluded><difficult>0</difficult><bndbox><xmin>239</xmin><ymin>176</ymin><xmax>271</xmax><ymax>207</ymax></bndbox></object><object><name>box</name><pose>Unspecified</pose><truncated>0</truncated><occluded>0</occluded><difficult>0</difficult><bndbox><xmin>239</xmin><ymin>82</ymin><xmax>309</xmax><ymax>143</ymax></bndbox></object><object><name>box</name><pose>Unspecified</pose><truncated>0</truncated><occluded>0</occluded><difficult>0</difficult><bndbox><xmin>105</xmin><ymin>15</ymin><xmax>150</xmax><ymax>73</ymax></bndbox></object></annotation>