<annotation><folder>images</folder><filename>img_145.jpg</filename><size><width>250</width><height>250</height><depth>3</depth></size><object><name>box</name><pose>Unspecified</pose><truncated>0</truncated><occluded>0</occluded><difficult>0</difficult><bndbox><xmin>153</xmin><ymin>126</ymin><xmax>189</xmax><ymax>172</ymax></bndbox></object><object><name>circle</name><pose>Unspecified</pose><truncated>0</truncated><occluded>0</occluded><difficult>0</difficult><bndbox><xmin>132</xmin><ymin>204</ymin><xmax>174</xmax><ymax>249</ymax></bndbox></object><object><name>box</name><pose>Unspecified</pose><truncated>0</truncated><occluded>0</occluded><difficult>0</difficult><bndbox><xmin>163</xmin><ymin>94</ymin><xmax>231</xmax><ymax>130</ymax></bndbox></object><object><name>x</name><pose>Unspecified</pose><truncated>0</truncated><occluded>0</occluded><difficult>0</difficult><bndbox><xmin>190</xmin><ymin>165</ymin><xmax>216</xmax><ymax>195</ymax></bndbox></object></annotation>