<annotation><folder>images</folder><filename>img_104.jpg</filename><size><width>250</width><height>250</height><depth>3</depth></size><object><name>path</name><pose>Unspecified</pose><truncated>0</truncated><occluded>0</occluded><difficult>0</difficult><bndbox><xmin>216</xmin><ymin>130</ymin><xmax>303</xmax><ymax>350</ymax></bndbox></object><object><name>box</name><pose>Unspecified</pose><truncated>0</truncated><occluded>0</occluded><difficult>0</difficult><bndbox><xmin>183</xmin><ymin>203</ymin><xmax>211</xmax><ymax>238</ymax></bndbox></object><object><name>box</name><pose>Unspecified</pose><truncated>0</truncated><occluded>0</occluded><difficult>0</difficult><bndbox><xmin>12</xmin><ymin>71</ymin><xmax>84</xmax><ymax>133</ymax></bndbox></object></annotation>