<annotation><folder>images</folder><filename>img_116.jpg</filename><size><width>250</width><height>250</height><depth>3</depth></size><object><name>path</name><pose>Unspecified</pose><truncated>0</truncated><occluded>0</occluded><difficult>0</difficult><bndbox><xmin>70</xmin><ymin>156</ymin><xmax>222</xmax><ymax>341</ymax></bndbox></object><object><name>tree</name><pose>Unspecified</pose><truncated>0</truncated><occluded>0</occluded><difficult>0</difficult><bndbox><xmin>47</xmin><ymin>120</ymin><xmax>99</xmax><ymax>174</ymax></bndbox></object><object><name>circle</name><pose>Unspecified</pose><truncated>0</truncated><occluded>0</occluded><difficult>0</difficult><bndbox><xmin>220</xmin><ymin>113</ymin><xmax>246</xmax><ymax>141</ymax></bndbox></object><object><name>tree</name><pose>Unspecified</pose><truncated>0</truncated><occluded>0</occluded><difficult>0</difficult><bndbox><xmin>39</xmin><ymin>225</ymin><xmax>82</xmax><ymax>275</ymax></bndbox></object><object><name>x</name><pose>Unspecified</pose><truncated>0</truncated><occluded>0</occluded><difficult>0</difficult><bndbox><xmin>122</xmin><ymin>199</ymin><xmax>144</xmax><ymax>229</ymax></bndbox></object></annotation>