<annotation><folder>images</folder><filename>img_181.jpg</filename><size><width>250</width><height>250</height><depth>3</depth></size><object><name>box</name><pose>Unspecified</pose><truncated>0</truncated><occluded>0</occluded><difficult>0</difficult><bndbox><xmin>117</xmin><ymin>201</ymin><xmax>153</xmax><ymax>247</ymax></bndbox></object><object><name>circle</name><pose>Unspecified</pose><truncated>0</truncated><occluded>0</occluded><difficult>0</difficult><bndbox><xmin>202</xmin><ymin>61</ymin><xmax>229</xmax><ymax>93</ymax></bndbox></object><object><name>tree</name><pose>Unspecified</pose><truncated>0</truncated><occluded>0</occluded><difficult>0</difficult><bndbox><xmin>9</xmin><ymin>154</ymin><xmax>66</xmax><ymax>212</ymax></bndbox></object><object><name>x</name><pose>Unspecified</pose><truncated>0</truncated><occluded>0</occluded><difficult>0</difficult><bndbox><xmin>0</xmin><ymin>196</ymin><xmax>60</xmax><ymax>277</ymax></bndbox></object><object><name>circle</name><pose>Unspecified</pose><truncated>0</truncated><occluded>0</occluded><difficult>0</difficult><bndbox><xmin>197</xmin><ymin>224</ymin><xmax>228</xmax><ymax>261</ymax></bndbox></object></annotation>