<annotation><folder>images</folder><filename>img_42.jpg</filename><size><width>250</width><height>250</height><depth>3</depth></size><object><name>x</name><pose>Unspecified</pose><truncated>0</truncated><occluded>0</occluded><difficult>0</difficult><bndbox><xmin>44</xmin><ymin>98</ymin><xmax>70</xmax><ymax>138</ymax></bndbox></object><object><name>path</name><pose>Unspecified</pose><truncated>0</truncated><occluded>0</occluded><difficult>0</difficult><bndbox><xmin>25</xmin><ymin>28</ymin><xmax>73</xmax><ymax>149</ymax></bndbox></object><object><name>path</name><pose>Unspecified</pose><truncated>0</truncated><occluded>0</occluded><difficult>0</difficult><bndbox><xmin>228</xmin><ymin>209</ymin><xmax>264</xmax><ymax>354</ymax></bndbox></object><object><name>x</name><pose>Unspecified</pose><truncated>0</truncated><occluded>0</occluded><difficult>0</difficult><bndbox><xmin>25</xmin><ymin>110</ymin><xmax>58</xmax><ymax>158</ymax></bndbox></object></annotation>