<annotation><folder>images</folder><filename>img_94.jpg</filename><size><width>250</width><height>250</height><depth>3</depth></size><object><name>tree</name><pose>Unspecified</pose><truncated>0</truncated><occluded>0</occluded><difficult>0</difficult><bndbox><xmin>182</xmin><ymin>218</ymin><xmax>242</xmax><ymax>275</ymax></bndbox></object><object><name>tree</name><pose>Unspecified</pose><truncated>0</truncated><occluded>0</occluded><difficult>0</difficult><bndbox><xmin>106</xmin><ymin>119</ymin><xmax>162</xmax><ymax>174</ymax></bndbox></object><object><name>box</name><pose>Unspecified</pose><truncated>0</truncated><occluded>0</occluded><difficult>0</difficult><bndbox><xmin>117</xmin><ymin>157</ymin><xmax>135</xmax><ymax>180</ymax></bndbox></object></annotation>