<annotation><folder>images</folder><filename>img_52.jpg</filename><size><width>250</width><height>250</height><depth>3</depth></size><object><name>box</name><pose>Unspecified</pose><truncated>0</truncated><occluded>0</occluded><difficult>0</difficult><bndbox><xmin>42</xmin><ymin>225</ymin><xmax>128</xmax><ymax>286</ymax></bndbox></object><object><name>circle</name><pose>Unspecified</pose><truncated>0</truncated><occluded>0</occluded><difficult>0</difficult><bndbox><xmin>127</xmin><ymin>164</ymin><xmax>161</xmax><ymax>199</ymax></bndbox></object><object><name>x</name><pose>Unspecified</pose><truncated>0</truncated><occluded>0</occluded><difficult>0</difficult><bndbox><xmin>163</xmin><ymin>162</ymin><xmax>183</xmax><ymax>190</ymax></bndbox></object><object><name>box</name><pose>Unspecified</pose><truncated>0</truncated><occluded>0</occluded><difficult>0</difficult><bndbox><xmin>27</xmin><ymin>156</ymin><xmax>58</xmax><ymax>180</ymax></bndbox></object></annotation>