<annotation><folder>images</folder><filename>img_130.jpg</filename><size><width>250</width><height>250</height><depth>3</depth></size><object><name>box</name><pose>Unspecified</pose><truncated>0</truncated><occluded>0</occluded><difficult>0</difficult><bndbox><xmin>183</xmin><ymin>73</ymin><xmax>218</xmax><ymax>93</ymax></bndbox></object><object><name>path</name><pose>Unspecified</pose><truncated>0</truncated><occluded>0</occluded><difficult>0</difficult><bndbox><xmin>77</xmin><ymin>130</ymin><xmax>211</xmax><ymax>292</ymax></bndbox></object><object><name>circle</name><pose>Unspecified</pose><truncated>0</truncated><occluded>0</occluded><difficult>0</difficult><bndbox><xmin>104</xmin><ymin>182</ymin><xmax>140</xmax><ymax>231</ymax></bndbox></object><object><name>x</name><pose>Unspecified</pose><truncated>0</truncated><occluded>0</occluded><difficult>0</difficult><bndbox><xmin>148</xmin><ymin>219</ymin><xmax>168</xmax><ymax>247</ymax></bndbox></object><object><name>box</name><pose>Unspecified</pose><truncated>0</truncated><occluded>0</occluded><difficult>0</difficult><bndbox><xmin>45</xmin><ymin>149</ymin><xmax>100</xmax><ymax>249</ymax></bndbox></object></annotation>