<annotation><folder>images</folder><filename>img_44.jpg</filename><size><width>250</width><height>250</height><depth>3</depth></size><object><name>x</name><pose>Unspecified</pose><truncated>0</truncated><occluded>0</occluded><difficult>0</difficult><bndbox><xmin>184</xmin><ymin>85</ymin><xmax>204</xmax><ymax>106</ymax></bndbox></object><object><name>x</name><pose>Unspecified</pose><truncated>0</truncated><occluded>0</occluded><difficult>0</difficult><bndbox><xmin>118</xmin><ymin>4</ymin><xmax>196</xmax><ymax>62</ymax></bndbox></object><object><name>box</name><pose>Unspecified</pose><truncated>0</truncated><occluded>0</occluded><difficult>0</difficult><bndbox><xmin>130</xmin><ymin>186</ymin><xmax>199</xmax><ymax>235</ymax></bndbox></object><object><name>path</name><pose>Unspecified</pose><truncated>0</truncated><occluded>0</occluded><difficult>0</difficult><bndbox><xmin>131</xmin><ymin>53</ymin><xmax>309</xmax><ymax>234</ymax></bndbox></object><object><name>path</name><pose>Unspecified</pose><truncated>0</truncated><occluded>0</occluded><difficult>0</difficult><bndbox><xmin>127</xmin><ymin>202</ymin><xmax>269</xmax><ymax>363</ymax></bndbox></object></annotation>