<annotation><folder>images</folder><filename>img_135.jpg</filename><size><width>250</width><height>250</height><depth>3</depth></size><object><name>path</name><pose>Unspecified</pose><truncated>0</truncated><occluded>0</occluded><difficult>0</difficult><bndbox><xmin>45</xmin><ymin>59</ymin><xmax>144</xmax><ymax>171</ymax></bndbox></object><object><name>path</name><pose>Unspecified</pose><truncated>0</truncated><occluded>0</occluded><difficult>0</difficult><bndbox><xmin>229</xmin><ymin>134</ymin><xmax>298</xmax><ymax>277</ymax></bndbox></object><object><name>path</name><pose>Unspecified</pose><truncated>0</truncated><occluded>0</occluded><difficult>0</difficult><bndbox><xmin>37</xmin><ymin>68</ymin><xmax>125</xmax><ymax>162</ymax></bndbox></object><object><name>circle</name><pose>Unspecified</pose><truncated>0</truncated><occluded>0</occluded><difficult>0</difficult><bndbox><xmin>128</xmin><ymin>161</ymin><xmax>161</xmax><ymax>219</ymax></bndbox></object><object><name>x</name><pose>Unspecified</pose><truncated>0</truncated><occluded>0</occluded><difficult>0</difficult><bndbox><xmin>165</xmin><ymin>232</ymin><xmax>258</xmax><ymax>298</ymax></bndbox></object><object><name>box</name><pose>Unspecified</pose><truncated>0</truncated><occluded>0</occluded><difficult>0</difficult><bndbox><xmin>149</xmin><ymin>152</ymin><xmax>180</xmax><ymax>178</ymax></bndbox></object></annotation>