<annotation><folder>images</folder><filename>img_80.jpg</filename><size><width>250</width><height>250</height><depth>3</depth></size><object><name>circle</name><pose>Unspecified</pose><truncated>0</truncated><occluded>0</occluded><difficult>0</difficult><bndbox><xmin>37</xmin><ymin>164</ymin><xmax>71</xmax><ymax>202</ymax></bndbox></object><object><name>path</name><pose>Unspecified</pose><truncated>0</truncated><occluded>0</occluded><difficult>0</difficult><bndbox><xmin>56</xmin><ymin>188</ymin><xmax>165</xmax><ymax>312</ymax></bndbox></object><object><name>path</name><pose>Unspecified</pose><truncated>0</truncated><occluded>0</occluded><difficult>0</difficult><bndbox><xmin>29</xmin><ymin>159</ymin><xmax>101</xmax><ymax>306</ymax></bndbox></object><object><name>tree</name><pose>Unspecified</pose><truncated>0</truncated><occluded>0</occluded><difficult>0</difficult><bndbox><xmin>167</xmin><ymin>189</ymin><xmax>227</xmax><ymax>256</ymax></bndbox></object><object><name>box</name><pose>Unspecified</pose><truncated>0</truncated><occluded>0</occluded><difficult>0</difficult><bndbox><xmin>189</xmin><ymin>140</ymin><xmax>219</xmax><ymax>162</ymax></bndbox></object></annotation>