<annotation><folder>images</folder><filename>img_169.jpg</filename><size><width>250</width><height>250</height><depth>3</depth></size><object><name>path</name><pose>Unspecified</pose><truncated>0</truncated><occluded>0</occluded><difficult>0</difficult><bndbox><xmin>82</xmin><ymin>205</ymin><xmax>154</xmax><ymax>282</ymax></bndbox></object><object><name>box</name><pose>Unspecified</pose><truncated>0</truncated><occluded>0</occluded><difficult>0</difficult><bndbox><xmin>0</xmin><ymin>14</ymin><xmax>25</xmax><ymax>45</ymax></bndbox></object><object><name>x</name><pose>Unspecified</pose><truncated>0</truncated><occluded>0</occluded><difficult>0</difficult><bndbox><xmin>195</xmin><ymin>62</ymin><xmax>288</xmax><ymax>128</ymax></bndbox></object><object><name>x</name><pose>Unspecified</pose><truncated>0</truncated><occluded>0</occluded><difficult>0</difficult><bndbox><xmin>236</xmin><ymin>40</ymin><xmax>275</xmax><ymax>72</ymax></bndbox></object></annotation>