<annotation><folder>images</folder><filename>img_8.jpg</filename><size><width>250</width><height>250</height><depth>3</depth></size><object><name>box</name><pose>Unspecified</pose><truncated>0</truncated><occluded>0</occluded><difficult>0</difficult><bndbox><xmin>214</xmin><ymin>198</ymin><xmax>250</xmax><ymax>229</ymax></bndbox></object><object><name>box</name><pose>Unspecified</pose><truncated>0</truncated><occluded>0</occluded><difficult>0</difficult><bndbox><xmin>79</xmin><ymin>209</ymin><xmax>132</xmax><ymax>250</ymax></bndbox></object><object><name>circle</name><pose>Unspecified</pose><truncated>0</truncated><occluded>0</occluded><difficult>0</difficult><bndbox><xmin>81</xmin><ymin>10</ymin><xmax>114</xmax><ymax>54</ymax></bndbox></object><object><name>box</name><pose>Unspecified</pose><truncated>0</truncated><occluded>0</occluded><difficult>0</difficult><bndbox><xmin>187</xmin><ymin>78</ymin><xmax>235</xmax><ymax>117</ymax></bndbox></object></annotation>