<annotation><folder>images</folder><filename>img_196.jpg</filename><size><width>250</width><height>250</height><depth>3</depth></size><object><name>tree</name><pose>Unspecified</pose><truncated>0</truncated><occluded>0</occluded><difficult>0</difficult><bndbox><xmin>182</xmin><ymin>108</ymin><xmax>241</xmax><ymax>168</ymax></bndbox></object><object><name>x</name><pose>Unspecified</pose><truncated>0</truncated><occluded>0</occluded><difficult>0</difficult><bndbox><xmin>99</xmin><ymin>150</ymin><xmax>133</xmax><ymax>190</ymax></bndbox></object><object><name>tree</name><pose>Unspecified</pose><truncated>0</truncated><occluded>0</occluded><difficult>0</difficult><bndbox><xmin>17</xmin><ymin>91</ymin><xmax>95</xmax><ymax>178</ymax></bndbox></object><object><name>x</name><pose>Unspecified</pose><truncated>0</truncated><occluded>0</occluded><difficult>0</difficult><bndbox><xmin>5</xmin><ymin>199</ymin><xmax>24</xmax><ymax>225</ymax></bndbox></object><object><name>x</name><pose>Unspecified</pose><truncated>0</truncated><occluded>0</occluded><difficult>0</difficult><bndbox><xmin>176</xmin><ymin>98</ymin><xmax>197</xmax><ymax>131</ymax></bndbox></object><object><name>x</name><pose>Unspecified</pose><truncated>0</truncated><occluded>0</occluded><difficult>0</difficult><bndbox><xmin>62</xmin><ymin>209</ymin><xmax>105</xmax><ymax>250</ymax></bndbox></object></annotation>