<annotation><folder>images</folder><filename>img_174.jpg</filename><size><width>250</width><height>250</height><depth>3</depth></size><object><name>tree</name><pose>Unspecified</pose><truncated>0</truncated><occluded>0</occluded><difficult>0</difficult><bndbox><xmin>47</xmin><ymin>157</ymin><xmax>96</xmax><ymax>207</ymax></bndbox></object><object><name>circle</name><pose>Unspecified</pose><truncated>0</truncated><occluded>0</occluded><difficult>0</difficult><bndbox><xmin>153</xmin><ymin>46</ymin><xmax>201</xmax><ymax>94</ymax></bndbox></object><object><name>circle</name><pose>Unspecified</pose><truncated>0</truncated><occluded>0</occluded><difficult>0</difficult><bndbox><xmin>96</xmin><ymin>82</ymin><xmax>137</xmax><ymax>137</ymax></bndbox></object><object><name>box</name><pose>Unspecified</pose><truncated>0</truncated><occluded>0</occluded><difficult>0</difficult><bndbox><xmin>8</xmin><ymin>120</ymin><xmax>83</xmax><ymax>181</ymax></bndbox></object></annotation>