<annotation><folder>images</folder><filename>img_167.jpg</filename><size><width>250</width><height>250</height><depth>3</depth></size><object><name>tree</name><pose>Unspecified</pose><truncated>0</truncated><occluded>0</occluded><difficult>0</difficult><bndbox><xmin>95</xmin><ymin>108</ymin><xmax>102</xmax><ymax>117</ymax></bndbox></object><object><name>path</name><pose>Unspecified</pose><truncated>0</truncated><occluded>0</occluded><difficult>0</difficult><bndbox><xmin>7</xmin><ymin>4</ymin><xmax>40</xmax><ymax>168</ymax></bndbox></object><object><name>x</name><pose>Unspecified</pose><truncated>0</truncated><occluded>0</occluded><difficult>0</difficult><bndbox><xmin>132</xmin><ymin>185</ymin><xmax>146</xmax><ymax>201</ymax></bndbox></object><object><name>circle</name><pose>Unspecified</pose><truncated>0</truncated><occluded>0</occluded><difficult>0</difficult><bndbox><xmin>173</xmin><ymin>49</ymin><xmax>217</xmax><ymax>102</ymax></bndbox></object><object><name>circle</name><pose>Unspecified</pose><truncated>0</truncated><occluded>0</occluded><difficult>0</difficult><bndbox><xmin>136</xmin><ymin>177</ymin><xmax>158</xmax><ymax>217</ymax></bndbox></object></annotation>