<annotation><folder>images</folder><filename>img_70.jpg</filename><size><width>250</width><height>250</height><depth>3</depth></size><object><name>path</name><pose>Unspecified</pose><truncated>0</truncated><occluded>0</occluded><difficult>0</difficult><bndbox><xmin>232</xmin><ymin>221</ymin><xmax>294</xmax><ymax>403</ymax></bndbox></object><object><name>path</name><pose>Unspecified</pose><truncated>0</truncated><occluded>0</occluded><difficult>0</difficult><bndbox><xmin>0</xmin><ymin>7</ymin><xmax>43</xmax><ymax>92</ymax></bndbox></object><object><name>circle</name><pose>Unspecified</pose><truncated>0</truncated><occluded>0</occluded><difficult>0</difficult><bndbox><xmin>236</xmin><ymin>227</ymin><xmax>266</xmax><ymax>263</ymax></bndbox></object><object><name>x</name><pose>Unspecified</pose><truncated>0</truncated><occluded>0</occluded><difficult>0</difficult><bndbox><xmin>113</xmin><ymin>191</ymin><xmax>136</xmax><ymax>223</ymax></bndbox></object><object><name>circle</name><pose>Unspecified</pose><truncated>0</truncated><occluded>0</occluded><difficult>0</difficult><bndbox><xmin>120</xmin><ymin>205</ymin><xmax>177</xmax><ymax>267</ymax></bndbox></object></annotation>