<annotation><folder>images</folder><filename>img_102.jpg</filename><size><width>250</width><height>250</height><depth>3</depth></size><object><name>tree</name><pose>Unspecified</pose><truncated>0</truncated><occluded>0</occluded><difficult>0</difficult><bndbox><xmin>191</xmin><ymin>110</ymin><xmax>239</xmax><ymax>166</ymax></bndbox></object><object><name>path</name><pose>Unspecified</pose><truncated>0</truncated><occluded>0</occluded><difficult>0</difficult><bndbox><xmin>229</xmin><ymin>140</ymin><xmax>270</xmax><ymax>309</ymax></bndbox></object><object><name>x</name><pose>Unspecified</pose><truncated>0</truncated><occluded>0</occluded><difficult>0</difficult><bndbox><xmin>79</xmin><ymin>233</ymin><xmax>119</xmax><ymax>286</ymax></bndbox></object><object><name>x</name><pose>Unspecified</pose><truncated>0</truncated><occluded>0</occluded><difficult>0</difficult><bndbox><xmin>66</xmin><ymin>166</ymin><xmax>91</xmax><ymax>187</ymax></bndbox></object><object><name>circle</name><pose>Unspecified</pose><truncated>0</truncated><occluded>0</occluded><difficult>0</difficult><bndbox><xmin>34</xmin><ymin>18</ymin><xmax>70</xmax><ymax>56</ymax></bndbox></object><object><name>x</name><pose>Unspecified</pose><truncated>0</truncated><occluded>0</occluded><difficult>0</difficult><bndbox><xmin>40</xmin><ymin>1</ymin><xmax>65</xmax><ymax>29</ymax></bndbox></object></annotation>