<annotation><folder>images</folder><filename>img_11.jpg</filename><size><width>250</width><height>250</height><depth>3</depth></size><object><name>tree</name><pose>Unspecified</pose><truncated>0</truncated><occluded>0</occluded><difficult>0</difficult><bndbox><xmin>165</xmin><ymin>143</ymin><xmax>218</xmax><ymax>199</ymax></bndbox></object><object><name>box</name><pose>Unspecified</pose><truncated>0</truncated><occluded>0</occluded><difficult>0</difficult><bndbox><xmin>133</xmin><ymin>201</ymin><xmax>201</xmax><ymax>237</ymax></bndbox></object><object><name>circle</name><pose>Unspecified</pose><truncated>0</truncated><occluded>0</occluded><difficult>0</difficult><bndbox><xmin>118</xmin><ymin>105</ymin><xmax>148</xmax><ymax>159</ymax></bndbox></object><object><name>tree</name><pose>Unspecified</pose><truncated>0</truncated><occluded>0</occluded><difficult>0</difficult><bndbox><xmin>13</xmin><ymin>6</ymin><xmax>56</xmax><ymax>48</ymax></bndbox></object><object><name>x</name><pose>Unspecified</pose><truncated>0</truncated><occluded>0</occluded><difficult>0</difficult><bndbox><xmin>173</xmin><ymin>65</ymin><xmax>194</xmax><ymax>88</ymax></bndbox></object><object><name>path</name><pose>Unspecified</pose><truncated>0</truncated><occluded>0</occluded><difficult>0</difficult><bndbox><xmin>191</xmin><ymin>180</ymin><xmax>342</xmax><ymax>362</ymax></bndbox></object></annotation>