<annotation><folder>images</folder><filename>img_162.jpg</filename><size><width>250</width><height>250</height><depth>3</depth></size><object><name>circle</name><pose>Unspecified</pose><truncated>0</truncated><occluded>0</occluded><difficult>0</difficult><bndbox><xmin>236</xmin><ymin>126</ymin><xmax>264</xmax><ymax>157</ymax></bndbox></object><object><name>tree</name><pose>Unspecified</pose><truncated>0</truncated><occluded>0</occluded><difficult>0</difficult><bndbox><xmin>114</xmin><ymin>63</ymin><xmax>156</xmax><ymax>104</ymax></bndbox></object><object><name>box</name><pose>Unspecified</pose><truncated>0</truncated><occluded>0</occluded><difficult>0</difficult><bndbox><xmin>132</xmin><ymin>53</ymin><xmax>194</xmax><ymax>106</ymax></bndbox></object><object><name>box</name><pose>Unspecified</pose><truncated>0</truncated><occluded>0</occluded><difficult>0</difficult><bndbox><xmin>145</xmin><ymin>80</ymin><xmax>182</xmax><ymax>112</ymax></bndbox></object></annotation>