<annotation><folder>images</folder><filename>img_45.jpg</filename><size><width>250</width><height>250</height><depth>3</depth></size><object><name>circle</name><pose>Unspecified</pose><truncated>0</truncated><occluded>0</occluded><difficult>0</difficult><bndbox><xmin>167</xmin><ymin>195</ymin><xmax>223</xmax><ymax>258</ymax></bndbox></object><object><name>path</name><pose>Unspecified</pose><truncated>0</truncated><occluded>0</occluded><difficult>0</difficult><bndbox><xmin>226</xmin><ymin>130</ymin><xmax>317</xmax><ymax>240</ymax></bndbox></object><object><name>path</name><pose>Unspecified</pose><truncated>0</truncated><occluded>0</occluded><difficult>0</difficult><bndbox><xmin>48</xmin><ymin>67</ymin><xmax>127</xmax><ymax>194</ymax></bndbox></object><object><name>box</name><pose>Unspecified</pose><truncated>0</truncated><occluded>0</occluded><difficult>0</difficult><bndbox><xmin>233</xmin><ymin>104</ymin><xmax>262</xmax><ymax>126</ymax></bndbox></object><object><name>path</name><pose>Unspecified</pose><truncated>0</truncated><occluded>0</occluded><difficult>0</difficult><bndbox><xmin>2</xmin><ymin>22</ymin><xmax>52</xmax><ymax>102</ymax></bndbox></object><object><name>tree</name><pose>Unspecified</pose><truncated>0</truncated><occluded>0</occluded><difficult>0</difficult><bndbox><xmin>210</xmin><ymin>4</ymin><xmax>290</xmax><ymax>87</ymax></bndbox></object></annotation>