<annotation><folder>images</folder><filename>img_1.jpg</filename><size><width>250</width><height>250</height><depth>3</depth></size><object><name>tree</name><pose>Unspecified</pose><truncated>0</truncated><occluded>0</occluded><difficult>0</difficult><bndbox><xmin>198</xmin><ymin>117</ymin><xmax>260</xmax><ymax>179</ymax></bndbox></object><object><name>circle</name><pose>Unspecified</pose><truncated>0</truncated><occluded>0</occluded><difficult>0</difficult><bndbox><xmin>87</xmin><ymin>75</ymin><xmax>119</xmax><ymax>113</ymax></bndbox></object><object><name>box</name><pose>Unspecified</pose><truncated>0</truncated><occluded>0</occluded><difficult>0</difficult><bndbox><xmin>189</xmin><ymin>108</ymin><xmax>253</xmax><ymax>153</ymax></bndbox></object><object><name>x</name><pose>Unspecified</pose><truncated>0</truncated><occluded>0</occluded><difficult>0</difficult><bndbox><xmin>67</xmin><ymin>124</ymin><xmax>87</xmax><ymax>150</ymax></bndbox></object><object><name>circle</name><pose>Unspecified</pose><truncated>0</truncated><occluded>0</occluded><difficult>0</difficult><bndbox><xmin>23</xmin><ymin>80</ymin><xmax>71</xmax><ymax>138</ymax></bndbox></object><object><name>path</name><pose>Unspecified</pose><truncated>0</truncated><occluded>0</occluded><difficult>0</difficult><bndbox><xmin>113</xmin><ymin>154</ymin><xmax>216</xmax><ymax>279</ymax></bndbox></object></annotation>