<annotation><folder>images</folder><filename>img_159.jpg</filename><size><width>250</width><height>250</height><depth>3</depth></size><object><name>tree</name><pose>Unspecified</pose><truncated>0</truncated><occluded>0</occluded><difficult>0</difficult><bndbox><xmin>107</xmin><ymin>156</ymin><xmax>143</xmax><ymax>191</ymax></bndbox></object><object><name>tree</name><pose>Unspecified</pose><truncated>0</truncated><occluded>0</occluded><difficult>0</difficult><bndbox><xmin>206</xmin><ymin>68</ymin><xmax>265</xmax><ymax>122</ymax></bndbox></object><object><name>tree</name><pose>Unspecified</pose><truncated>0</truncated><occluded>0</occluded><difficult>0</difficult><bndbox><xmin>40</xmin><ymin>22</ymin><xmax>107</xmax><ymax>88</ymax></bndbox></object><object><name>box</name><pose>Unspecified</pose><truncated>0</truncated><occluded>0</occluded><difficult>0</difficult><bndbox><xmin>30</xmin><ymin>138</ymin><xmax>92</xmax><ymax>171</ymax></bndbox></object><object><name>x</name><pose>Unspecified</pose><truncated>0</truncated><occluded>0</occluded><difficult>0</difficult><bndbox><xmin>109</xmin><ymin>0</ymin><xmax>119</xmax><ymax>26</ymax></bndbox></object></annotation>