<annotation><folder>images</folder><filename>img_34.jpg</filename><size><width>250</width><height>250</height><depth>3</depth></size><object><name>circle</name><pose>Unspecified</pose><truncated>0</truncated><occluded>0</occluded><difficult>0</difficult><bndbox><xmin>132</xmin><ymin>106</ymin><xmax>157</xmax><ymax>144</ymax></bndbox></object><object><name>x</name><pose>Unspecified</pose><truncated>0</truncated><occluded>0</occluded><difficult>0</difficult><bndbox><xmin>157</xmin><ymin>109</ymin><xmax>193</xmax><ymax>150</ymax></bndbox></object><object><name>tree</name><pose>Unspecified</pose><truncated>0</truncated><occluded>0</occluded><difficult>0</difficult><bndbox><xmin>74</xmin><ymin>38</ymin><xmax>109</xmax><ymax>73</ymax></bndbox></object><object><name>circle</name><pose>Unspecified</pose><truncated>0</truncated><occluded>0</occluded><difficult>0</difficult><bndbox><xmin>112</xmin><ymin>119</ymin><xmax>143</xmax><ymax>155</ymax></bndbox></object><object><name>circle</name><pose>Unspecified</pose><truncated>0</truncated><occluded>0</occluded><difficult>0</difficult><bndbox><xmin>144</xmin><ymin>208</ymin><xmax>177</xmax><ymax>257</ymax></bndbox></object></annotation>