<annotation><folder>images</folder><filename>img_14.jpg</filename><size><width>250</width><height>250</height><depth>3</depth></size><object><name>x</name><pose>Unspecified</pose><truncated>0</truncated><occluded>0</occluded><difficult>0</difficult><bndbox><xmin>198</xmin><ymin>111</ymin><xmax>289</xmax><ymax>176</ymax></bndbox></object><object><name>circle</name><pose>Unspecified</pose><truncated>0</truncated><occluded>0</occluded><difficult>0</difficult><bndbox><xmin>134</xmin><ymin>195</ymin><xmax>179</xmax><ymax>237</ymax></bndbox></object><object><name>tree</name><pose>Unspecified</pose><truncated>0</truncated><occluded>0</occluded><difficult>0</difficult><bndbox><xmin>104</xmin><ymin>148</ymin><xmax>157</xmax><ymax>212</ymax></bndbox></object><object><name>x</name><pose>Unspecified</pose><truncated>0</truncated><occluded>0</occluded><difficult>0</difficult><bndbox><xmin>108</xmin><ymin>173</ymin><xmax>138</xmax><ymax>197</ymax></bndbox></object><object><name>circle</name><pose>Unspecified</pose><truncated>0</truncated><occluded>0</occluded><difficult>0</difficult><bndbox><xmin>3</xmin><ymin>153</ymin><xmax>31</xmax><ymax>202</ymax></bndbox></object></annotation>