<annotation><folder>images</folder><filename>img_61.jpg</filename><size><width>250</width><height>250</height><depth>3</depth></size><object><name>box</name><pose>Unspecified</pose><truncated>0</truncated><occluded>0</occluded><difficult>0</difficult><bndbox><xmin>192</xmin><ymin>64</ymin><xmax>232</xmax><ymax>135</ymax></bndbox></object><object><name>box</name><pose>Unspecified</pose><truncated>0</truncated><occluded>0</occluded><difficult>0</difficult><bndbox><xmin>73</xmin><ymin>9</ymin><xmax>140</xmax><ymax>44</ymax></bndbox></object><object><name>tree</name><pose>Unspecified</pose><truncated>0</truncated><occluded>0</occluded><difficult>0</difficult><bndbox><xmin>207</xmin><ymin>58</ymin><xmax>247</xmax><ymax>99</ymax></bndbox></object></annotation>