<annotation><folder>images</folder><filename>img_66.jpg</filename><size><width>250</width><height>250</height><depth>3</depth></size><object><name>circle</name><pose>Unspecified</pose><truncated>0</truncated><occluded>0</occluded><difficult>0</difficult><bndbox><xmin>126</xmin><ymin>84</ymin><xmax>149</xmax><ymax>110</ymax></bndbox></object><object><name>x</name><pose>Unspecified</pose><truncated>0</truncated><occluded>0</occluded><difficult>0</difficult><bndbox><xmin>165</xmin><ymin>2</ymin><xmax>183</xmax><ymax>22</ymax></bndbox></object><object><name>circle</name><pose>Unspecified</pose><truncated>0</truncated><occluded>0</occluded><difficult>0</difficult><bndbox><xmin>199</xmin><ymin>126</ymin><xmax>237</xmax><ymax>177</ymax></bndbox></object><object><name>x</name><pose>Unspecified</pose><truncated>0</truncated><occluded>0</occluded><difficult>0</difficult><bndbox><xmin>175</xmin><ymin>31</ymin><xmax>201</xmax><ymax>58</ymax></bndbox></object><object><name>tree</name><pose>Unspecified</pose><truncated>0</truncated><occluded>0</occluded><difficult>0</difficult><bndbox><xmin>112</xmin><ymin>182</ymin><xmax>149</xmax><ymax>220</ymax></bndbox></object></annotation>