<annotation><folder>images</folder><filename>img_84.jpg</filename><size><width>250</width><height>250</height><depth>3</depth></size><object><name>tree</name><pose>Unspecified</pose><truncated>0</truncated><occluded>0</occluded><difficult>0</difficult><bndbox><xmin>230</xmin><ymin>164</ymin><xmax>288</xmax><ymax>221</ymax></bndbox></object><object><name>tree</name><pose>Unspecified</pose><truncated>0</truncated><occluded>0</occluded><difficult>0</difficult><bndbox><xmin>134</xmin><ymin>85</ymin><xmax>141</xmax><ymax>94</ymax></bndbox></object><object><name>circle</name><pose>Unspecified</pose><truncated>0</truncated><occluded>0</occluded><difficult>0</difficult><bndbox><xmin>152</xmin><ymin>187</ymin><xmax>210</xmax><ymax>245</ymax></bndbox></object><object><name>path</name><pose>Unspecified</pose><truncated>0</truncated><occluded>0</occluded><difficult>0</difficult><bndbox><xmin>211</xmin><ymin>195</ymin><xmax>290</xmax><ymax>392</ymax></bndbox></object><object><name>circle</name><pose>Unspecified</pose><truncated>0</truncated><occluded>0</occluded><difficult>0</difficult><bndbox><xmin>94</xmin><ymin>230</ymin><xmax>161</xmax><ymax>303</ymax></bndbox></object><object><name>x</name><pose>Unspecified</pose><truncated>0</truncated><occluded>0</occluded><difficult>0</difficult><bndbox><xmin>234</xmin><ymin>184</ymin><xmax>250</xmax><ymax>201</ymax></bndbox></object></annotation>