<annotation><folder>images</folder><filename>img_2.jpg</filename><size><width>250</width><height>250</height><depth>3</depth></size><object><name>x</name><pose>Unspecified</pose><truncated>0</truncated><occluded>0</occluded><difficult>0</difficult><bndbox><xmin>150</xmin><ymin>21</ymin><xmax>182</xmax><ymax>59</ymax></bndbox></object><object><name>circle</name><pose>Unspecified</pose><truncated>0</truncated><occluded>0</occluded><difficult>0</difficult><bndbox><xmin>87</xmin><ymin>102</ymin><xmax>134</xmax><ymax>154</ymax></bndbox></object><object><name>x</name><pose>Unspecified</pose><truncated>0</truncated><occluded>0</occluded><difficult>0</difficult><bndbox><xmin>145</xmin><ymin>134</ymin><xmax>187</xmax><ymax>173</ymax></bndbox></object><object><name>tree</name><pose>Unspecified</pose><truncated>0</truncated><occluded>0</occluded><difficult>0</difficult><bndbox><xmin>114</xmin><ymin>161</ymin><xmax>176</xmax><ymax>220</ymax></bndbox></object></annotation>