<annotation><folder>images</folder><filename>img_173.jpg</filename><size><width>250</width><height>250</height><depth>3</depth></size><object><name>x</name><pose>Unspecified</pose><truncated>0</truncated><occluded>0</occluded><difficult>0</difficult><bndbox><xmin>67</xmin><ymin>95</ymin><xmax>88</xmax><ymax>126</ymax></bndbox></object><object><name>tree</name><pose>Unspecified</pose><truncated>0</truncated><occluded>0</occluded><difficult>0</difficult><bndbox><xmin>21</xmin><ymin>16</ymin><xmax>75</xmax><ymax>71</ymax></bndbox></object><object><name>path</name><pose>Unspecified</pose><truncated>0</truncated><occluded>0</occluded><difficult>0</difficult><bndbox><xmin>20</xmin><ymin>32</ymin><xmax>93</xmax><ymax>180</ymax></bndbox></object><object><name>circle</name><pose>Unspecified</pose><truncated>0</truncated><occluded>0</occluded><difficult>0</difficult><bndbox><xmin>181</xmin><ymin>169</ymin><xmax>212</xmax><ymax>203</ymax></bndbox></object><object><name>box</name><pose>Unspecified</pose><truncated>0</truncated><occluded>0</occluded><difficult>0</difficult><bndbox><xmin>177</xmin><ymin>229</ymin><xmax>270</xmax><ymax>310</ymax></bndbox></object></annotation>