<annotation><folder>images</folder><filename>img_151.jpg</filename><size><width>250</width><height>250</height><depth>3</depth></size><object><name>x</name><pose>Unspecified</pose><truncated>0</truncated><occluded>0</occluded><difficult>0</difficult><bndbox><xmin>199</xmin><ymin>152</ymin><xmax>249</xmax><ymax>199</ymax></bndbox></object><object><name>x</name><pose>Unspecified</pose><truncated>0</truncated><occluded>0</occluded><difficult>0</difficult><bndbox><xmin>120</xmin><ymin>132</ymin><xmax>179</xmax><ymax>177</ymax></bndbox></object><object><name>path</name><pose>Unspecified</pose><truncated>0</truncated><occluded>0</occluded><difficult>0</difficult><bndbox><xmin>113</xmin><ymin>226</ymin><xmax>162</xmax><ymax>325</ymax></bndbox></object></annotation>