<annotation><folder>images</folder><filename>img_164.jpg</filename><size><width>250</width><height>250</height><depth>3</depth></size><object><name>x</name><pose>Unspecified</pose><truncated>0</truncated><occluded>0</occluded><difficult>0</difficult><bndbox><xmin>10</xmin><ymin>100</ymin><xmax>41</xmax><ymax>151</ymax></bndbox></object><object><name>circle</name><pose>Unspecified</pose><truncated>0</truncated><occluded>0</occluded><difficult>0</difficult><bndbox><xmin>57</xmin><ymin>149</ymin><xmax>104</xmax><ymax>199</ymax></bndbox></object><object><name>circle</name><pose>Unspecified</pose><truncated>0</truncated><occluded>0</occluded><difficult>0</difficult><bndbox><xmin>181</xmin><ymin>56</ymin><xmax>218</xmax><ymax>111</ymax></bndbox></object></annotation>