<annotation><folder>images</folder><filename>img_124.jpg</filename><size><width>250</width><height>250</height><depth>3</depth></size><object><name>circle</name><pose>Unspecified</pose><truncated>0</truncated><occluded>0</occluded><difficult>0</difficult><bndbox><xmin>160</xmin><ymin>226</ymin><xmax>193</xmax><ymax>265</ymax></bndbox></object><object><name>circle</name><pose>Unspecified</pose><truncated>0</truncated><occluded>0</occluded><difficult>0</difficult><bndbox><xmin>202</xmin><ymin>223</ymin><xmax>224</xmax><ymax>248</ymax></bndbox></object><object><name>box</name><pose>Unspecified</pose><truncated>0</truncated><occluded>0</occluded><difficult>0</difficult><bndbox><xmin>30</xmin><ymin>107</ymin><xmax>55</xmax><ymax>145</ymax></bndbox></object><object><name>path</name><pose>Unspecified</pose><truncated>0</truncated><occluded>0</occluded><difficult>0</difficult><bndbox><xmin>236</xmin><ymin>209</ymin><xmax>282</xmax><ymax>282</ymax></bndbox></object></annotation>