<annotation><folder>images</folder><filename>img_109.jpg</filename><size><width>250</width><height>250</height><depth>3</depth></size><object><name>tree</name><pose>Unspecified</pose><truncated>0</truncated><occluded>0</occluded><difficult>0</difficult><bndbox><xmin>5</xmin><ymin>12</ymin><xmax>69</xmax><ymax>77</ymax></bndbox></object><object><name>circle</name><pose>Unspecified</pose><truncated>0</truncated><occluded>0</occluded><difficult>0</difficult><bndbox><xmin>31</xmin><ymin>235</ymin><xmax>57</xmax><ymax>264</ymax></bndbox></object><object><name>tree</name><pose>Unspecified</pose><truncated>0</truncated><occluded>0</occluded><difficult>0</difficult><bndbox><xmin>187</xmin><ymin>56</ymin><xmax>226</xmax><ymax>102</ymax></bndbox></object><object><name>x</name><pose>Unspecified</pose><truncated>0</truncated><occluded>0</occluded><difficult>0</difficult><bndbox><xmin>170</xmin><ymin>90</ymin><xmax>217</xmax><ymax>130</ymax></bndbox></object><object><name>circle</name><pose>Unspecified</pose><truncated>0</truncated><occluded>0</occluded><difficult>0</difficult><bndbox><xmin>177</xmin><ymin>188</ymin><xmax>217</xmax><ymax>247</ymax></bndbox></object></annotation>