<annotation><folder>images</folder><filename>img_123.jpg</filename><size><width>250</width><height>250</height><depth>3</depth></size><object><name>path</name><pose>Unspecified</pose><truncated>0</truncated><occluded>0</occluded><difficult>0</difficult><bndbox><xmin>159</xmin><ymin>10</ymin><xmax>199</xmax><ymax>91</ymax></bndbox></object><object><name>circle</name><pose>Unspecified</pose><truncated>0</truncated><occluded>0</occluded><difficult>0</difficult><bndbox><xmin>48</xmin><ymin>6</ymin><xmax>120</xmax><ymax>71</ymax></bndbox></object><object><name>tree</name><pose>Unspecified</pose><truncated>0</truncated><occluded>0</occluded><difficult>0</difficult><bndbox><xmin>90</xmin><ymin>66</ymin><xmax>132</xmax><ymax>109</ymax></bndbox></object><object><name>x</name><pose>Unspecified</pose><truncated>0</truncated><occluded>0</occluded><difficult>0</difficult><bndbox><xmin>234</xmin><ymin>1</ymin><xmax>273</xmax><ymax>44</ymax></bndbox></object><object><name>circle</name><pose>Unspecified</pose><truncated>0</truncated><occluded>0</occluded><difficult>0</difficult><bndbox><xmin>37</xmin><ymin>128</ymin><xmax>77</xmax><ymax>171</ymax></bndbox></object><object><name>circle</name><pose>Unspecified</pose><truncated>0</truncated><occluded>0</occluded><difficult>0</difficult><bndbox><xmin>190</xmin><ymin>228</ymin><xmax>217</xmax><ymax>268</ymax></bndbox></object></annotation>