<annotation><folder>images</folder><filename>img_177.jpg</filename><size><width>250</width><height>250</height><depth>3</depth></size><object><name>tree</name><pose>Unspecified</pose><truncated>0</truncated><occluded>0</occluded><difficult>0</difficult><bndbox><xmin>14</xmin><ymin>187</ymin><xmax>75</xmax><ymax>248</ymax></bndbox></object><object><name>x</name><pose>Unspecified</pose><truncated>0</truncated><occluded>0</occluded><difficult>0</difficult><bndbox><xmin>108</xmin><ymin>233</ymin><xmax>163</xmax><ymax>306</ymax></bndbox></object><object><name>circle</name><pose>Unspecified</pose><truncated>0</truncated><occluded>0</occluded><difficult>0</difficult><bndbox><xmin>187</xmin><ymin>138</ymin><xmax>202</xmax><ymax>157</ymax></bndbox></object><object><name>tree</name><pose>Unspecified</pose><truncated>0</truncated><occluded>0</occluded><difficult>0</difficult><bndbox><xmin>221</xmin><ymin>117</ymin><xmax>257</xmax><ymax>153</ymax></bndbox></object></annotation>