<annotation><folder>images</folder><filename>img_198.jpg</filename><size><width>250</width><height>250</height><depth>3</depth></size><object><name>x</name><pose>Unspecified</pose><truncated>0</truncated><occluded>0</occluded><difficult>0</difficult><bndbox><xmin>222</xmin><ymin>103</ymin><xmax>252</xmax><ymax>146</ymax></bndbox></object><object><name>x</name><pose>Unspecified</pose><truncated>0</truncated><occluded>0</occluded><difficult>0</difficult><bndbox><xmin>217</xmin><ymin>33</ymin><xmax>241</xmax><ymax>58</ymax></bndbox></object><object><name>circle</name><pose>Unspecified</pose><truncated>0</truncated><occluded>0</occluded><difficult>0</difficult><bndbox><xmin>143</xmin><ymin>88</ymin><xmax>174</xmax><ymax>126</ymax></bndbox></object><object><name>tree</name><pose>Unspecified</pose><truncated>0</truncated><occluded>0</occluded><difficult>0</difficult><bndbox><xmin>74</xmin><ymin>45</ymin><xmax>132</xmax><ymax>100</ymax></bndbox></object><object><name>box</name><pose>Unspecified</pose><truncated>0</truncated><occluded>0</occluded><difficult>0</difficult><bndbox><xmin>14</xmin><ymin>198</ymin><xmax>63</xmax><ymax>286</ymax></bndbox></object><object><name>box</name><pose>Unspecified</pose><truncated>0</truncated><occluded>0</occluded><difficult>0</difficult><bndbox><xmin>168</xmin><ymin>59</ymin><xmax>286</xmax><ymax>120</ymax></bndbox></object></annotation>