<annotation><folder>images</folder><filename>img_32.jpg</filename><size><width>250</width><height>250</height><depth>3</depth></size><object><name>circle</name><pose>Unspecified</pose><truncated>0</truncated><occluded>0</occluded><difficult>0</difficult><bndbox><xmin>59</xmin><ymin>235</ymin><xmax>95</xmax><ymax>283</ymax></bndbox></object><object><name>tree</name><pose>Unspecified</pose><truncated>0</truncated><occluded>0</occluded><difficult>0</difficult><bndbox><xmin>94</xmin><ymin>112</ymin><xmax>133</xmax><ymax>152</ymax></bndbox></object><object><name>path</name><pose>Unspecified</pose><truncated>0</truncated><occluded>0</occluded><difficult>0</difficult><bndbox><xmin>21</xmin><ymin>200</ymin><xmax>129</xmax><ymax>331</ymax></bndbox></object><object><name>path</name><pose>Unspecified</pose><truncated>0</truncated><occluded>0</occluded><difficult>0</difficult><bndbox><xmin>95</xmin><ymin>63</ymin><xmax>247</xmax><ymax>251</ymax></bndbox></object></annotation>