<annotation><folder>images</folder><filename>img_111.jpg</filename><size><width>250</width><height>250</height><depth>3</depth></size><object><name>box</name><pose>Unspecified</pose><truncated>0</truncated><occluded>0</occluded><difficult>0</difficult><bndbox><xmin>85</xmin><ymin>5</ymin><xmax>131</xmax><ymax>45</ymax></bndbox></object><object><name>x</name><pose>Unspecified</pose><truncated>0</truncated><occluded>0</occluded><difficult>0</difficult><bndbox><xmin>44</xmin><ymin>55</ymin><xmax>70</xmax><ymax>94</ymax></bndbox></object><object><name>tree</name><pose>Unspecified</pose><truncated>0</truncated><occluded>0</occluded><difficult>0</difficult><bndbox><xmin>169</xmin><ymin>237</ymin><xmax>234</xmax><ymax>299</ymax></bndbox></object></annotation>