<annotation><folder>images</folder><filename>img_3.jpg</filename><size><width>250</width><height>250</height><depth>3</depth></size><object><name>circle</name><pose>Unspecified</pose><truncated>0</truncated><occluded>0</occluded><difficult>0</difficult><bndbox><xmin>86</xmin><ymin>18</ymin><xmax>123</xmax><ymax>67</ymax></bndbox></object><object><name>x</name><pose>Unspecified</pose><truncated>0</truncated><occluded>0</occluded><difficult>0</difficult><bndbox><xmin>46</xmin><ymin>49</ymin><xmax>113</xmax><ymax>100</ymax></bndbox></object><object><name>x</name><pose>Unspecified</pose><truncated>0</truncated><occluded>0</occluded><difficult>0</difficult><bndbox><xmin>216</xmin><ymin>7</ymin><xmax>247</xmax><ymax>56</ymax></bndbox></object></annotation>