<annotation><folder>images</folder><filename>img_191.jpg</filename><size><width>250</width><height>250</height><depth>3</depth></size><object><name>circle</name><pose>Unspecified</pose><truncated>0</truncated><occluded>0</occluded><difficult>0</difficult><bndbox><xmin>70</xmin><ymin>4</ymin><xmax>97</xmax><ymax>34</ymax></bndbox></object><object><name>path</name><pose>Unspecified</pose><truncated>0</truncated><occluded>0</occluded><difficult>0</difficult><bndbox><xmin>207</xmin><ymin>145</ymin><xmax>260</xmax><ymax>300</ymax></bndbox></object><object><name>circle</name><pose>Unspecified</pose><truncated>0</truncated><occluded>0</occluded><difficult>0</difficult><bndbox><xmin>211</xmin><ymin>184</ymin><xmax>242</xmax><ymax>219</ymax></bndbox></object><object><name>tree</name><pose>Unspecified</pose><truncated>0</truncated><occluded>0</occluded><difficult>0</difficult><bndbox><xmin>97</xmin><ymin>221</ymin><xmax>106</xmax><ymax>232</ymax></bndbox></object></annotation>