<annotation><folder>images</folder><filename>img_144.jpg</filename><size><width>250</width><height>250</height><depth>3</depth></size><object><name>x</name><pose>Unspecified</pose><truncated>0</truncated><occluded>0</occluded><difficult>0</difficult><bndbox><xmin>142</xmin><ymin>219</ymin><xmax>168</xmax><ymax>255</ymax></bndbox></object><object><name>x</name><pose>Unspecified</pose><truncated>0</truncated><occluded>0</occluded><difficult>0</difficult><bndbox><xmin>71</xmin><ymin>57</ymin><xmax>105</xmax><ymax>90</ymax></bndbox></object><object><name>circle</name><pose>Unspecified</pose><truncated>0</truncated><occluded>0</occluded><difficult>0</difficult><bndbox><xmin>11</xmin><ymin>5</ymin><xmax>39</xmax><ymax>36</ymax></bndbox></object><object><name>tree</name><pose>Unspecified</pose><truncated>0</truncated><occluded>0</occluded><difficult>0</difficult><bndbox><xmin>121</xmin><ymin>161</ymin><xmax>164</xmax><ymax>203</ymax></bndbox></object><object><name>tree</name><pose>Unspecified</pose><truncated>0</truncated><occluded>0</occluded><difficult>0</difficult><bndbox><xmin>129</xmin><ymin>129</ymin><xmax>179</xmax><ymax>180</ymax></bndbox></object></annotation>