<annotation><folder>images</folder><filename>img_136.jpg</filename><size><width>250</width><height>250</height><depth>3</depth></size><object><name>tree</name><pose>Unspecified</pose><truncated>0</truncated><occluded>0</occluded><difficult>0</difficult><bndbox><xmin>93</xmin><ymin>114</ymin><xmax>135</xmax><ymax>158</ymax></bndbox></object><object><name>box</name><pose>Unspecified</pose><truncated>0</truncated><occluded>0</occluded><difficult>0</difficult><bndbox><xmin>159</xmin><ymin>108</ymin><xmax>236</xmax><ymax>175</ymax></bndbox></object><object><name>path</name><pose>Unspecified</pose><truncated>0</truncated><occluded>0</occluded><difficult>0</difficult><bndbox><xmin>68</xmin><ymin>197</ymin><xmax>187</xmax><ymax>273</ymax></bndbox></object><object><name>tree</name><pose>Unspecified</pose><truncated>0</truncated><occluded>0</occluded><difficult>0</difficult><bndbox><xmin>228</xmin><ymin>173</ymin><xmax>268</xmax><ymax>223</ymax></bndbox></object></annotation>