<annotation><folder>images</folder><filename>img_101.jpg</filename><size><width>250</width><height>250</height><depth>3</depth></size><object><name>circle</name><pose>Unspecified</pose><truncated>0</truncated><occluded>0</occluded><difficult>0</difficult><bndbox><xmin>231</xmin><ymin>36</ymin><xmax>262</xmax><ymax>66</ymax></bndbox></object><object><name>circle</name><pose>Unspecified</pose><truncated>0</truncated><occluded>0</occluded><difficult>0</difficult><bndbox><xmin>85</xmin><ymin>169</ymin><xmax>152</xmax><ymax>236</ymax></bndbox></object><object><name>tree</name><pose>Unspecified</pose><truncated>0</truncated><occluded>0</occluded><difficult>0</difficult><bndbox><xmin>221</xmin><ymin>236</ymin><xmax>281</xmax><ymax>294</ymax></bndbox></object></annotation>