<annotation><folder>images</folder><filename>img_168.jpg</filename><size><width>250</width><height>250</height><depth>3</depth></size><object><name>box</name><pose>Unspecified</pose><truncated>0</truncated><occluded>0</occluded><difficult>0</difficult><bndbox><xmin>149</xmin><ymin>51</ymin><xmax>182</xmax><ymax>91</ymax></bndbox></object><object><name>x</name><pose>Unspecified</pose><truncated>0</truncated><occluded>0</occluded><difficult>0</difficult><bndbox><xmin>37</xmin><ymin>234</ymin><xmax>73</xmax><ymax>273</ymax></bndbox></object><object><name>box</name><pose>Unspecified</pose><truncated>0</truncated><occluded>0</occluded><difficult>0</difficult><bndbox><xmin>53</xmin><ymin>47</ymin><xmax>75</xmax><ymax>74</ymax></bndbox></object></annotation>