<annotation><folder>images</folder><filename>img_180.jpg</filename><size><width>250</width><height>250</height><depth>3</depth></size><object><name>box</name><pose>Unspecified</pose><truncated>0</truncated><occluded>0</occluded><difficult>0</difficult><bndbox><xmin>212</xmin><ymin>233</ymin><xmax>276</xmax><ymax>285</ymax></bndbox></object><object><name>circle</name><pose>Unspecified</pose><truncated>0</truncated><occluded>0</occluded><difficult>0</difficult><bndbox><xmin>102</xmin><ymin>213</ymin><xmax>170</xmax><ymax>275</ymax></bndbox></object><object><name>path</name><pose>Unspecified</pose><truncated>0</truncated><occluded>0</occluded><difficult>0</difficult><bndbox><xmin>188</xmin><ymin>69</ymin><xmax>305</xmax><ymax>188</ymax></bndbox></object><object><name>x</name><pose>Unspecified</pose><truncated>0</truncated><occluded>0</occluded><difficult>0</difficult><bndbox><xmin>8</xmin><ymin>118</ymin><xmax>34</xmax><ymax>145</ymax></bndbox></object><object><name>circle</name><pose>Unspecified</pose><truncated>0</truncated><occluded>0</occluded><difficult>0</difficult><bndbox><xmin>77</xmin><ymin>81</ymin><xmax>112</xmax><ymax>128</ymax></bndbox></object></annotation>