<annotation><folder>images</folder><filename>img_22.jpg</filename><size><width>250</width><height>250</height><depth>3</depth></size><object><name>circle</name><pose>Unspecified</pose><truncated>0</truncated><occluded>0</occluded><difficult>0</difficult><bndbox><xmin>189</xmin><ymin>148</ymin><xmax>218</xmax><ymax>182</ymax></bndbox></object><object><name>tree</name><pose>Unspecified</pose><truncated>0</truncated><occluded>0</occluded><difficult>0</difficult><bndbox><xmin>174</xmin><ymin>58</ymin><xmax>227</xmax><ymax>120</ymax></bndbox></object><object><name>circle</name><pose>Unspecified</pose><truncated>0</truncated><occluded>0</occluded><difficult>0</difficult><bndbox><xmin>107</xmin><ymin>239</ymin><xmax>141</xmax><ymax>285</ymax></bndbox></object><object><name>path</name><pose>Unspecified</pose><truncated>0</truncated><occluded>0</occluded><difficult>0</difficult><bndbox><xmin>155</xmin><ymin>89</ymin><xmax>209</xmax><ymax>266</ymax></bndbox></object><object><name>tree</name><pose>Unspecified</pose><truncated>0</truncated><occluded>0</occluded><difficult>0</difficult><bndbox><xmin>94</xmin><ymin>43</ymin><xmax>158</xmax><ymax>113</ymax></bndbox></object></annotation>