<annotation><folder>images</folder><filename>img_175.jpg</filename><size><width>250</width><height>250</height><depth>3</depth></size><object><name>circle</name><pose>Unspecified</pose><truncated>0</truncated><occluded>0</occluded><difficult>0</difficult><bndbox><xmin>176</xmin><ymin>64</ymin><xmax>211</xmax><ymax>102</ymax></bndbox></object><object><name>x</name><pose>Unspecified</pose><truncated>0</truncated><occluded>0</occluded><difficult>0</difficult><bndbox><xmin>218</xmin><ymin>21</ymin><xmax>239</xmax><ymax>50</ymax></bndbox></object><object><name>box</name><pose>Unspecified</pose><truncated>0</truncated><occluded>0</occluded><difficult>0</difficult><bndbox><xmin>164</xmin><ymin>99</ymin><xmax>206</xmax><ymax>175</ymax></bndbox></object><object><name>x</name><pose>Unspecified</pose><truncated>0</truncated><occluded>0</occluded><difficult>0</difficult><bndbox><xmin>120</xmin><ymin>43</ymin><xmax>138</xmax><ymax>62</ymax></bndbox></object><object><name>path</name><pose>Unspecified</pose><truncated>0</truncated><occluded>0</occluded><difficult>0</difficult><bndbox><xmin>211</xmin><ymin>74</ymin><xmax>253</xmax><ymax>259</ymax></bndbox></object></annotation>