<annotation><folder>images</folder><filename>img_158.jpg</filename><size><width>250</width><height>250</height><depth>3</depth></size><object><name>circle</name><pose>Unspecified</pose><truncated>0</truncated><occluded>0</occluded><difficult>0</difficult><bndbox><xmin>195</xmin><ymin>87</ymin><xmax>240</xmax><ymax>136</ymax></bndbox></object><object><name>circle</name><pose>Unspecified</pose><truncated>0</truncated><occluded>0</occluded><difficult>0</difficult><bndbox><xmin>144</xmin><ymin>11</ymin><xmax>169</xmax><ymax>39</ymax></bndbox></object><object><name>path</name><pose>Unspecified</pose><truncated>0</truncated><occluded>0</occluded><difficult>0</difficult><bndbox><xmin>219</xmin><ymin>211</ymin><xmax>257</xmax><ymax>382</ymax></bndbox></object><object><name>x</name><pose>Unspecified</pose><truncated>0</truncated><occluded>0</occluded><difficult>0</difficult><bndbox><xmin>148</xmin><ymin>231</ymin><xmax>171</xmax><ymax>269</ymax></bndbox></object><object><name>path</name><pose>Unspecified</pose><truncated>0</truncated><occluded>0</occluded><difficult>0</difficult><bndbox><xmin>51</xmin><ymin>194</ymin><xmax>94</xmax><ymax>283</ymax></bndbox></object><object><name>box</name><pose>Unspecified</pose><truncated>0</truncated><occluded>0</occluded><difficult>0</difficult><bndbox><xmin>130</xmin><ymin>128</ymin><xmax>176</xmax><ymax>165</ymax></bndbox></object></annotation>