<annotation><folder>images</folder><filename>img_188.jpg</filename><size><width>250</width><height>250</height><depth>3</depth></size><object><name>tree</name><pose>Unspecified</pose><truncated>0</truncated><occluded>0</occluded><difficult>0</difficult><bndbox><xmin>74</xmin><ymin>227</ymin><xmax>109</xmax><ymax>258</ymax></bndbox></object><object><name>circle</name><pose>Unspecified</pose><truncated>0</truncated><occluded>0</occluded><difficult>0</difficult><bndbox><xmin>181</xmin><ymin>11</ymin><xmax>206</xmax><ymax>39</ymax></bndbox></object><object><name>circle</name><pose>Unspecified</pose><truncated>0</truncated><occluded>0</occluded><difficult>0</difficult><bndbox><xmin>159</xmin><ymin>131</ymin><xmax>204</xmax><ymax>190</ymax></bndbox></object><object><name>x</name><pose>Unspecified</pose><truncated>0</truncated><occluded>0</occluded><difficult>0</difficult><bndbox><xmin>167</xmin><ymin>122</ymin><xmax>189</xmax><ymax>154</ymax></bndbox></object><object><name>circle</name><pose>Unspecified</pose><truncated>0</truncated><occluded>0</occluded><difficult>0</difficult><bndbox><xmin>42</xmin><ymin>124</ymin><xmax>73</xmax><ymax>161</ymax></bndbox></object></annotation>