<annotation><folder>images</folder><filename>img_79.jpg</filename><size><width>250</width><height>250</height><depth>3</depth></size><object><name>circle</name><pose>Unspecified</pose><truncated>0</truncated><occluded>0</occluded><difficult>0</difficult><bndbox><xmin>154</xmin><ymin>156</ymin><xmax>188</xmax><ymax>195</ymax></bndbox></object><object><name>x</name><pose>Unspecified</pose><truncated>0</truncated><occluded>0</occluded><difficult>0</difficult><bndbox><xmin>204</xmin><ymin>116</ymin><xmax>214</xmax><ymax>127</ymax></bndbox></object><object><name>x</name><pose>Unspecified</pose><truncated>0</truncated><occluded>0</occluded><difficult>0</difficult><bndbox><xmin>13</xmin><ymin>180</ymin><xmax>37</xmax><ymax>205</ymax></bndbox></object><object><name>path</name><pose>Unspecified</pose><truncated>0</truncated><occluded>0</occluded><difficult>0</difficult><bndbox><xmin>22</xmin><ymin>154</ymin><xmax>74</xmax><ymax>260</ymax></bndbox></object><object><name>tree</name><pose>Unspecified</pose><truncated>0</truncated><occluded>0</occluded><difficult>0</difficult><bndbox><xmin>62</xmin><ymin>123</ymin><xmax>120</xmax><ymax>186</ymax></bndbox></object></annotation>