<annotation><folder>images</folder><filename>img_65.jpg</filename><size><width>250</width><height>250</height><depth>3</depth></size><object><name>path</name><pose>Unspecified</pose><truncated>0</truncated><occluded>0</occluded><difficult>0</difficult><bndbox><xmin>90</xmin><ymin>81</ymin><xmax>137</xmax><ymax>235</ymax></bndbox></object><object><name>x</name><pose>Unspecified</pose><truncated>0</truncated><occluded>0</occluded><difficult>0</difficult><bndbox><xmin>156</xmin><ymin>97</ymin><xmax>205</xmax><ymax>144</ymax></bndbox></object><object><name>tree</name><pose>Unspecified</pose><truncated>0</truncated><occluded>0</occluded><difficult>0</difficult><bndbox><xmin>191</xmin><ymin>114</ymin><xmax>241</xmax><ymax>177</ymax></bndbox></object><object><name>path</name><pose>Unspecified</pose><truncated>0</truncated><occluded>0</occluded><difficult>0</difficult><bndbox><xmin>144</xmin><ymin>84</ymin><xmax>188</xmax><ymax>261</ymax></bndbox></object></annotation>