<annotation><folder>images</folder><filename>img_40.jpg</filename><size><width>250</width><height>250</height><depth>3</depth></size><object><name>box</name><pose>Unspecified</pose><truncated>0</truncated><occluded>0</occluded><difficult>0</difficult><bndbox><xmin>84</xmin><ymin>146</ymin><xmax>147</xmax><ymax>201</ymax></bndbox></object><object><name>box</name><pose>Unspecified</pose><truncated>0</truncated><occluded>0</occluded><difficult>0</difficult><bndbox><xmin>132</xmin><ymin>175</ymin><xmax>157</xmax><ymax>211</ymax></bndbox></object><object><name>x</name><pose>Unspecified</pose><truncated>0</truncated><occluded>0</occluded><difficult>0</difficult><bndbox><xmin>78</xmin><ymin>181</ymin><xmax>110</xmax><ymax>215</ymax></bndbox></object></annotation>