<annotation><folder>images</folder><filename>img_93.jpg</filename><size><width>250</width><height>250</height><depth>3</depth></size><object><name>tree</name><pose>Unspecified</pose><truncated>0</truncated><occluded>0</occluded><difficult>0</difficult><bndbox><xmin>97</xmin><ymin>135</ymin><xmax>164</xmax><ymax>208</ymax></bndbox></object><object><name>x</name><pose>Unspecified</pose><truncated>0</truncated><occluded>0</occluded><difficult>0</difficult><bndbox><xmin>75</xmin><ymin>149</ymin><xmax>96</xmax><ymax>178</ymax></bndbox></object><object><name>path</name><pose>Unspecified</pose><truncated>0</truncated><occluded>0</occluded><difficult>0</difficult><bndbox><xmin>70</xmin><ymin>54</ymin><xmax>179</xmax><ymax>165</ymax></bndbox></object></annotation>