<annotation><folder>images</folder><filename>img_114.jpg</filename><size><width>250</width><height>250</height><depth>3</depth></size><object><name>x</name><pose>Unspecified</pose><truncated>0</truncated><occluded>0</occluded><difficult>0</difficult><bndbox><xmin>200</xmin><ymin>55</ymin><xmax>220</xmax><ymax>76</ymax></bndbox></object><object><name>tree</name><pose>Unspecified</pose><truncated>0</truncated><occluded>0</occluded><difficult>0</difficult><bndbox><xmin>220</xmin><ymin>74</ymin><xmax>285</xmax><ymax>140</ymax></bndbox></object><object><name>circle</name><pose>Unspecified</pose><truncated>0</truncated><occluded>0</occluded><difficult>0</difficult><bndbox><xmin>178</xmin><ymin>135</ymin><xmax>192</xmax><ymax>152</ymax></bndbox></object><object><name>box</name><pose>Unspecified</pose><truncated>0</truncated><occluded>0</occluded><difficult>0</difficult><bndbox><xmin>13</xmin><ymin>19</ymin><xmax>76</xmax><ymax>70</ymax></bndbox></object><object><name>path</name><pose>Unspecified</pose><truncated>0</truncated><occluded>0</occluded><difficult>0</difficult><bndbox><xmin>88</xmin><ymin>74</ymin><xmax>155</xmax><ymax>201</ymax></bndbox></object><object><name>box</name><pose>Unspecified</pose><truncated>0</truncated><occluded>0</occluded><difficult>0</difficult><bndbox><xmin>23</xmin><ymin>55</ymin><xmax>48</xmax><ymax>84</ymax></bndbox></object></annotation>