<annotation><folder>images</folder><filename>img_163.jpg</filename><size><width>250</width><height>250</height><depth>3</depth></size><object><name>box</name><pose>Unspecified</pose><truncated>0</truncated><occluded>0</occluded><difficult>0</difficult><bndbox><xmin>220</xmin><ymin>234</ymin><xmax>243</xmax><ymax>261</ymax></bndbox></object><object><name>circle</name><pose>Unspecified</pose><truncated>0</truncated><occluded>0</occluded><difficult>0</difficult><bndbox><xmin>46</xmin><ymin>10</ymin><xmax>101</xmax><ymax>68</ymax></bndbox></object><object><name>box</name><pose>Unspecified</pose><truncated>0</truncated><occluded>0</occluded><difficult>0</difficult><bndbox><xmin>192</xmin><ymin>183</ymin><xmax>240</xmax><ymax>209</ymax></bndbox></object><object><name>box</name><pose>Unspecified</pose><truncated>0</truncated><occluded>0</occluded><difficult>0</difficult><bndbox><xmin>37</xmin><ymin>214</ymin><xmax>78</xmax><ymax>237</ymax></bndbox></object></annotation>