<annotation><folder>images</folder><filename>img_54.jpg</filename><size><width>250</width><height>250</height><depth>3</depth></size><object><name>x</name><pose>Unspecified</pose><truncated>0</truncated><occluded>0</occluded><difficult>0</difficult><bndbox><xmin>228</xmin><ymin>158</ymin><xmax>255</xmax><ymax>187</ymax></bndbox></object><object><name>tree</name><pose>Unspecified</pose><truncated>0</truncated><occluded>0</occluded><difficult>0</difficult><bndbox><xmin>196</xmin><ymin>2</ymin><xmax>252</xmax><ymax>67</ymax></bndbox></object><object><name>x</name><pose>Unspecified</pose><truncated>0</truncated><occluded>0</occluded><difficult>0</difficult><bndbox><xmin>106</xmin><ymin>94</ymin><xmax>127</xmax><ymax>123</ymax></bndbox></object></annotation>