<annotation><folder>images</folder><filename>img_171.jpg</filename><size><width>250</width><height>250</height><depth>3</depth></size><object><name>path</name><pose>Unspecified</pose><truncated>0</truncated><occluded>0</occluded><difficult>0</difficult><bndbox><xmin>61</xmin><ymin>56</ymin><xmax>114</xmax><ymax>229</ymax></bndbox></object><object><name>x</name><pose>Unspecified</pose><truncated>0</truncated><occluded>0</occluded><difficult>0</difficult><bndbox><xmin>45</xmin><ymin>28</ymin><xmax>55</xmax><ymax>39</ymax></bndbox></object><object><name>path</name><pose>Unspecified</pose><truncated>0</truncated><occluded>0</occluded><difficult>0</difficult><bndbox><xmin>155</xmin><ymin>164</ymin><xmax>253</xmax><ymax>284</ymax></bndbox></object><object><name>circle</name><pose>Unspecified</pose><truncated>0</truncated><occluded>0</occluded><difficult>0</difficult><bndbox><xmin>32</xmin><ymin>166</ymin><xmax>57</xmax><ymax>194</ymax></bndbox></object></annotation>