<annotation><folder>images</folder><filename>img_25.jpg</filename><size><width>250</width><height>250</height><depth>3</depth></size><object><name>path</name><pose>Unspecified</pose><truncated>0</truncated><occluded>0</occluded><difficult>0</difficult><bndbox><xmin>152</xmin><ymin>215</ymin><xmax>199</xmax><ymax>406</ymax></bndbox></object><object><name>box</name><pose>Unspecified</pose><truncated>0</truncated><occluded>0</occluded><difficult>0</difficult><bndbox><xmin>27</xmin><ymin>148</ymin><xmax>115</xmax><ymax>195</ymax></bndbox></object><object><name>box</name><pose>Unspecified</pose><truncated>0</truncated><occluded>0</occluded><difficult>0</difficult><bndbox><xmin>197</xmin><ymin>149</ymin><xmax>239</xmax><ymax>189</ymax></bndbox></object><object><name>circle</name><pose>Unspecified</pose><truncated>0</truncated><occluded>0</occluded><difficult>0</difficult><bndbox><xmin>185</xmin><ymin>32</ymin><xmax>216</xmax><ymax>68</ymax></bndbox></object></annotation>