<annotation><folder>images</folder><filename>img_58.jpg</filename><size><width>250</width><height>250</height><depth>3</depth></size><object><name>path</name><pose>Unspecified</pose><truncated>0</truncated><occluded>0</occluded><difficult>0</difficult><bndbox><xmin>65</xmin><ymin>63</ymin><xmax>97</xmax><ymax>216</ymax></bndbox></object><object><name>path</name><pose>Unspecified</pose><truncated>0</truncated><occluded>0</occluded><difficult>0</difficult><bndbox><xmin>67</xmin><ymin>239</ymin><xmax>122</xmax><ymax>344</ymax></bndbox></object><object><name>tree</name><pose>Unspecified</pose><truncated>0</truncated><occluded>0</occluded><difficult>0</difficult><bndbox><xmin>214</xmin><ymin>9</ymin><xmax>249</xmax><ymax>52</ymax></bndbox></object><object><name>tree</name><pose>Unspecified</pose><truncated>0</truncated><occluded>0</occluded><difficult>0</difficult><bndbox><xmin>219</xmin><ymin>100</ymin><xmax>277</xmax><ymax>167</ymax></bndbox></object><object><name>x</name><pose>Unspecified</pose><truncated>0</truncated><occluded>0</occluded><difficult>0</difficult><bndbox><xmin>112</xmin><ymin>98</ymin><xmax>128</xmax><ymax>114</ymax></bndbox></object></annotation>