<annotation><folder>images</folder><filename>img_199.jpg</filename><size><width>250</width><height>250</height><depth>3</depth></size><object><name>path</name><pose>Unspecified</pose><truncated>0</truncated><occluded>0</occluded><difficult>0</difficult><bndbox><xmin>194</xmin><ymin>33</ymin><xmax>324</xmax><ymax>190</ymax></bndbox></object><object><name>tree</name><pose>Unspecified</pose><truncated>0</truncated><occluded>0</occluded><difficult>0</difficult><bndbox><xmin>123</xmin><ymin>176</ymin><xmax>210</xmax><ymax>263</ymax></bndbox></object><object><name>path</name><pose>Unspecified</pose><truncated>0</truncated><occluded>0</occluded><difficult>0</difficult><bndbox><xmin>159</xmin><ymin>136</ymin><xmax>194</xmax><ymax>235</ymax></bndbox></object></annotation>