<annotation><folder>images</folder><filename>img_29.jpg</filename><size><width>250</width><height>250</height><depth>3</depth></size><object><name>box</name><pose>Unspecified</pose><truncated>0</truncated><occluded>0</occluded><difficult>0</difficult><bndbox><xmin>231</xmin><ymin>88</ymin><xmax>285</xmax><ymax>132</ymax></bndbox></object><object><name>circle</name><pose>Unspecified</pose><truncated>0</truncated><occluded>0</occluded><difficult>0</difficult><bndbox><xmin>82</xmin><ymin>194</ymin><xmax>102</xmax><ymax>217</ymax></bndbox></object><object><name>tree</name><pose>Unspecified</pose><truncated>0</truncated><occluded>0</occluded><difficult>0</difficult><bndbox><xmin>209</xmin><ymin>100</ymin><xmax>268</xmax><ymax>175</ymax></bndbox></object><object><name>box</name><pose>Unspecified</pose><truncated>0</truncated><occluded>0</occluded><difficult>0</difficult><bndbox><xmin>171</xmin><ymin>204</ymin><xmax>262</xmax><ymax>278</ymax></bndbox></object><object><name>path</name><pose>Unspecified</pose><truncated>0</truncated><occluded>0</occluded><difficult>0</difficult><bndbox><xmin>186</xmin><ymin>162</ymin><xmax>258</xmax><ymax>277</ymax></bndbox></object><object><name>x</name><pose>Unspecified</pose><truncated>0</truncated><occluded>0</occluded><difficult>0</difficult><bndbox><xmin>101</xmin><ymin>20</ymin><xmax>133</xmax><ymax>46</ymax></bndbox></object></annotation>