<annotation><folder>images</folder><filename>img_108.jpg</filename><size><width>250</width><height>250</height><depth>3</depth></size><object><name>x</name><pose>Unspecified</pose><truncated>0</truncated><occluded>0</occluded><difficult>0</difficult><bndbox><xmin>90</xmin><ymin>237</ymin><xmax>114</xmax><ymax>262</ymax></bndbox></object><object><name>path</name><pose>Unspecified</pose><truncated>0</truncated><occluded>0</occluded><difficult>0</difficult><bndbox><xmin>44</xmin><ymin>130</ymin><xmax>77</xmax><ymax>293</ymax></bndbox></object><object><name>path</name><pose>Unspecified</pose><truncated>0</truncated><occluded>0</occluded><difficult>0</difficult><bndbox><xmin>128</xmin><ymin>225</ymin><xmax>210</xmax><ymax>434</ymax></bndbox></object></annotation>