<annotation><folder>images</folder><filename>img_149.jpg</filename><size><width>250</width><height>250</height><depth>3</depth></size><object><name>path</name><pose>Unspecified</pose><truncated>0</truncated><occluded>0</occluded><difficult>0</difficult><bndbox><xmin>98</xmin><ymin>22</ymin><xmax>198</xmax><ymax>136</ymax></bndbox></object><object><name>box</name><pose>Unspecified</pose><truncated>0</truncated><occluded>0</occluded><difficult>0</difficult><bndbox><xmin>55</xmin><ymin>183</ymin><xmax>137</xmax><ymax>254</ymax></bndbox></object><object><name>path</name><pose>Unspecified</pose><truncated>0</truncated><occluded>0</occluded><difficult>0</difficult><bndbox><xmin>197</xmin><ymin>173</ymin><xmax>270</xmax><ymax>310</ymax></bndbox></object></annotation>