<annotation><folder>images</folder><filename>img_186.jpg</filename><size><width>250</width><height>250</height><depth>3</depth></size><object><name>x</name><pose>Unspecified</pose><truncated>0</truncated><occluded>0</occluded><difficult>0</difficult><bndbox><xmin>120</xmin><ymin>86</ymin><xmax>143</xmax><ymax>134</ymax></bndbox></object><object><name>circle</name><pose>Unspecified</pose><truncated>0</truncated><occluded>0</occluded><difficult>0</difficult><bndbox><xmin>24</xmin><ymin>169</ymin><xmax>44</xmax><ymax>203</ymax></bndbox></object><object><name>circle</name><pose>Unspecified</pose><truncated>0</truncated><occluded>0</occluded><difficult>0</difficult><bndbox><xmin>16</xmin><ymin>63</ymin><xmax>49</xmax><ymax>101</ymax></bndbox></object></annotation>