<annotation><folder>images</folder><filename>img_16.jpg</filename><size><width>250</width><height>250</height><depth>3</depth></size><object><name>box</name><pose>Unspecified</pose><truncated>0</truncated><occluded>0</occluded><difficult>0</difficult><bndbox><xmin>161</xmin><ymin>77</ymin><xmax>188</xmax><ymax>98</ymax></bndbox></object><object><name>x</name><pose>Unspecified</pose><truncated>0</truncated><occluded>0</occluded><difficult>0</difficult><bndbox><xmin>87</xmin><ymin>104</ymin><xmax>104</xmax><ymax>123</ymax></bndbox></object><object><name>path</name><pose>Unspecified</pose><truncated>0</truncated><occluded>0</occluded><difficult>0</difficult><bndbox><xmin>85</xmin><ymin>180</ymin><xmax>190</xmax><ymax>310</ymax></bndbox></object><object><name>box</name><pose>Unspecified</pose><truncated>0</truncated><occluded>0</occluded><difficult>0</difficult><bndbox><xmin>128</xmin><ymin>185</ymin><xmax>181</xmax><ymax>230</ymax></bndbox></object><object><name>path</name><pose>Unspecified</pose><truncated>0</truncated><occluded>0</occluded><difficult>0</difficult><bndbox><xmin>148</xmin><ymin>0</ymin><xmax>196</xmax><ymax>198</ymax></bndbox></object><object><name>x</name><pose>Unspecified</pose><truncated>0</truncated><occluded>0</occluded><difficult>0</difficult><bndbox><xmin>86</xmin><ymin>13</ymin><xmax>110</xmax><ymax>41</ymax></bndbox></object></annotation>