<annotation><folder>images</folder><filename>img_137.jpg</filename><size><width>250</width><height>250</height><depth>3</depth></size><object><name>path</name><pose>Unspecified</pose><truncated>0</truncated><occluded>0</occluded><difficult>0</difficult><bndbox><xmin>122</xmin><ymin>108</ymin><xmax>163</xmax><ymax>227</ymax></bndbox></object><object><name>circle</name><pose>Unspecified</pose><truncated>0</truncated><occluded>0</occluded><difficult>0</difficult><bndbox><xmin>115</xmin><ymin>26</ymin><xmax>152</xmax><ymax>66</ymax></bndbox></object><object><name>path</name><pose>Unspecified</pose><truncated>0</truncated><occluded>0</occluded><difficult>0</difficult><bndbox><xmin>137</xmin><ymin>224</ymin><xmax>193</xmax><ymax>456</ymax></bndbox></object></annotation>