<annotation><folder>images</folder><filename>img_152.jpg</filename><size><width>250</width><height>250</height><depth>3</depth></size><object><name>tree</name><pose>Unspecified</pose><truncated>0</truncated><occluded>0</occluded><difficult>0</difficult><bndbox><xmin>86</xmin><ymin>206</ymin><xmax>129</xmax><ymax>251</ymax></bndbox></object><object><name>tree</name><pose>Unspecified</pose><truncated>0</truncated><occluded>0</occluded><difficult>0</difficult><bndbox><xmin>33</xmin><ymin>55</ymin><xmax>78</xmax><ymax>100</ymax></bndbox></object><object><name>circle</name><pose>Unspecified</pose><truncated>0</truncated><occluded>0</occluded><difficult>0</difficult><bndbox><xmin>157</xmin><ymin>148</ymin><xmax>213</xmax><ymax>209</ymax></bndbox></object></annotation>