<annotation><folder>images</folder><filename>img_157.jpg</filename><size><width>250</width><height>250</height><depth>3</depth></size><object><name>box</name><pose>Unspecified</pose><truncated>0</truncated><occluded>0</occluded><difficult>0</difficult><bndbox><xmin>85</xmin><ymin>38</ymin><xmax>125</xmax><ymax>68</ymax></bndbox></object><object><name>circle</name><pose>Unspecified</pose><truncated>0</truncated><occluded>0</occluded><difficult>0</difficult><bndbox><xmin>145</xmin><ymin>56</ymin><xmax>179</xmax><ymax>96</ymax></bndbox></object><object><name>circle</name><pose>Unspecified</pose><truncated>0</truncated><occluded>0</occluded><difficult>0</difficult><bndbox><xmin>213</xmin><ymin>236</ymin><xmax>231</xmax><ymax>257</ymax></bndbox></object><object><name>box</name><pose>Unspecified</pose><truncated>0</truncated><occluded>0</occluded><difficult>0</difficult><bndbox><xmin>98</xmin><ymin>162</ymin><xmax>168</xmax><ymax>199</ymax></bndbox></object></annotation>