<annotation><folder>images</folder><filename>img_129.jpg</filename><size><width>250</width><height>250</height><depth>3</depth></size><object><name>path</name><pose>Unspecified</pose><truncated>0</truncated><occluded>0</occluded><difficult>0</difficult><bndbox><xmin>169</xmin><ymin>27</ymin><xmax>270</xmax><ymax>135</ymax></bndbox></object><object><name>circle</name><pose>Unspecified</pose><truncated>0</truncated><occluded>0</occluded><difficult>0</difficult><bndbox><xmin>228</xmin><ymin>77</ymin><xmax>254</xmax><ymax>109</ymax></bndbox></object><object><name>tree</name><pose>Unspecified</pose><truncated>0</truncated><occluded>0</occluded><difficult>0</difficult><bndbox><xmin>168</xmin><ymin>193</ymin><xmax>207</xmax><ymax>233</ymax></bndbox></object><object><name>x</name><pose>Unspecified</pose><truncated>0</truncated><occluded>0</occluded><difficult>0</difficult><bndbox><xmin>134</xmin><ymin>65</ymin><xmax>166</xmax><ymax>110</ymax></bndbox></object><object><name>x</name><pose>Unspecified</pose><truncated>0</truncated><occluded>0</occluded><difficult>0</difficult><bndbox><xmin>35</xmin><ymin>212</ymin><xmax>70</xmax><ymax>264</ymax></bndbox></object></annotation>