<annotation><folder>images</folder><filename>img_46.jpg</filename><size><width>250</width><height>250</height><depth>3</depth></size><object><name>tree</name><pose>Unspecified</pose><truncated>0</truncated><occluded>0</occluded><difficult>0</difficult><bndbox><xmin>123</xmin><ymin>88</ymin><xmax>179</xmax><ymax>145</ymax></bndbox></object><object><name>tree</name><pose>Unspecified</pose><truncated>0</truncated><occluded>0</occluded><difficult>0</difficult><bndbox><xmin>148</xmin><ymin>204</ymin><xmax>213</xmax><ymax>277</ymax></bndbox></object><object><name>box</name><pose>Unspecified</pose><truncated>0</truncated><occluded>0</occluded><difficult>0</difficult><bndbox><xmin>162</xmin><ymin>182</ymin><xmax>243</xmax><ymax>239</ymax></bndbox></object><object><name>x</name><pose>Unspecified</pose><truncated>0</truncated><occluded>0</occluded><difficult>0</difficult><bndbox><xmin>38</xmin><ymin>72</ymin><xmax>76</xmax><ymax>107</ymax></bndbox></object></annotation>