<annotation><folder>images</folder><filename>img_50.jpg</filename><size><width>250</width><height>250</height><depth>3</depth></size><object><name>path</name><pose>Unspecified</pose><truncated>0</truncated><occluded>0</occluded><difficult>0</difficult><bndbox><xmin>0</xmin><ymin>29</ymin><xmax>62</xmax><ymax>146</ymax></bndbox></object><object><name>tree</name><pose>Unspecified</pose><truncated>0</truncated><occluded>0</occluded><difficult>0</difficult><bndbox><xmin>211</xmin><ymin>40</ymin><xmax>307</xmax><ymax>123</ymax></bndbox></object><object><name>box</name><pose>Unspecified</pose><truncated>0</truncated><occluded>0</occluded><difficult>0</difficult><bndbox><xmin>59</xmin><ymin>191</ymin><xmax>115</xmax><ymax>231</ymax></bndbox></object><object><name>x</name><pose>Unspecified</pose><truncated>0</truncated><occluded>0</occluded><difficult>0</difficult><bndbox><xmin>35</xmin><ymin>147</ymin><xmax>53</xmax><ymax>184</ymax></bndbox></object><object><name>x</name><pose>Unspecified</pose><truncated>0</truncated><occluded>0</occluded><difficult>0</difficult><bndbox><xmin>128</xmin><ymin>75</ymin><xmax>168</xmax><ymax>107</ymax></bndbox></object><object><name>circle</name><pose>Unspecified</pose><truncated>0</truncated><occluded>0</occluded><difficult>0</difficult><bndbox><xmin>102</xmin><ymin>111</ymin><xmax>129</xmax><ymax>137</ymax></bndbox></object></annotation>