<annotation><folder>images</folder><filename>img_41.jpg</filename><size><width>250</width><height>250</height><depth>3</depth></size><object><name>box</name><pose>Unspecified</pose><truncated>0</truncated><occluded>0</occluded><difficult>0</difficult><bndbox><xmin>204</xmin><ymin>117</ymin><xmax>276</xmax><ymax>175</ymax></bndbox></object><object><name>path</name><pose>Unspecified</pose><truncated>0</truncated><occluded>0</occluded><difficult>0</difficult><bndbox><xmin>150</xmin><ymin>200</ymin><xmax>215</xmax><ymax>304</ymax></bndbox></object><object><name>x</name><pose>Unspecified</pose><truncated>0</truncated><occluded>0</occluded><difficult>0</difficult><bndbox><xmin>99</xmin><ymin>127</ymin><xmax>122</xmax><ymax>152</ymax></bndbox></object><object><name>tree</name><pose>Unspecified</pose><truncated>0</truncated><occluded>0</occluded><difficult>0</difficult><bndbox><xmin>187</xmin><ymin>94</ymin><xmax>194</xmax><ymax>103</ymax></bndbox></object><object><name>path</name><pose>Unspecified</pose><truncated>0</truncated><occluded>0</occluded><difficult>0</difficult><bndbox><xmin>217</xmin><ymin>209</ymin><xmax>329</xmax><ymax>346</ymax></bndbox></object><object><name>path</name><pose>Unspecified</pose><truncated>0</truncated><occluded>0</occluded><difficult>0</difficult><bndbox><xmin>47</xmin><ymin>53</ymin><xmax>73</xmax><ymax>178</ymax></bndbox></object></annotation>