<annotation><folder>images</folder><filename>img_78.jpg</filename><size><width>250</width><height>250</height><depth>3</depth></size><object><name>path</name><pose>Unspecified</pose><truncated>0</truncated><occluded>0</occluded><difficult>0</difficult><bndbox><xmin>233</xmin><ymin>151</ymin><xmax>353</xmax><ymax>297</ymax></bndbox></object><object><name>x</name><pose>Unspecified</pose><truncated>0</truncated><occluded>0</occluded><difficult>0</difficult><bndbox><xmin>206</xmin><ymin>235</ymin><xmax>249</xmax><ymax>282</ymax></bndbox></object><object><name>circle</name><pose>Unspecified</pose><truncated>0</truncated><occluded>0</occluded><difficult>0</difficult><bndbox><xmin>47</xmin><ymin>86</ymin><xmax>81</xmax><ymax>127</ymax></bndbox></object><object><name>tree</name><pose>Unspecified</pose><truncated>0</truncated><occluded>0</occluded><difficult>0</difficult><bndbox><xmin>31</xmin><ymin>29</ymin><xmax>82</xmax><ymax>81</ymax></bndbox></object></annotation>