<annotation><folder>images</folder><filename>img_189.jpg</filename><size><width>250</width><height>250</height><depth>3</depth></size><object><name>circle</name><pose>Unspecified</pose><truncated>0</truncated><occluded>0</occluded><difficult>0</difficult><bndbox><xmin>54</xmin><ymin>189</ymin><xmax>90</xmax><ymax>238</ymax></bndbox></object><object><name>x</name><pose>Unspecified</pose><truncated>0</truncated><occluded>0</occluded><difficult>0</difficult><bndbox><xmin>215</xmin><ymin>164</ymin><xmax>256</xmax><ymax>218</ymax></bndbox></object><object><name>path</name><pose>Unspecified</pose><truncated>0</truncated><occluded>0</occluded><difficult>0</difficult><bndbox><xmin>83</xmin><ymin>0</ymin><xmax>171</xmax><ymax>100</ymax></bndbox></object><object><name>tree</name><pose>Unspecified</pose><truncated>0</truncated><occluded>0</occluded><difficult>0</difficult><bndbox><xmin>146</xmin><ymin>118</ymin><xmax>152</xmax><ymax>125</ymax></bndbox></object><object><name>x</name><pose>Unspecified</pose><truncated>0</truncated><occluded>0</occluded><difficult>0</difficult><bndbox><xmin>73</xmin><ymin>15</ymin><xmax>108</xmax><ymax>71</ymax></bndbox></object><object><name>circle</name><pose>Unspecified</pose><truncated>0</truncated><occluded>0</occluded><difficult>0</difficult><bndbox><xmin>159</xmin><ymin>33</ymin><xmax>221</xmax><ymax>100</ymax></bndbox></object></annotation>