<annotation><folder>images</folder><filename>img_106.jpg</filename><size><width>250</width><height>250</height><depth>3</depth></size><object><name>box</name><pose>Unspecified</pose><truncated>0</truncated><occluded>0</occluded><difficult>0</difficult><bndbox><xmin>46</xmin><ymin>197</ymin><xmax>135</xmax><ymax>275</ymax></bndbox></object><object><name>path</name><pose>Unspecified</pose><truncated>0</truncated><occluded>0</occluded><difficult>0</difficult><bndbox><xmin>132</xmin><ymin>204</ymin><xmax>182</xmax><ymax>305</ymax></bndbox></object><object><name>path</name><pose>Unspecified</pose><truncated>0</truncated><occluded>0</occluded><difficult>0</difficult><bndbox><xmin>111</xmin><ymin>86</ymin><xmax>243</xmax><ymax>235</ymax></bndbox></object><object><name>tree</name><pose>Unspecified</pose><truncated>0</truncated><occluded>0</occluded><difficult>0</difficult><bndbox><xmin>156</xmin><ymin>192</ymin><xmax>222</xmax><ymax>254</ymax></bndbox></object><object><name>tree</name><pose>Unspecified</pose><truncated>0</truncated><occluded>0</occluded><difficult>0</difficult><bndbox><xmin>9</xmin><ymin>142</ymin><xmax>43</xmax><ymax>176</ymax></bndbox></object><object><name>tree</name><pose>Unspecified</pose><truncated>0</truncated><occluded>0</occluded><difficult>0</difficult><bndbox><xmin>17</xmin><ymin>230</ymin><xmax>82</xmax><ymax>288</ymax></bndbox></object></annotation>