<annotation><folder>images</folder><filename>img_153.jpg</filename><size><width>250</width><height>250</height><depth>3</depth></size><object><name>tree</name><pose>Unspecified</pose><truncated>0</truncated><occluded>0</occluded><difficult>0</difficult><bndbox><xmin>137</xmin><ymin>201</ymin><xmax>202</xmax><ymax>269</ymax></bndbox></object><object><name>tree</name><pose>Unspecified</pose><truncated>0</truncated><occluded>0</occluded><difficult>0</difficult><bndbox><xmin>107</xmin><ymin>146</ymin><xmax>180</xmax><ymax>227</ymax></bndbox></object><object><name>tree</name><pose>Unspecified</pose><truncated>0</truncated><occluded>0</occluded><difficult>0</difficult><bndbox><xmin>67</xmin><ymin>139</ymin><xmax>119</xmax><ymax>191</ymax></bndbox></object></annotation>