<annotation><folder>images</folder><filename>img_67.jpg</filename><size><width>250</width><height>250</height><depth>3</depth></size><object><name>x</name><pose>Unspecified</pose><truncated>0</truncated><occluded>0</occluded><difficult>0</difficult><bndbox><xmin>2</xmin><ymin>195</ymin><xmax>23</xmax><ymax>225</ymax></bndbox></object><object><name>tree</name><pose>Unspecified</pose><truncated>0</truncated><occluded>0</occluded><difficult>0</difficult><bndbox><xmin>83</xmin><ymin>91</ymin><xmax>154</xmax><ymax>159</ymax></bndbox></object><object><name>path</name><pose>Unspecified</pose><truncated>0</truncated><occluded>0</occluded><difficult>0</difficult><bndbox><xmin>175</xmin><ymin>30</ymin><xmax>218</xmax><ymax>204</ymax></bndbox></object><object><name>tree</name><pose>Unspecified</pose><truncated>0</truncated><occluded>0</occluded><difficult>0</difficult><bndbox><xmin>115</xmin><ymin>37</ymin><xmax>159</xmax><ymax>81</ymax></bndbox></object><object><name>x</name><pose>Unspecified</pose><truncated>0</truncated><occluded>0</occluded><difficult>0</difficult><bndbox><xmin>218</xmin><ymin>141</ymin><xmax>252</xmax><ymax>186</ymax></bndbox></object><object><name>box</name><pose>Unspecified</pose><truncated>0</truncated><occluded>0</occluded><difficult>0</difficult><bndbox><xmin>232</xmin><ymin>119</ymin><xmax>260</xmax><ymax>140</ymax></bndbox></object></annotation>