<annotation><folder>images</folder><filename>img_85.jpg</filename><size><width>250</width><height>250</height><depth>3</depth></size><object><name>tree</name><pose>Unspecified</pose><truncated>0</truncated><occluded>0</occluded><difficult>0</difficult><bndbox><xmin>138</xmin><ymin>61</ymin><xmax>196</xmax><ymax>130</ymax></bndbox></object><object><name>path</name><pose>Unspecified</pose><truncated>0</truncated><occluded>0</occluded><difficult>0</difficult><bndbox><xmin>221</xmin><ymin>144</ymin><xmax>262</xmax><ymax>326</ymax></bndbox></object><object><name>box</name><pose>Unspecified</pose><truncated>0</truncated><occluded>0</occluded><difficult>0</difficult><bndbox><xmin>72</xmin><ymin>210</ymin><xmax>109</xmax><ymax>229</ymax></bndbox></object><object><name>box</name><pose>Unspecified</pose><truncated>0</truncated><occluded>0</occluded><difficult>0</difficult><bndbox><xmin>191</xmin><ymin>50</ymin><xmax>238</xmax><ymax>89</ymax></bndbox></object><object><name>tree</name><pose>Unspecified</pose><truncated>0</truncated><occluded>0</occluded><difficult>0</difficult><bndbox><xmin>213</xmin><ymin>110</ymin><xmax>270</xmax><ymax>173</ymax></bndbox></object><object><name>box</name><pose>Unspecified</pose><truncated>0</truncated><occluded>0</occluded><difficult>0</difficult><bndbox><xmin>159</xmin><ymin>64</ymin><xmax>256</xmax><ymax>115</ymax></bndbox></object></annotation>