<annotation><folder>images</folder><filename>img_118.jpg</filename><size><width>250</width><height>250</height><depth>3</depth></size><object><name>x</name><pose>Unspecified</pose><truncated>0</truncated><occluded>0</occluded><difficult>0</difficult><bndbox><xmin>140</xmin><ymin>149</ymin><xmax>186</xmax><ymax>199</ymax></bndbox></object><object><name>tree</name><pose>Unspecified</pose><truncated>0</truncated><occluded>0</occluded><difficult>0</difficult><bndbox><xmin>152</xmin><ymin>106</ymin><xmax>215</xmax><ymax>168</ymax></bndbox></object><object><name>path</name><pose>Unspecified</pose><truncated>0</truncated><occluded>0</occluded><difficult>0</difficult><bndbox><xmin>75</xmin><ymin>108</ymin><xmax>170</xmax><ymax>209</ymax></bndbox></object><object><name>path</name><pose>Unspecified</pose><truncated>0</truncated><occluded>0</occluded><difficult>0</difficult><bndbox><xmin>38</xmin><ymin>229</ymin><xmax>122</xmax><ymax>442</ymax></bndbox></object></annotation>