<annotation><folder>images</folder><filename>img_127.jpg</filename><size><width>250</width><height>250</height><depth>3</depth></size><object><name>x</name><pose>Unspecified</pose><truncated>0</truncated><occluded>0</occluded><difficult>0</difficult><bndbox><xmin>96</xmin><ymin>55</ymin><xmax>140</xmax><ymax>120</ymax></bndbox></object><object><name>tree</name><pose>Unspecified</pose><truncated>0</truncated><occluded>0</occluded><difficult>0</difficult><bndbox><xmin>208</xmin><ymin>19</ymin><xmax>255</xmax><ymax>67</ymax></bndbox></object><object><name>circle</name><pose>Unspecified</pose><truncated>0</truncated><occluded>0</occluded><difficult>0</difficult><bndbox><xmin>2</xmin><ymin>179</ymin><xmax>60</xmax><ymax>241</ymax></bndbox></object><object><name>x</name><pose>Unspecified</pose><truncated>0</truncated><occluded>0</occluded><difficult>0</difficult><bndbox><xmin>75</xmin><ymin>234</ymin><xmax>112</xmax><ymax>274</ymax></bndbox></object><object><name>path</name><pose>Unspecified</pose><truncated>0</truncated><occluded>0</occluded><difficult>0</difficult><bndbox><xmin>164</xmin><ymin>190</ymin><xmax>218</xmax><ymax>369</ymax></bndbox></object></annotation>