<annotation><folder>images</folder><filename>img_24.jpg</filename><size><width>250</width><height>250</height><depth>3</depth></size><object><name>x</name><pose>Unspecified</pose><truncated>0</truncated><occluded>0</occluded><difficult>0</difficult><bndbox><xmin>55</xmin><ymin>186</ymin><xmax>76</xmax><ymax>216</ymax></bndbox></object><object><name>box</name><pose>Unspecified</pose><truncated>0</truncated><occluded>0</occluded><difficult>0</difficult><bndbox><xmin>199</xmin><ymin>67</ymin><xmax>248</xmax><ymax>114</ymax></bndbox></object><object><name>path</name><pose>Unspecified</pose><truncated>0</truncated><occluded>0</occluded><difficult>0</difficult><bndbox><xmin>128</xmin><ymin>237</ymin><xmax>228</xmax><ymax>351</ymax></bndbox></object><object><name>box</name><pose>Unspecified</pose><truncated>0</truncated><occluded>0</occluded><difficult>0</difficult><bndbox><xmin>180</xmin><ymin>204</ymin><xmax>248</xmax><ymax>263</ymax></bndbox></object><object><name>box</name><pose>Unspecified</pose><truncated>0</truncated><occluded>0</occluded><difficult>0</difficult><bndbox><xmin>18</xmin><ymin>178</ymin><xmax>53</xmax><ymax>196</ymax></bndbox></object><object><name>box</name><pose>Unspecified</pose><truncated>0</truncated><occluded>0</occluded><difficult>0</difficult><bndbox><xmin>181</xmin><ymin>204</ymin><xmax>221</xmax><ymax>238</ymax></bndbox></object></annotation>