<annotation><folder>images</folder><filename>img_187.jpg</filename><size><width>250</width><height>250</height><depth>3</depth></size><object><name>path</name><pose>Unspecified</pose><truncated>0</truncated><occluded>0</occluded><difficult>0</difficult><bndbox><xmin>206</xmin><ymin>62</ymin><xmax>236</xmax><ymax>191</ymax></bndbox></object><object><name>circle</name><pose>Unspecified</pose><truncated>0</truncated><occluded>0</occluded><difficult>0</difficult><bndbox><xmin>34</xmin><ymin>132</ymin><xmax>67</xmax><ymax>169</ymax></bndbox></object><object><name>path</name><pose>Unspecified</pose><truncated>0</truncated><occluded>0</occluded><difficult>0</difficult><bndbox><xmin>5</xmin><ymin>232</ymin><xmax>67</xmax><ymax>437</ymax></bndbox></object></annotation>