<annotation><folder>images</folder><filename>img_139.jpg</filename><size><width>250</width><height>250</height><depth>3</depth></size><object><name>circle</name><pose>Unspecified</pose><truncated>0</truncated><occluded>0</occluded><difficult>0</difficult><bndbox><xmin>53</xmin><ymin>173</ymin><xmax>76</xmax><ymax>199</ymax></bndbox></object><object><name>tree</name><pose>Unspecified</pose><truncated>0</truncated><occluded>0</occluded><difficult>0</difficult><bndbox><xmin>41</xmin><ymin>40</ymin><xmax>94</xmax><ymax>91</ymax></bndbox></object><object><name>x</name><pose>Unspecified</pose><truncated>0</truncated><occluded>0</occluded><difficult>0</difficult><bndbox><xmin>196</xmin><ymin>137</ymin><xmax>227</xmax><ymax>169</ymax></bndbox></object><object><name>box</name><pose>Unspecified</pose><truncated>0</truncated><occluded>0</occluded><difficult>0</difficult><bndbox><xmin>104</xmin><ymin>100</ymin><xmax>134</xmax><ymax>136</ymax></bndbox></object><object><name>box</name><pose>Unspecified</pose><truncated>0</truncated><occluded>0</occluded><difficult>0</difficult><bndbox><xmin>227</xmin><ymin>59</ymin><xmax>275</xmax><ymax>98</ymax></bndbox></object><object><name>path</name><pose>Unspecified</pose><truncated>0</truncated><occluded>0</occluded><difficult>0</difficult><bndbox><xmin>209</xmin><ymin>152</ymin><xmax>258</xmax><ymax>295</ymax></bndbox></object></annotation>