<annotation><folder>images</folder><filename>img_35.jpg</filename><size><width>250</width><height>250</height><depth>3</depth></size><object><name>circle</name><pose>Unspecified</pose><truncated>0</truncated><occluded>0</occluded><difficult>0</difficult><bndbox><xmin>202</xmin><ymin>37</ymin><xmax>231</xmax><ymax>70</ymax></bndbox></object><object><name>x</name><pose>Unspecified</pose><truncated>0</truncated><occluded>0</occluded><difficult>0</difficult><bndbox><xmin>136</xmin><ymin>235</ymin><xmax>152</xmax><ymax>257</ymax></bndbox></object><object><name>path</name><pose>Unspecified</pose><truncated>0</truncated><occluded>0</occluded><difficult>0</difficult><bndbox><xmin>57</xmin><ymin>15</ymin><xmax>170</xmax><ymax>153</ymax></bndbox></object><object><name>box</name><pose>Unspecified</pose><truncated>0</truncated><occluded>0</occluded><difficult>0</difficult><bndbox><xmin>179</xmin><ymin>220</ymin><xmax>230</xmax><ymax>256</ymax></bndbox></object><object><name>circle</name><pose>Unspecified</pose><truncated>0</truncated><occluded>0</occluded><difficult>0</difficult><bndbox><xmin>220</xmin><ymin>109</ymin><xmax>266</xmax><ymax>151</ymax></bndbox></object><object><name>circle</name><pose>Unspecified</pose><truncated>0</truncated><occluded>0</occluded><difficult>0</difficult><bndbox><xmin>168</xmin><ymin>240</ymin><xmax>195</xmax><ymax>276</ymax></bndbox></object></annotation>