<annotation><folder>images</folder><filename>img_140.jpg</filename><size><width>250</width><height>250</height><depth>3</depth></size><object><name>path</name><pose>Unspecified</pose><truncated>0</truncated><occluded>0</occluded><difficult>0</difficult><bndbox><xmin>81</xmin><ymin>20</ymin><xmax>139</xmax><ymax>140</ymax></bndbox></object><object><name>tree</name><pose>Unspecified</pose><truncated>0</truncated><occluded>0</occluded><difficult>0</difficult><bndbox><xmin>154</xmin><ymin>115</ymin><xmax>212</xmax><ymax>174</ymax></bndbox></object><object><name>box</name><pose>Unspecified</pose><truncated>0</truncated><occluded>0</occluded><difficult>0</difficult><bndbox><xmin>9</xmin><ymin>73</ymin><xmax>36</xmax><ymax>111</ymax></bndbox></object></annotation>