<annotation><folder>images</folder><filename>img_91.jpg</filename><size><width>250</width><height>250</height><depth>3</depth></size><object><name>path</name><pose>Unspecified</pose><truncated>0</truncated><occluded>0</occluded><difficult>0</difficult><bndbox><xmin>178</xmin><ymin>221</ymin><xmax>306</xmax><ymax>377</ymax></bndbox></object><object><name>circle</name><pose>Unspecified</pose><truncated>0</truncated><occluded>0</occluded><difficult>0</difficult><bndbox><xmin>74</xmin><ymin>66</ymin><xmax>139</xmax><ymax>126</ymax></bndbox></object><object><name>path</name><pose>Unspecified</pose><truncated>0</truncated><occluded>0</occluded><difficult>0</difficult><bndbox><xmin>218</xmin><ymin>9</ymin><xmax>282</xmax><ymax>130</ymax></bndbox></object><object><name>box</name><pose>Unspecified</pose><truncated>0</truncated><occluded>0</occluded><difficult>0</difficult><bndbox><xmin>2</xmin><ymin>142</ymin><xmax>100</xmax><ymax>194</ymax></bndbox></object></annotation>