<annotation><folder>images</folder><filename>img_150.jpg</filename><size><width>250</width><height>250</height><depth>3</depth></size><object><name>path</name><pose>Unspecified</pose><truncated>0</truncated><occluded>0</occluded><difficult>0</difficult><bndbox><xmin>177</xmin><ymin>56</ymin><xmax>213</xmax><ymax>234</ymax></bndbox></object><object><name>path</name><pose>Unspecified</pose><truncated>0</truncated><occluded>0</occluded><difficult>0</difficult><bndbox><xmin>93</xmin><ymin>128</ymin><xmax>129</xmax><ymax>272</ymax></bndbox></object><object><name>x</name><pose>Unspecified</pose><truncated>0</truncated><occluded>0</occluded><difficult>0</difficult><bndbox><xmin>135</xmin><ymin>25</ymin><xmax>164</xmax><ymax>57</ymax></bndbox></object><object><name>circle</name><pose>Unspecified</pose><truncated>0</truncated><occluded>0</occluded><difficult>0</difficult><bndbox><xmin>183</xmin><ymin>89</ymin><xmax>218</xmax><ymax>134</ymax></bndbox></object><object><name>box</name><pose>Unspecified</pose><truncated>0</truncated><occluded>0</occluded><difficult>0</difficult><bndbox><xmin>225</xmin><ymin>38</ymin><xmax>262</xmax><ymax>70</ymax></bndbox></object></annotation>