<annotation><folder>images</folder><filename>img_87.jpg</filename><size><width>250</width><height>250</height><depth>3</depth></size><object><name>tree</name><pose>Unspecified</pose><truncated>0</truncated><occluded>0</occluded><difficult>0</difficult><bndbox><xmin>147</xmin><ymin>94</ymin><xmax>181</xmax><ymax>128</ymax></bndbox></object><object><name>box</name><pose>Unspecified</pose><truncated>0</truncated><occluded>0</occluded><difficult>0</difficult><bndbox><xmin>170</xmin><ymin>226</ymin><xmax>194</xmax><ymax>245</ymax></bndbox></object><object><name>path</name><pose>Unspecified</pose><truncated>0</truncated><occluded>0</occluded><difficult>0</difficult><bndbox><xmin>95</xmin><ymin>194</ymin><xmax>129</xmax><ymax>363</ymax></bndbox></object><object><name>tree</name><pose>Unspecified</pose><truncated>0</truncated><occluded>0</occluded><difficult>0</difficult><bndbox><xmin>89</xmin><ymin>110</ymin><xmax>147</xmax><ymax>177</ymax></bndbox></object><object><name>x</name><pose>Unspecified</pose><truncated>0</truncated><occluded>0</occluded><difficult>0</difficult><bndbox><xmin>122</xmin><ymin>34</ymin><xmax>171</xmax><ymax>99</ymax></bndbox></object></annotation>