<annotation><folder>images</folder><filename>img_82.jpg</filename><size><width>250</width><height>250</height><depth>3</depth></size><object><name>x</name><pose>Unspecified</pose><truncated>0</truncated><occluded>0</occluded><difficult>0</difficult><bndbox><xmin>126</xmin><ymin>179</ymin><xmax>156</xmax><ymax>212</ymax></bndbox></object><object><name>tree</name><pose>Unspecified</pose><truncated>0</truncated><occluded>0</occluded><difficult>0</difficult><bndbox><xmin>234</xmin><ymin>172</ymin><xmax>290</xmax><ymax>234</ymax></bndbox></object><object><name>path</name><pose>Unspecified</pose><truncated>0</truncated><occluded>0</occluded><difficult>0</difficult><bndbox><xmin>194</xmin><ymin>158</ymin><xmax>259</xmax><ymax>291</ymax></bndbox></object><object><name>x</name><pose>Unspecified</pose><truncated>0</truncated><occluded>0</occluded><difficult>0</difficult><bndbox><xmin>10</xmin><ymin>106</ymin><xmax>97</xmax><ymax>168</ymax></bndbox></object><object><name>tree</name><pose>Unspecified</pose><truncated>0</truncated><occluded>0</occluded><difficult>0</difficult><bndbox><xmin>218</xmin><ymin>51</ymin><xmax>257</xmax><ymax>86</ymax></bndbox></object><object><name>tree</name><pose>Unspecified</pose><truncated>0</truncated><occluded>0</occluded><difficult>0</difficult><bndbox><xmin>202</xmin><ymin>195</ymin><xmax>252</xmax><ymax>245</ymax></bndbox></object></annotation>