<annotation><folder>images</folder><filename>img_185.jpg</filename><size><width>250</width><height>250</height><depth>3</depth></size><object><name>tree</name><pose>Unspecified</pose><truncated>0</truncated><occluded>0</occluded><difficult>0</difficult><bndbox><xmin>49</xmin><ymin>225</ymin><xmax>127</xmax><ymax>299</ymax></bndbox></object><object><name>x</name><pose>Unspecified</pose><truncated>0</truncated><occluded>0</occluded><difficult>0</difficult><bndbox><xmin>83</xmin><ymin>189</ymin><xmax>114</xmax><ymax>235</ymax></bndbox></object><object><name>path</name><pose>Unspecified</pose><truncated>0</truncated><occluded>0</occluded><difficult>0</difficult><bndbox><xmin>57</xmin><ymin>173</ymin><xmax>154</xmax><ymax>357</ymax></bndbox></object><object><name>path</name><pose>Unspecified</pose><truncated>0</truncated><occluded>0</occluded><difficult>0</difficult><bndbox><xmin>45</xmin><ymin>199</ymin><xmax>86</xmax><ymax>331</ymax></bndbox></object></annotation>