<annotation><folder>images</folder><filename>img_89.jpg</filename><size><width>250</width><height>250</height><depth>3</depth></size><object><name>tree</name><pose>Unspecified</pose><truncated>0</truncated><occluded>0</occluded><difficult>0</difficult><bndbox><xmin>129</xmin><ymin>179</ymin><xmax>181</xmax><ymax>230</ymax></bndbox></object><object><name>path</name><pose>Unspecified</pose><truncated>0</truncated><occluded>0</occluded><difficult>0</difficult><bndbox><xmin>157</xmin><ymin>104</ymin><xmax>278</xmax><ymax>241</ymax></bndbox></object><object><name>x</name><pose>Unspecified</pose><truncated>0</truncated><occluded>0</occluded><difficult>0</difficult><bndbox><xmin>102</xmin><ymin>33</ymin><xmax>149</xmax><ymax>105</ymax></bndbox></object><object><name>tree</name><pose>Unspecified</pose><truncated>0</truncated><occluded>0</occluded><difficult>0</difficult><bndbox><xmin>164</xmin><ymin>48</ymin><xmax>206</xmax><ymax>91</ymax></bndbox></object><object><name>box</name><pose>Unspecified</pose><truncated>0</truncated><occluded>0</occluded><difficult>0</difficult><bndbox><xmin>116</xmin><ymin>228</ymin><xmax>142</xmax><ymax>258</ymax></bndbox></object></annotation>