<annotation><folder>images</folder><filename>img_96.jpg</filename><size><width>250</width><height>250</height><depth>3</depth></size><object><name>box</name><pose>Unspecified</pose><truncated>0</truncated><occluded>0</occluded><difficult>0</difficult><bndbox><xmin>136</xmin><ymin>229</ymin><xmax>193</xmax><ymax>279</ymax></bndbox></object><object><name>x</name><pose>Unspecified</pose><truncated>0</truncated><occluded>0</occluded><difficult>0</difficult><bndbox><xmin>166</xmin><ymin>188</ymin><xmax>224</xmax><ymax>244</ymax></bndbox></object><object><name>tree</name><pose>Unspecified</pose><truncated>0</truncated><occluded>0</occluded><difficult>0</difficult><bndbox><xmin>160</xmin><ymin>77</ymin><xmax>220</xmax><ymax>129</ymax></bndbox></object><object><name>path</name><pose>Unspecified</pose><truncated>0</truncated><occluded>0</occluded><difficult>0</difficult><bndbox><xmin>42</xmin><ymin>92</ymin><xmax>197</xmax><ymax>250</ymax></bndbox></object><object><name>circle</name><pose>Unspecified</pose><truncated>0</truncated><occluded>0</occluded><difficult>0</difficult><bndbox><xmin>122</xmin><ymin>227</ymin><xmax>154</xmax><ymax>264</ymax></bndbox></object></annotation>