<annotation><folder>images</folder><filename>img_103.jpg</filename><size><width>250</width><height>250</height><depth>3</depth></size><object><name>box</name><pose>Unspecified</pose><truncated>0</truncated><occluded>0</occluded><difficult>0</difficult><bndbox><xmin>131</xmin><ymin>70</ymin><xmax>195</xmax><ymax>105</ymax></bndbox></object><object><name>path</name><pose>Unspecified</pose><truncated>0</truncated><occluded>0</occluded><difficult>0</difficult><bndbox><xmin>205</xmin><ymin>129</ymin><xmax>239</xmax><ymax>292</ymax></bndbox></object><object><name>circle</name><pose>Unspecified</pose><truncated>0</truncated><occluded>0</occluded><difficult>0</difficult><bndbox><xmin>202</xmin><ymin>19</ymin><xmax>246</xmax><ymax>76</ymax></bndbox></object><object><name>circle</name><pose>Unspecified</pose><truncated>0</truncated><occluded>0</occluded><difficult>0</difficult><bndbox><xmin>196</xmin><ymin>75</ymin><xmax>231</xmax><ymax>116</ymax></bndbox></object><object><name>x</name><pose>Unspecified</pose><truncated>0</truncated><occluded>0</occluded><difficult>0</difficult><bndbox><xmin>83</xmin><ymin>229</ymin><xmax>115</xmax><ymax>274</ymax></bndbox></object><object><name>tree</name><pose>Unspecified</pose><truncated>0</truncated><occluded>0</occluded><difficult>0</difficult><bndbox><xmin>4</xmin><ymin>31</ymin><xmax>49</xmax><ymax>77</ymax></bndbox></object></annotation>