<annotation><folder>images</folder><filename>img_86.jpg</filename><size><width>250</width><height>250</height><depth>3</depth></size><object><name>circle</name><pose>Unspecified</pose><truncated>0</truncated><occluded>0</occluded><difficult>0</difficult><bndbox><xmin>10</xmin><ymin>51</ymin><xmax>36</xmax><ymax>79</ymax></bndbox></object><object><name>path</name><pose>Unspecified</pose><truncated>0</truncated><occluded>0</occluded><difficult>0</difficult><bndbox><xmin>173</xmin><ymin>73</ymin><xmax>260</xmax><ymax>240</ymax></bndbox></object><object><name>path</name><pose>Unspecified</pose><truncated>0</truncated><occluded>0</occluded><difficult>0</difficult><bndbox><xmin>134</xmin><ymin>182</ymin><xmax>234</xmax><ymax>246</ymax></bndbox></object><object><name>tree</name><pose>Unspecified</pose><truncated>0</truncated><occluded>0</occluded><difficult>0</difficult><bndbox><xmin>237</xmin><ymin>1</ymin><xmax>298</xmax><ymax>65</ymax></bndbox></object><object><name>tree</name><pose>Unspecified</pose><truncated>0</truncated><occluded>0</occluded><difficult>0</difficult><bndbox><xmin>9</xmin><ymin>47</ymin><xmax>47</xmax><ymax>90</ymax></bndbox></object><object><name>tree</name><pose>Unspecified</pose><truncated>0</truncated><occluded>0</occluded><difficult>0</difficult><bndbox><xmin>126</xmin><ymin>56</ymin><xmax>179</xmax><ymax>104</ymax></bndbox></object></annotation>