<annotation><folder>images</folder><filename>img_138.jpg</filename><size><width>250</width><height>250</height><depth>3</depth></size><object><name>x</name><pose>Unspecified</pose><truncated>0</truncated><occluded>0</occluded><difficult>0</difficult><bndbox><xmin>16</xmin><ymin>166</ymin><xmax>27</xmax><ymax>192</ymax></bndbox></object><object><name>x</name><pose>Unspecified</pose><truncated>0</truncated><occluded>0</occluded><difficult>0</difficult><bndbox><xmin>53</xmin><ymin>58</ymin><xmax>71</xmax><ymax>96</ymax></bndbox></object><object><name>circle</name><pose>Unspecified</pose><truncated>0</truncated><occluded>0</occluded><difficult>0</difficult><bndbox><xmin>81</xmin><ymin>80</ymin><xmax>117</xmax><ymax>143</ymax></bndbox></object><object><name>x</name><pose>Unspecified</pose><truncated>0</truncated><occluded>0</occluded><difficult>0</difficult><bndbox><xmin>151</xmin><ymin>59</ymin><xmax>184</xmax><ymax>86</ymax></bndbox></object></annotation>