<annotation><folder>images</folder><filename>img_59.jpg</filename><size><width>250</width><height>250</height><depth>3</depth></size><object><name>circle</name><pose>Unspecified</pose><truncated>0</truncated><occluded>0</occluded><difficult>0</difficult><bndbox><xmin>106</xmin><ymin>224</ymin><xmax>147</xmax><ymax>267</ymax></bndbox></object><object><name>tree</name><pose>Unspecified</pose><truncated>0</truncated><occluded>0</occluded><difficult>0</difficult><bndbox><xmin>230</xmin><ymin>168</ymin><xmax>291</xmax><ymax>244</ymax></bndbox></object><object><name>path</name><pose>Unspecified</pose><truncated>0</truncated><occluded>0</occluded><difficult>0</difficult><bndbox><xmin>125</xmin><ymin>99</ymin><xmax>190</xmax><ymax>312</ymax></bndbox></object><object><name>box</name><pose>Unspecified</pose><truncated>0</truncated><occluded>0</occluded><difficult>0</difficult><bndbox><xmin>43</xmin><ymin>120</ymin><xmax>100</xmax><ymax>164</ymax></bndbox></object><object><name>box</name><pose>Unspecified</pose><truncated>0</truncated><occluded>0</occluded><difficult>0</difficult><bndbox><xmin>36</xmin><ymin>12</ymin><xmax>64</xmax><ymax>33</ymax></bndbox></object></annotation>