<annotation><folder>images</folder><filename>img_19.jpg</filename><size><width>250</width><height>250</height><depth>3</depth></size><object><name>circle</name><pose>Unspecified</pose><truncated>0</truncated><occluded>0</occluded><difficult>0</difficult><bndbox><xmin>32</xmin><ymin>108</ymin><xmax>68</xmax><ymax>147</ymax></bndbox></object><object><name>box</name><pose>Unspecified</pose><truncated>0</truncated><occluded>0</occluded><difficult>0</difficult><bndbox><xmin>81</xmin><ymin>87</ymin><xmax>137</xmax><ymax>190</ymax></bndbox></object><object><name>tree</name><pose>Unspecified</pose><truncated>0</truncated><occluded>0</occluded><difficult>0</difficult><bndbox><xmin>215</xmin><ymin>65</ymin><xmax>277</xmax><ymax>126</ymax></bndbox></object></annotation>