<annotation><folder>images</folder><filename>img_131.jpg</filename><size><width>250</width><height>250</height><depth>3</depth></size><object><name>x</name><pose>Unspecified</pose><truncated>0</truncated><occluded>0</occluded><difficult>0</difficult><bndbox><xmin>126</xmin><ymin>164</ymin><xmax>180</xmax><ymax>237</ymax></bndbox></object><object><name>path</name><pose>Unspecified</pose><truncated>0</truncated><occluded>0</occluded><difficult>0</difficult><bndbox><xmin>93</xmin><ymin>58</ymin><xmax>224</xmax><ymax>140</ymax></bndbox></object><object><name>tree</name><pose>Unspecified</pose><truncated>0</truncated><occluded>0</occluded><difficult>0</difficult><bndbox><xmin>112</xmin><ymin>83</ymin><xmax>151</xmax><ymax>126</ymax></bndbox></object><object><name>path</name><pose>Unspecified</pose><truncated>0</truncated><occluded>0</occluded><difficult>0</difficult><bndbox><xmin>214</xmin><ymin>1</ymin><xmax>374</xmax><ymax>164</ymax></bndbox></object><object><name>path</name><pose>Unspecified</pose><truncated>0</truncated><occluded>0</occluded><difficult>0</difficult><bndbox><xmin>44</xmin><ymin>63</ymin><xmax>127</xmax><ymax>152</ymax></bndbox></object><object><name>circle</name><pose>Unspecified</pose><truncated>0</truncated><occluded>0</occluded><difficult>0</difficult><bndbox><xmin>7</xmin><ymin>124</ymin><xmax>51</xmax><ymax>173</ymax></bndbox></object></annotation>