<annotation><folder>images</folder><filename>img_95.jpg</filename><size><width>250</width><height>250</height><depth>3</depth></size><object><name>tree</name><pose>Unspecified</pose><truncated>0</truncated><occluded>0</occluded><difficult>0</difficult><bndbox><xmin>140</xmin><ymin>158</ymin><xmax>202</xmax><ymax>221</ymax></bndbox></object><object><name>circle</name><pose>Unspecified</pose><truncated>0</truncated><occluded>0</occluded><difficult>0</difficult><bndbox><xmin>237</xmin><ymin>99</ymin><xmax>274</xmax><ymax>145</ymax></bndbox></object><object><name>x</name><pose>Unspecified</pose><truncated>0</truncated><occluded>0</occluded><difficult>0</difficult><bndbox><xmin>146</xmin><ymin>27</ymin><xmax>180</xmax><ymax>73</ymax></bndbox></object><object><name>circle</name><pose>Unspecified</pose><truncated>0</truncated><occluded>0</occluded><difficult>0</difficult><bndbox><xmin>19</xmin><ymin>45</ymin><xmax>86</xmax><ymax>106</ymax></bndbox></object><object><name>x</name><pose>Unspecified</pose><truncated>0</truncated><occluded>0</occluded><difficult>0</difficult><bndbox><xmin>35</xmin><ymin>70</ymin><xmax>75</xmax><ymax>113</ymax></bndbox></object><object><name>x</name><pose>Unspecified</pose><truncated>0</truncated><occluded>0</occluded><difficult>0</difficult><bndbox><xmin>71</xmin><ymin>170</ymin><xmax>93</xmax><ymax>204</ymax></bndbox></object></annotation>