<annotation><folder>images</folder><filename>img_194.jpg</filename><size><width>250</width><height>250</height><depth>3</depth></size><object><name>tree</name><pose>Unspecified</pose><truncated>0</truncated><occluded>0</occluded><difficult>0</difficult><bndbox><xmin>85</xmin><ymin>76</ymin><xmax>145</xmax><ymax>130</ymax></bndbox></object><object><name>path</name><pose>Unspecified</pose><truncated>0</truncated><occluded>0</occluded><difficult>0</difficult><bndbox><xmin>24</xmin><ymin>97</ymin><xmax>86</xmax><ymax>197</ymax></bndbox></object><object><name>path</name><pose>Unspecified</pose><truncated>0</truncated><occluded>0</occluded><difficult>0</difficult><bndbox><xmin>146</xmin><ymin>146</ymin><xmax>288</xmax><ymax>318</ymax></bndbox></object><object><name>x</name><pose>Unspecified</pose><truncated>0</truncated><occluded>0</occluded><difficult>0</difficult><bndbox><xmin>129</xmin><ymin>119</ymin><xmax>156</xmax><ymax>145</ymax></bndbox></object></annotation>