<annotation><folder>images</folder><filename>img_10.jpg</filename><size><width>250</width><height>250</height><depth>3</depth></size><object><name>path</name><pose>Unspecified</pose><truncated>0</truncated><occluded>0</occluded><difficult>0</difficult><bndbox><xmin>14</xmin><ymin>72</ymin><xmax>52</xmax><ymax>258</ymax></bndbox></object><object><name>path</name><pose>Unspecified</pose><truncated>0</truncated><occluded>0</occluded><difficult>0</difficult><bndbox><xmin>132</xmin><ymin>125</ymin><xmax>324</xmax><ymax>320</ymax></bndbox></object><object><name>path</name><pose>Unspecified</pose><truncated>0</truncated><occluded>0</occluded><difficult>0</difficult><bndbox><xmin>96</xmin><ymin>142</ymin><xmax>197</xmax><ymax>257</ymax></bndbox></object><object><name>circle</name><pose>Unspecified</pose><truncated>0</truncated><occluded>0</occluded><difficult>0</difficult><bndbox><xmin>17</xmin><ymin>149</ymin><xmax>40</xmax><ymax>174</ymax></bndbox></object></annotation>