<annotation><folder>images</folder><filename>img_48.jpg</filename><size><width>250</width><height>250</height><depth>3</depth></size><object><name>tree</name><pose>Unspecified</pose><truncated>0</truncated><occluded>0</occluded><difficult>0</difficult><bndbox><xmin>86</xmin><ymin>240</ymin><xmax>172</xmax><ymax>325</ymax></bndbox></object><object><name>path</name><pose>Unspecified</pose><truncated>0</truncated><occluded>0</occluded><difficult>0</difficult><bndbox><xmin>81</xmin><ymin>188</ymin><xmax>153</xmax><ymax>336</ymax></bndbox></object><object><name>box</name><pose>Unspecified</pose><truncated>0</truncated><occluded>0</occluded><difficult>0</difficult><bndbox><xmin>158</xmin><ymin>228</ymin><xmax>194</xmax><ymax>274</ymax></bndbox></object></annotation>