<annotation><folder>images</folder><filename>img_15.jpg</filename><size><width>250</width><height>250</height><depth>3</depth></size><object><name>circle</name><pose>Unspecified</pose><truncated>0</truncated><occluded>0</occluded><difficult>0</difficult><bndbox><xmin>152</xmin><ymin>93</ymin><xmax>200</xmax><ymax>146</ymax></bndbox></object><object><name>x</name><pose>Unspecified</pose><truncated>0</truncated><occluded>0</occluded><difficult>0</difficult><bndbox><xmin>76</xmin><ymin>131</ymin><xmax>114</xmax><ymax>167</ymax></bndbox></object><object><name>tree</name><pose>Unspecified</pose><truncated>0</truncated><occluded>0</occluded><difficult>0</difficult><bndbox><xmin>110</xmin><ymin>129</ymin><xmax>181</xmax><ymax>213</ymax></bndbox></object><object><name>x</name><pose>Unspecified</pose><truncated>0</truncated><occluded>0</occluded><difficult>0</difficult><bndbox><xmin>61</xmin><ymin>91</ymin><xmax>84</xmax><ymax>129</ymax></bndbox></object><object><name>x</name><pose>Unspecified</pose><truncated>0</truncated><occluded>0</occluded><difficult>0</difficult><bndbox><xmin>221</xmin><ymin>62</ymin><xmax>247</xmax><ymax>86</ymax></bndbox></object></annotation>