<annotation><folder>images</folder><filename>img_147.jpg</filename><size><width>250</width><height>250</height><depth>3</depth></size><object><name>circle</name><pose>Unspecified</pose><truncated>0</truncated><occluded>0</occluded><difficult>0</difficult><bndbox><xmin>30</xmin><ymin>189</ymin><xmax>43</xmax><ymax>207</ymax></bndbox></object><object><name>box</name><pose>Unspecified</pose><truncated>0</truncated><occluded>0</occluded><difficult>0</difficult><bndbox><xmin>131</xmin><ymin>69</ymin><xmax>217</xmax><ymax>144</ymax></bndbox></object><object><name>box</name><pose>Unspecified</pose><truncated>0</truncated><occluded>0</occluded><difficult>0</difficult><bndbox><xmin>18</xmin><ymin>172</ymin><xmax>43</xmax><ymax>191</ymax></bndbox></object></annotation>