<annotation><folder>images</folder><filename>img_26.jpg</filename><size><width>250</width><height>250</height><depth>3</depth></size><object><name>x</name><pose>Unspecified</pose><truncated>0</truncated><occluded>0</occluded><difficult>0</difficult><bndbox><xmin>120</xmin><ymin>176</ymin><xmax>130</xmax><ymax>202</ymax></bndbox></object><object><name>tree</name><pose>Unspecified</pose><truncated>0</truncated><occluded>0</occluded><difficult>0</difficult><bndbox><xmin>18</xmin><ymin>190</ymin><xmax>69</xmax><ymax>250</ymax></bndbox></object><object><name>x</name><pose>Unspecified</pose><truncated>0</truncated><occluded>0</occluded><difficult>0</difficult><bndbox><xmin>56</xmin><ymin>74</ymin><xmax>67</xmax><ymax>101</ymax></bndbox></object><object><name>tree</name><pose>Unspecified</pose><truncated>0</truncated><occluded>0</occluded><difficult>0</difficult><bndbox><xmin>59</xmin><ymin>22</ymin><xmax>66</xmax><ymax>30</ymax></bndbox></object><object><name>box</name><pose>Unspecified</pose><truncated>0</truncated><occluded>0</occluded><difficult>0</difficult><bndbox><xmin>47</xmin><ymin>199</ymin><xmax>86</xmax><ymax>250</ymax></bndbox></object><object><name>box</name><pose>Unspecified</pose><truncated>0</truncated><occluded>0</occluded><difficult>0</difficult><bndbox><xmin>43</xmin><ymin>121</ymin><xmax>120</xmax><ymax>184</ymax></bndbox></object></annotation>