<annotation><folder>images</folder><filename>img_4.jpg</filename><size><width>250</width><height>250</height><depth>3</depth></size><object><name>path</name><pose>Unspecified</pose><truncated>0</truncated><occluded>0</occluded><difficult>0</difficult><bndbox><xmin>45</xmin><ymin>149</ymin><xmax>126</xmax><ymax>353</ymax></bndbox></object><object><name>x</name><pose>Unspecified</pose><truncated>0</truncated><occluded>0</occluded><difficult>0</difficult><bndbox><xmin>100</xmin><ymin>213</ymin><xmax>120</xmax><ymax>240</ymax></bndbox></object><object><name>x</name><pose>Unspecified</pose><truncated>0</truncated><occluded>0</occluded><difficult>0</difficult><bndbox><xmin>235</xmin><ymin>125</ymin><xmax>259</xmax><ymax>163</ymax></bndbox></object><object><name>box</name><pose>Unspecified</pose><truncated>0</truncated><occluded>0</occluded><difficult>0</difficult><bndbox><xmin>89</xmin><ymin>173</ymin><xmax>133</xmax><ymax>224</ymax></bndbox></object><object><name>path</name><pose>Unspecified</pose><truncated>0</truncated><occluded>0</occluded><difficult>0</difficult><bndbox><xmin>41</xmin><ymin>5</ymin><xmax>194</xmax><ymax>161</ymax></bndbox></object><object><name>tree</name><pose>Unspecified</pose><truncated>0</truncated><occluded>0</occluded><difficult>0</difficult><bndbox><xmin>12</xmin><ymin>201</ymin><xmax>76</xmax><ymax>272</ymax></bndbox></object></annotation>