<annotation><folder>images</folder><filename>img_98.jpg</filename><size><width>250</width><height>250</height><depth>3</depth></size><object><name>path</name><pose>Unspecified</pose><truncated>0</truncated><occluded>0</occluded><difficult>0</difficult><bndbox><xmin>147</xmin><ymin>155</ymin><xmax>204</xmax><ymax>319</ymax></bndbox></object><object><name>box</name><pose>Unspecified</pose><truncated>0</truncated><occluded>0</occluded><difficult>0</difficult><bndbox><xmin>50</xmin><ymin>183</ymin><xmax>126</xmax><ymax>249</ymax></bndbox></object><object><name>path</name><pose>Unspecified</pose><truncated>0</truncated><occluded>0</occluded><difficult>0</difficult><bndbox><xmin>159</xmin><ymin>122</ymin><xmax>203</xmax><ymax>301</ymax></bndbox></object><object><name>box</name><pose>Unspecified</pose><truncated>0</truncated><occluded>0</occluded><difficult>0</difficult><bndbox><xmin>158</xmin><ymin>112</ymin><xmax>182</xmax><ymax>146</ymax></bndbox></object><object><name>box</name><pose>Unspecified</pose><truncated>0</truncated><occluded>0</occluded><difficult>0</difficult><bndbox><xmin>67</xmin><ymin>82</ymin><xmax>91</xmax><ymax>101</ymax></bndbox></object><object><name>box</name><pose>Unspecified</pose><truncated>0</truncated><occluded>0</occluded><difficult>0</difficult><bndbox><xmin>221</xmin><ymin>196</ymin><xmax>243</xmax><ymax>224</ymax></bndbox></object></annotation>