<annotation><folder>images</folder><filename>img_126.jpg</filename><size><width>250</width><height>250</height><depth>3</depth></size><object><name>path</name><pose>Unspecified</pose><truncated>0</truncated><occluded>0</occluded><difficult>0</difficult><bndbox><xmin>20</xmin><ymin>11</ymin><xmax>101</xmax><ymax>62</ymax></bndbox></object><object><name>box</name><pose>Unspecified</pose><truncated>0</truncated><occluded>0</occluded><difficult>0</difficult><bndbox><xmin>88</xmin><ymin>164</ymin><xmax>169</xmax><ymax>207</ymax></bndbox></object><object><name>x</name><pose>Unspecified</pose><truncated>0</truncated><occluded>0</occluded><difficult>0</difficult><bndbox><xmin>101</xmin><ymin>205</ymin><xmax>130</xmax><ymax>237</ymax></bndbox></object></annotation>