<annotation><folder>images</folder><filename>img_117.jpg</filename><size><width>250</width><height>250</height><depth>3</depth></size><object><name>x</name><pose>Unspecified</pose><truncated>0</truncated><occluded>0</occluded><difficult>0</difficult><bndbox><xmin>58</xmin><ymin>158</ymin><xmax>81</xmax><ymax>181</ymax></bndbox></object><object><name>path</name><pose>Unspecified</pose><truncated>0</truncated><occluded>0</occluded><difficult>0</difficult><bndbox><xmin>171</xmin><ymin>228</ymin><xmax>313</xmax><ymax>373</ymax></bndbox></object><object><name>path</name><pose>Unspecified</pose><truncated>0</truncated><occluded>0</occluded><difficult>0</difficult><bndbox><xmin>82</xmin><ymin>146</ymin><xmax>220</xmax><ymax>313</ymax></bndbox></object></annotation>