<annotation><folder>images</folder><filename>img_192.jpg</filename><size><width>250</width><height>250</height><depth>3</depth></size><object><name>x</name><pose>Unspecified</pose><truncated>0</truncated><occluded>0</occluded><difficult>0</difficult><bndbox><xmin>66</xmin><ymin>180</ymin><xmax>98</xmax><ymax>215</ymax></bndbox></object><object><name>tree</name><pose>Unspecified</pose><truncated>0</truncated><occluded>0</occluded><difficult>0</difficult><bndbox><xmin>57</xmin><ymin>31</ymin><xmax>103</xmax><ymax>88</ymax></bndbox></object><object><name>path</name><pose>Unspecified</pose><truncated>0</truncated><occluded>0</occluded><difficult>0</difficult><bndbox><xmin>63</xmin><ymin>94</ymin><xmax>125</xmax><ymax>193</ymax></bndbox></object><object><name>path</name><pose>Unspecified</pose><truncated>0</truncated><occluded>0</occluded><difficult>0</difficult><bndbox><xmin>84</xmin><ymin>65</ymin><xmax>179</xmax><ymax>180</ymax></bndbox></object></annotation>