<annotation><folder>images</folder><filename>img_18.jpg</filename><size><width>250</width><height>250</height><depth>3</depth></size><object><name>circle</name><pose>Unspecified</pose><truncated>0</truncated><occluded>0</occluded><difficult>0</difficult><bndbox><xmin>167</xmin><ymin>22</ymin><xmax>238</xmax><ymax>100</ymax></bndbox></object><object><name>box</name><pose>Unspecified</pose><truncated>0</truncated><occluded>0</occluded><difficult>0</difficult><bndbox><xmin>11</xmin><ymin>212</ymin><xmax>47</xmax><ymax>231</ymax></bndbox></object><object><name>tree</name><pose>Unspecified</pose><truncated>0</truncated><occluded>0</occluded><difficult>0</difficult><bndbox><xmin>167</xmin><ymin>206</ymin><xmax>216</xmax><ymax>259</ymax></bndbox></object><object><name>circle</name><pose>Unspecified</pose><truncated>0</truncated><occluded>0</occluded><difficult>0</difficult><bndbox><xmin>112</xmin><ymin>7</ymin><xmax>149</xmax><ymax>51</ymax></bndbox></object><object><name>box</name><pose>Unspecified</pose><truncated>0</truncated><occluded>0</occluded><difficult>0</difficult><bndbox><xmin>110</xmin><ymin>30</ymin><xmax>212</xmax><ymax>118</ymax></bndbox></object><object><name>tree</name><pose>Unspecified</pose><truncated>0</truncated><occluded>0</occluded><difficult>0</difficult><bndbox><xmin>49</xmin><ymin>79</ymin><xmax>86</xmax><ymax>115</ymax></bndbox></object></annotation>