<annotation><folder>images</folder><filename>img_33.jpg</filename><size><width>250</width><height>250</height><depth>3</depth></size><object><name>tree</name><pose>Unspecified</pose><truncated>0</truncated><occluded>0</occluded><difficult>0</difficult><bndbox><xmin>220</xmin><ymin>134</ymin><xmax>257</xmax><ymax>167</ymax></bndbox></object><object><name>tree</name><pose>Unspecified</pose><truncated>0</truncated><occluded>0</occluded><difficult>0</difficult><bndbox><xmin>97</xmin><ymin>83</ymin><xmax>142</xmax><ymax>139</ymax></bndbox></object><object><name>tree</name><pose>Unspecified</pose><truncated>0</truncated><occluded>0</occluded><difficult>0</difficult><bndbox><xmin>155</xmin><ymin>193</ymin><xmax>203</xmax><ymax>239</ymax></bndbox></object><object><name>path</name><pose>Unspecified</pose><truncated>0</truncated><occluded>0</occluded><difficult>0</difficult><bndbox><xmin>237</xmin><ymin>112</ymin><xmax>366</xmax><ymax>194</ymax></bndbox></object></annotation>