<annotation><folder>images</folder><filename>img_47.jpg</filename><size><width>250</width><height>250</height><depth>3</depth></size><object><name>tree</name><pose>Unspecified</pose><truncated>0</truncated><occluded>0</occluded><difficult>0</difficult><bndbox><xmin>112</xmin><ymin>135</ymin><xmax>151</xmax><ymax>174</ymax></bndbox></object><object><name>circle</name><pose>Unspecified</pose><truncated>0</truncated><occluded>0</occluded><difficult>0</difficult><bndbox><xmin>3</xmin><ymin>224</ymin><xmax>33</xmax><ymax>254</ymax></bndbox></object><object><name>circle</name><pose>Unspecified</pose><truncated>0</truncated><occluded>0</occluded><difficult>0</difficult><bndbox><xmin>234</xmin><ymin>204</ymin><xmax>263</xmax><ymax>237</ymax></bndbox></object><object><name>box</name><pose>Unspecified</pose><truncated>0</truncated><occluded>0</occluded><difficult>0</difficult><bndbox><xmin>10</xmin><ymin>25</ymin><xmax>100</xmax><ymax>99</ymax></bndbox></object><object><name>path</name><pose>Unspecified</pose><truncated>0</truncated><occluded>0</occluded><difficult>0</difficult><bndbox><xmin>60</xmin><ymin>23</ymin><xmax>159</xmax><ymax>211</ymax></bndbox></object></annotation>