<annotation><folder>images</folder><filename>img_88.jpg</filename><size><width>250</width><height>250</height><depth>3</depth></size><object><name>box</name><pose>Unspecified</pose><truncated>0</truncated><occluded>0</occluded><difficult>0</difficult><bndbox><xmin>71</xmin><ymin>117</ymin><xmax>105</xmax><ymax>161</ymax></bndbox></object><object><name>box</name><pose>Unspecified</pose><truncated>0</truncated><occluded>0</occluded><difficult>0</difficult><bndbox><xmin>186</xmin><ymin>157</ymin><xmax>226</xmax><ymax>190</ymax></bndbox></object><object><name>box</name><pose>Unspecified</pose><truncated>0</truncated><occluded>0</occluded><difficult>0</difficult><bndbox><xmin>61</xmin><ymin>32</ymin><xmax>140</xmax><ymax>101</ymax></bndbox></object><object><name>path</name><pose>Unspecified</pose><truncated>0</truncated><occluded>0</occluded><difficult>0</difficult><bndbox><xmin>161</xmin><ymin>219</ymin><xmax>267</xmax><ymax>286</ymax></bndbox></object><object><name>box</name><pose>Unspecified</pose><truncated>0</truncated><occluded>0</occluded><difficult>0</difficult><bndbox><xmin>211</xmin><ymin>51</ymin><xmax>265</xmax><ymax>80</ymax></bndbox></object></annotation>