<annotation><folder>images</folder><filename>img_28.jpg</filename><size><width>250</width><height>250</height><depth>3</depth></size><object><name>x</name><pose>Unspecified</pose><truncated>0</truncated><occluded>0</occluded><difficult>0</difficult><bndbox><xmin>112</xmin><ymin>96</ymin><xmax>156</xmax><ymax>160</ymax></bndbox></object><object><name>circle</name><pose>Unspecified</pose><truncated>0</truncated><occluded>0</occluded><difficult>0</difficult><bndbox><xmin>229</xmin><ymin>16</ymin><xmax>283</xmax><ymax>77</ymax></bndbox></object><object><name>box</name><pose>Unspecified</pose><truncated>0</truncated><occluded>0</occluded><difficult>0</difficult><bndbox><xmin>16</xmin><ymin>37</ymin><xmax>70</xmax><ymax>89</ymax></bndbox></object><object><name>circle</name><pose>Unspecified</pose><truncated>0</truncated><occluded>0</occluded><difficult>0</difficult><bndbox><xmin>212</xmin><ymin>2</ymin><xmax>241</xmax><ymax>37</ymax></bndbox></object></annotation>