<annotation><folder>images</folder><filename>img_178.jpg</filename><size><width>250</width><height>250</height><depth>3</depth></size><object><name>x</name><pose>Unspecified</pose><truncated>0</truncated><occluded>0</occluded><difficult>0</difficult><bndbox><xmin>231</xmin><ymin>231</ymin><xmax>279</xmax><ymax>295</ymax></bndbox></object><object><name>tree</name><pose>Unspecified</pose><truncated>0</truncated><occluded>0</occluded><difficult>0</difficult><bndbox><xmin>87</xmin><ymin>225</ymin><xmax>132</xmax><ymax>269</ymax></bndbox></object><object><name>path</name><pose>Unspecified</pose><truncated>0</truncated><occluded>0</occluded><difficult>0</difficult><bndbox><xmin>50</xmin><ymin>182</ymin><xmax>141</xmax><ymax>355</ymax></bndbox></object></annotation>