<annotation><folder>images</folder><filename>img_9.jpg</filename><size><width>250</width><height>250</height><depth>3</depth></size><object><name>box</name><pose>Unspecified</pose><truncated>0</truncated><occluded>0</occluded><difficult>0</difficult><bndbox><xmin>154</xmin><ymin>210</ymin><xmax>219</xmax><ymax>273</ymax></bndbox></object><object><name>x</name><pose>Unspecified</pose><truncated>0</truncated><occluded>0</occluded><difficult>0</difficult><bndbox><xmin>162</xmin><ymin>72</ymin><xmax>180</xmax><ymax>91</ymax></bndbox></object><object><name>box</name><pose>Unspecified</pose><truncated>0</truncated><occluded>0</occluded><difficult>0</difficult><bndbox><xmin>5</xmin><ymin>111</ymin><xmax>65</xmax><ymax>142</ymax></bndbox></object></annotation>