<annotation><folder>images</folder><filename>img_38.jpg</filename><size><width>250</width><height>250</height><depth>3</depth></size><object><name>x</name><pose>Unspecified</pose><truncated>0</truncated><occluded>0</occluded><difficult>0</difficult><bndbox><xmin>55</xmin><ymin>119</ymin><xmax>80</xmax><ymax>145</ymax></bndbox></object><object><name>x</name><pose>Unspecified</pose><truncated>0</truncated><occluded>0</occluded><difficult>0</difficult><bndbox><xmin>223</xmin><ymin>108</ymin><xmax>293</xmax><ymax>161</ymax></bndbox></object><object><name>box</name><pose>Unspecified</pose><truncated>0</truncated><occluded>0</occluded><difficult>0</difficult><bndbox><xmin>2</xmin><ymin>157</ymin><xmax>73</xmax><ymax>195</ymax></bndbox></object><object><name>tree</name><pose>Unspecified</pose><truncated>0</truncated><occluded>0</occluded><difficult>0</difficult><bndbox><xmin>92</xmin><ymin>238</ymin><xmax>139</xmax><ymax>286</ymax></bndbox></object><object><name>circle</name><pose>Unspecified</pose><truncated>0</truncated><occluded>0</occluded><difficult>0</difficult><bndbox><xmin>215</xmin><ymin>76</ymin><xmax>244</xmax><ymax>111</ymax></bndbox></object><object><name>tree</name><pose>Unspecified</pose><truncated>0</truncated><occluded>0</occluded><difficult>0</difficult><bndbox><xmin>237</xmin><ymin>92</ymin><xmax>267</xmax><ymax>122</ymax></bndbox></object></annotation>