<annotation><folder>images</folder><filename>img_63.jpg</filename><size><width>250</width><height>250</height><depth>3</depth></size><object><name>x</name><pose>Unspecified</pose><truncated>0</truncated><occluded>0</occluded><difficult>0</difficult><bndbox><xmin>129</xmin><ymin>234</ymin><xmax>172</xmax><ymax>296</ymax></bndbox></object><object><name>circle</name><pose>Unspecified</pose><truncated>0</truncated><occluded>0</occluded><difficult>0</difficult><bndbox><xmin>239</xmin><ymin>122</ymin><xmax>262</xmax><ymax>148</ymax></bndbox></object><object><name>box</name><pose>Unspecified</pose><truncated>0</truncated><occluded>0</occluded><difficult>0</difficult><bndbox><xmin>231</xmin><ymin>236</ymin><xmax>329</xmax><ymax>288</ymax></bndbox></object><object><name>box</name><pose>Unspecified</pose><truncated>0</truncated><occluded>0</occluded><difficult>0</difficult><bndbox><xmin>1</xmin><ymin>125</ymin><xmax>38</xmax><ymax>174</ymax></bndbox></object><object><name>circle</name><pose>Unspecified</pose><truncated>0</truncated><occluded>0</occluded><difficult>0</difficult><bndbox><xmin>59</xmin><ymin>84</ymin><xmax>77</xmax><ymax>103</ymax></bndbox></object></annotation>