<annotation><folder>images</folder><filename>img_179.jpg</filename><size><width>250</width><height>250</height><depth>3</depth></size><object><name>box</name><pose>Unspecified</pose><truncated>0</truncated><occluded>0</occluded><difficult>0</difficult><bndbox><xmin>79</xmin><ymin>42</ymin><xmax>201</xmax><ymax>105</ymax></bndbox></object><object><name>path</name><pose>Unspecified</pose><truncated>0</truncated><occluded>0</occluded><difficult>0</difficult><bndbox><xmin>13</xmin><ymin>84</ymin><xmax>164</xmax><ymax>237</ymax></bndbox></object><object><name>tree</name><pose>Unspecified</pose><truncated>0</truncated><occluded>0</occluded><difficult>0</difficult><bndbox><xmin>137</xmin><ymin>112</ymin><xmax>181</xmax><ymax>154</ymax></bndbox></object><object><name>tree</name><pose>Unspecified</pose><truncated>0</truncated><occluded>0</occluded><difficult>0</difficult><bndbox><xmin>187</xmin><ymin>194</ymin><xmax>228</xmax><ymax>240</ymax></bndbox></object><object><name>tree</name><pose>Unspecified</pose><truncated>0</truncated><occluded>0</occluded><difficult>0</difficult><bndbox><xmin>121</xmin><ymin>32</ymin><xmax>192</xmax><ymax>103</ymax></bndbox></object></annotation>