<annotation><folder>images</folder><filename>img_5.jpg</filename><size><width>250</width><height>250</height><depth>3</depth></size><object><name>x</name><pose>Unspecified</pose><truncated>0</truncated><occluded>0</occluded><difficult>0</difficult><bndbox><xmin>85</xmin><ymin>12</ymin><xmax>123</xmax><ymax>59</ymax></bndbox></object><object><name>circle</name><pose>Unspecified</pose><truncated>0</truncated><occluded>0</occluded><difficult>0</difficult><bndbox><xmin>187</xmin><ymin>162</ymin><xmax>223</xmax><ymax>202</ymax></bndbox></object><object><name>path</name><pose>Unspecified</pose><truncated>0</truncated><occluded>0</occluded><difficult>0</difficult><bndbox><xmin>87</xmin><ymin>24</ymin><xmax>118</xmax><ymax>157</ymax></bndbox></object><object><name>x</name><pose>Unspecified</pose><truncated>0</truncated><occluded>0</occluded><difficult>0</difficult><bndbox><xmin>57</xmin><ymin>153</ymin><xmax>84</xmax><ymax>182</ymax></bndbox></object><object><name>path</name><pose>Unspecified</pose><truncated>0</truncated><occluded>0</occluded><difficult>0</difficult><bndbox><xmin>236</xmin><ymin>74</ymin><xmax>305</xmax><ymax>147</ymax></bndbox></object><object><name>box</name><pose>Unspecified</pose><truncated>0</truncated><occluded>0</occluded><difficult>0</difficult><bndbox><xmin>82</xmin><ymin>7</ymin><xmax>130</xmax><ymax>32</ymax></bndbox></object></annotation>