<annotation><folder>images</folder><filename>img_110.jpg</filename><size><width>250</width><height>250</height><depth>3</depth></size><object><name>path</name><pose>Unspecified</pose><truncated>0</truncated><occluded>0</occluded><difficult>0</difficult><bndbox><xmin>129</xmin><ymin>219</ymin><xmax>208</xmax><ymax>419</ymax></bndbox></object><object><name>box</name><pose>Unspecified</pose><truncated>0</truncated><occluded>0</occluded><difficult>0</difficult><bndbox><xmin>206</xmin><ymin>148</ymin><xmax>318</xmax><ymax>206</ymax></bndbox></object><object><name>box</name><pose>Unspecified</pose><truncated>0</truncated><occluded>0</occluded><difficult>0</difficult><bndbox><xmin>152</xmin><ymin>23</ymin><xmax>205</xmax><ymax>67</ymax></bndbox></object><object><name>tree</name><pose>Unspecified</pose><truncated>0</truncated><occluded>0</occluded><difficult>0</difficult><bndbox><xmin>170</xmin><ymin>72</ymin><xmax>240</xmax><ymax>142</ymax></bndbox></object><object><name>box</name><pose>Unspecified</pose><truncated>0</truncated><occluded>0</occluded><difficult>0</difficult><bndbox><xmin>130</xmin><ymin>182</ymin><xmax>177</xmax><ymax>236</ymax></bndbox></object></annotation>