<annotation><folder>images</folder><filename>img_57.jpg</filename><size><width>250</width><height>250</height><depth>3</depth></size><object><name>x</name><pose>Unspecified</pose><truncated>0</truncated><occluded>0</occluded><difficult>0</difficult><bndbox><xmin>144</xmin><ymin>103</ymin><xmax>193</xmax><ymax>169</ymax></bndbox></object><object><name>tree</name><pose>Unspecified</pose><truncated>0</truncated><occluded>0</occluded><difficult>0</difficult><bndbox><xmin>231</xmin><ymin>40</ymin><xmax>290</xmax><ymax>98</ymax></bndbox></object><object><name>circle</name><pose>Unspecified</pose><truncated>0</truncated><occluded>0</occluded><difficult>0</difficult><bndbox><xmin>154</xmin><ymin>62</ymin><xmax>196</xmax><ymax>116</ymax></bndbox></object><object><name>path</name><pose>Unspecified</pose><truncated>0</truncated><occluded>0</occluded><difficult>0</difficult><bndbox><xmin>23</xmin><ymin>69</ymin><xmax>108</xmax><ymax>161</ymax></bndbox></object><object><name>path</name><pose>Unspecified</pose><truncated>0</truncated><occluded>0</occluded><difficult>0</difficult><bndbox><xmin>56</xmin><ymin>123</ymin><xmax>116</xmax><ymax>237</ymax></bndbox></object></annotation>