<annotation><folder>images</folder><filename>img_119.jpg</filename><size><width>250</width><height>250</height><depth>3</depth></size><object><name>path</name><pose>Unspecified</pose><truncated>0</truncated><occluded>0</occluded><difficult>0</difficult><bndbox><xmin>201</xmin><ymin>55</ymin><xmax>239</xmax><ymax>224</ymax></bndbox></object><object><name>box</name><pose>Unspecified</pose><truncated>0</truncated><occluded>0</occluded><difficult>0</difficult><bndbox><xmin>105</xmin><ymin>0</ymin><xmax>145</xmax><ymax>48</ymax></bndbox></object><object><name>path</name><pose>Unspecified</pose><truncated>0</truncated><occluded>0</occluded><difficult>0</difficult><bndbox><xmin>172</xmin><ymin>239</ymin><xmax>302</xmax><ymax>399</ymax></bndbox></object><object><name>box</name><pose>Unspecified</pose><truncated>0</truncated><occluded>0</occluded><difficult>0</difficult><bndbox><xmin>226</xmin><ymin>63</ymin><xmax>262</xmax><ymax>105</ymax></bndbox></object><object><name>x</name><pose>Unspecified</pose><truncated>0</truncated><occluded>0</occluded><difficult>0</difficult><bndbox><xmin>120</xmin><ymin>110</ymin><xmax>165</xmax><ymax>153</ymax></bndbox></object></annotation>