<annotation><folder>images</folder><filename>img_146.jpg</filename><size><width>250</width><height>250</height><depth>3</depth></size><object><name>path</name><pose>Unspecified</pose><truncated>0</truncated><occluded>0</occluded><difficult>0</difficult><bndbox><xmin>104</xmin><ymin>178</ymin><xmax>163</xmax><ymax>370</ymax></bndbox></object><object><name>tree</name><pose>Unspecified</pose><truncated>0</truncated><occluded>0</occluded><difficult>0</difficult><bndbox><xmin>191</xmin><ymin>133</ymin><xmax>233</xmax><ymax>175</ymax></bndbox></object><object><name>x</name><pose>Unspecified</pose><truncated>0</truncated><occluded>0</occluded><difficult>0</difficult><bndbox><xmin>127</xmin><ymin>203</ymin><xmax>167</xmax><ymax>263</ymax></bndbox></object></annotation>