<annotation><folder>images</folder><filename>img_197.jpg</filename><size><width>250</width><height>250</height><depth>3</depth></size><object><name>x</name><pose>Unspecified</pose><truncated>0</truncated><occluded>0</occluded><difficult>0</difficult><bndbox><xmin>197</xmin><ymin>218</ymin><xmax>233</xmax><ymax>248</ymax></bndbox></object><object><name>circle</name><pose>Unspecified</pose><truncated>0</truncated><occluded>0</occluded><difficult>0</difficult><bndbox><xmin>232</xmin><ymin>62</ymin><xmax>269</xmax><ymax>112</ymax></bndbox></object><object><name>tree</name><pose>Unspecified</pose><truncated>0</truncated><occluded>0</occluded><difficult>0</difficult><bndbox><xmin>105</xmin><ymin>99</ymin><xmax>143</xmax><ymax>139</ymax></bndbox></object></annotation>