<annotation><folder>images</folder><filename>img_112.jpg</filename><size><width>250</width><height>250</height><depth>3</depth></size><object><name>x</name><pose>Unspecified</pose><truncated>0</truncated><occluded>0</occluded><difficult>0</difficult><bndbox><xmin>91</xmin><ymin>106</ymin><xmax>113</xmax><ymax>129</ymax></bndbox></object><object><name>box</name><pose>Unspecified</pose><truncated>0</truncated><occluded>0</occluded><difficult>0</difficult><bndbox><xmin>77</xmin><ymin>19</ymin><xmax>120</xmax><ymax>53</ymax></bndbox></object><object><name>circle</name><pose>Unspecified</pose><truncated>0</truncated><occluded>0</occluded><difficult>0</difficult><bndbox><xmin>129</xmin><ymin>166</ymin><xmax>200</xmax><ymax>237</ymax></bndbox></object><object><name>tree</name><pose>Unspecified</pose><truncated>0</truncated><occluded>0</occluded><difficult>0</difficult><bndbox><xmin>55</xmin><ymin>210</ymin><xmax>124</xmax><ymax>277</ymax></bndbox></object><object><name>path</name><pose>Unspecified</pose><truncated>0</truncated><occluded>0</occluded><difficult>0</difficult><bndbox><xmin>91</xmin><ymin>182</ymin><xmax>171</xmax><ymax>310</ymax></bndbox></object></annotation>