<annotation><folder>images</folder><filename>img_195.jpg</filename><size><width>250</width><height>250</height><depth>3</depth></size><object><name>circle</name><pose>Unspecified</pose><truncated>0</truncated><occluded>0</occluded><difficult>0</difficult><bndbox><xmin>35</xmin><ymin>54</ymin><xmax>90</xmax><ymax>110</ymax></bndbox></object><object><name>tree</name><pose>Unspecified</pose><truncated>0</truncated><occluded>0</occluded><difficult>0</difficult><bndbox><xmin>173</xmin><ymin>144</ymin><xmax>240</xmax><ymax>213</ymax></bndbox></object><object><name>x</name><pose>Unspecified</pose><truncated>0</truncated><occluded>0</occluded><difficult>0</difficult><bndbox><xmin>168</xmin><ymin>152</ymin><xmax>193</xmax><ymax>186</ymax></bndbox></object><object><name>tree</name><pose>Unspecified</pose><truncated>0</truncated><occluded>0</occluded><difficult>0</difficult><bndbox><xmin>133</xmin><ymin>160</ymin><xmax>189</xmax><ymax>224</ymax></bndbox></object><object><name>path</name><pose>Unspecified</pose><truncated>0</truncated><occluded>0</occluded><difficult>0</difficult><bndbox><xmin>4</xmin><ymin>226</ymin><xmax>94</xmax><ymax>396</ymax></bndbox></object><object><name>box</name><pose>Unspecified</pose><truncated>0</truncated><occluded>0</occluded><difficult>0</difficult><bndbox><xmin>215</xmin><ymin>27</ymin><xmax>325</xmax><ymax>85</ymax></bndbox></object></annotation>