<annotation><folder>images</folder><filename>img_53.jpg</filename><size><width>250</width><height>250</height><depth>3</depth></size><object><name>circle</name><pose>Unspecified</pose><truncated>0</truncated><occluded>0</occluded><difficult>0</difficult><bndbox><xmin>79</xmin><ymin>3</ymin><xmax>120</xmax><ymax>58</ymax></bndbox></object><object><name>box</name><pose>Unspecified</pose><truncated>0</truncated><occluded>0</occluded><difficult>0</difficult><bndbox><xmin>21</xmin><ymin>192</ymin><xmax>64</xmax><ymax>248</ymax></bndbox></object><object><name>circle</name><pose>Unspecified</pose><truncated>0</truncated><occluded>0</occluded><difficult>0</difficult><bndbox><xmin>9</xmin><ymin>145</ymin><xmax>33</xmax><ymax>186</ymax></bndbox></object><object><name>x</name><pose>Unspecified</pose><truncated>0</truncated><occluded>0</occluded><difficult>0</difficult><bndbox><xmin>120</xmin><ymin>168</ymin><xmax>145</xmax><ymax>193</ymax></bndbox></object><object><name>box</name><pose>Unspecified</pose><truncated>0</truncated><occluded>0</occluded><difficult>0</difficult><bndbox><xmin>177</xmin><ymin>60</ymin><xmax>200</xmax><ymax>90</ymax></bndbox></object></annotation>