<annotation><folder>images</folder><filename>img_161.jpg</filename><size><width>250</width><height>250</height><depth>3</depth></size><object><name>box</name><pose>Unspecified</pose><truncated>0</truncated><occluded>0</occluded><difficult>0</difficult><bndbox><xmin>97</xmin><ymin>57</ymin><xmax>130</xmax><ymax>96</ymax></bndbox></object><object><name>circle</name><pose>Unspecified</pose><truncated>0</truncated><occluded>0</occluded><difficult>0</difficult><bndbox><xmin>144</xmin><ymin>204</ymin><xmax>184</xmax><ymax>258</ymax></bndbox></object><object><name>circle</name><pose>Unspecified</pose><truncated>0</truncated><occluded>0</occluded><difficult>0</difficult><bndbox><xmin>4</xmin><ymin>161</ymin><xmax>41</xmax><ymax>212</ymax></bndbox></object><object><name>x</name><pose>Unspecified</pose><truncated>0</truncated><occluded>0</occluded><difficult>0</difficult><bndbox><xmin>224</xmin><ymin>44</ymin><xmax>252</xmax><ymax>75</ymax></bndbox></object></annotation>