<annotation><folder>images</folder><filename>img_21.jpg</filename><size><width>250</width><height>250</height><depth>3</depth></size><object><name>path</name><pose>Unspecified</pose><truncated>0</truncated><occluded>0</occluded><difficult>0</difficult><bndbox><xmin>43</xmin><ymin>137</ymin><xmax>81</xmax><ymax>327</ymax></bndbox></object><object><name>x</name><pose>Unspecified</pose><truncated>0</truncated><occluded>0</occluded><difficult>0</difficult><bndbox><xmin>223</xmin><ymin>79</ymin><xmax>258</xmax><ymax>131</ymax></bndbox></object><object><name>tree</name><pose>Unspecified</pose><truncated>0</truncated><occluded>0</occluded><difficult>0</difficult><bndbox><xmin>229</xmin><ymin>93</ymin><xmax>286</xmax><ymax>147</ymax></bndbox></object><object><name>x</name><pose>Unspecified</pose><truncated>0</truncated><occluded>0</occluded><difficult>0</difficult><bndbox><xmin>175</xmin><ymin>63</ymin><xmax>226</xmax><ymax>111</ymax></bndbox></object></annotation>