<annotation><folder>images</folder><filename>img_172.jpg</filename><size><width>250</width><height>250</height><depth>3</depth></size><object><name>path</name><pose>Unspecified</pose><truncated>0</truncated><occluded>0</occluded><difficult>0</difficult><bndbox><xmin>187</xmin><ymin>98</ymin><xmax>299</xmax><ymax>169</ymax></bndbox></object><object><name>circle</name><pose>Unspecified</pose><truncated>0</truncated><occluded>0</occluded><difficult>0</difficult><bndbox><xmin>3</xmin><ymin>114</ymin><xmax>80</xmax><ymax>190</ymax></bndbox></object><object><name>box</name><pose>Unspecified</pose><truncated>0</truncated><occluded>0</occluded><difficult>0</difficult><bndbox><xmin>46</xmin><ymin>67</ymin><xmax>118</xmax><ymax>129</ymax></bndbox></object></annotation>