<annotation><folder>images</folder><filename>img_55.jpg</filename><size><width>400</width><height>300</height><depth>3</depth></size><object><name>x</name><pose>Unspecified</pose><truncated>0</truncated><occluded>0</occluded><difficult>0</difficult><bndbox><xmin>250</xmin><ymin>242</ymin><xmax>270</xmax><ymax>262</ymax></bndbox></object><object><name>x</name><pose>Unspecified</pose><truncated>0</truncated><occluded>0</occluded><difficult>0</difficult><bndbox><xmin>46</xmin><ymin>15</ymin><xmax>73</xmax><ymax>61</ymax></bndbox></object></annotation>