<annotation><folder>images</folder><filename>img_25.jpg</filename><size><width>400</width><height>300</height><depth>3</depth></size><object><name>tree</name><pose>Unspecified</pose><truncated>0</truncated><occluded>0</occluded><difficult>0</difficult><bndbox><xmin>129</xmin><ymin>228</ymin><xmax>210</xmax><ymax>311</ymax></bndbox></object><object><name>tree</name><pose>Unspecified</pose><truncated>0</truncated><occluded>0</occluded><difficult>0</difficult><bndbox><xmin>287</xmin><ymin>266</ymin><xmax>328</xmax><ymax>307</ymax></bndbox></object></annotation>