<annotation><folder>images</folder><filename>img_28.jpg</filename><size><width>400</width><height>300</height><depth>3</depth></size><object><name>circle</name><pose>Unspecified</pose><truncated>0</truncated><occluded>0</occluded><difficult>0</difficult><bndbox><xmin>22</xmin><ymin>243</ymin><xmax>59</xmax><ymax>299</ymax></bndbox></object><object><name>tree</name><pose>Unspecified</pose><truncated>0</truncated><occluded>0</occluded><difficult>0</difficult><bndbox><xmin>62</xmin><ymin>252</ymin><xmax>100</xmax><ymax>290</ymax></bndbox></object></annotation>