<annotation><folder>images</folder><filename>img_35.jpg</filename><size><width>400</width><height>300</height><depth>3</depth></size><object><name>x</name><pose>Unspecified</pose><truncated>0</truncated><occluded>0</occluded><difficult>0</difficult><bndbox><xmin>6</xmin><ymin>286</ymin><xmax>33</xmax><ymax>330</ymax></bndbox></object><object><name>box</name><pose>Unspecified</pose><truncated>0</truncated><occluded>0</occluded><difficult>0</difficult><bndbox><xmin>135</xmin><ymin>232</ymin><xmax>176</xmax><ymax>279</ymax></bndbox></object></annotation>