<annotation><folder>images</folder><filename>img_62.jpg</filename><size><width>400</width><height>300</height><depth>3</depth></size><object><name>circle</name><pose>Unspecified</pose><truncated>0</truncated><occluded>0</occluded><difficult>0</difficult><bndbox><xmin>43</xmin><ymin>75</ymin><xmax>79</xmax><ymax>128</ymax></bndbox></object><object><name>box</name><pose>Unspecified</pose><truncated>0</truncated><occluded>0</occluded><difficult>0</difficult><bndbox><xmin>208</xmin><ymin>25</ymin><xmax>310</xmax><ymax>78</ymax></bndbox></object></annotation>