<annotation><folder>images</folder><filename>img_45.jpg</filename><size><width>400</width><height>300</height><depth>3</depth></size><object><name>circle</name><pose>Unspecified</pose><truncated>0</truncated><occluded>0</occluded><difficult>0</difficult><bndbox><xmin>36</xmin><ymin>121</ymin><xmax>80</xmax><ymax>176</ymax></bndbox></object><object><name>box</name><pose>Unspecified</pose><truncated>0</truncated><occluded>0</occluded><difficult>0</difficult><bndbox><xmin>171</xmin><ymin>269</ymin><xmax>284</xmax><ymax>328</ymax></bndbox></object></annotation>