<annotation><folder>images</folder><filename>img_51.jpg</filename><size><width>400</width><height>300</height><depth>3</depth></size><object><name>box</name><pose>Unspecified</pose><truncated>0</truncated><occluded>0</occluded><difficult>0</difficult><bndbox><xmin>125</xmin><ymin>119</ymin><xmax>169</xmax><ymax>143</ymax></bndbox></object><object><name>circle</name><pose>Unspecified</pose><truncated>0</truncated><occluded>0</occluded><difficult>0</difficult><bndbox><xmin>157</xmin><ymin>220</ymin><xmax>218</xmax><ymax>277</ymax></bndbox></object><object><name>x</name><pose>Unspecified</pose><truncated>0</truncated><occluded>0</occluded><difficult>0</difficult><bndbox><xmin>315</xmin><ymin>203</ymin><xmax>356</xmax><ymax>238</ymax></bndbox></object></annotation>