<annotation><folder>images</folder><filename>img_58.jpg</filename><size><width>400</width><height>300</height><depth>3</depth></size><object><name>tree</name><pose>Unspecified</pose><truncated>0</truncated><occluded>0</occluded><difficult>0</difficult><bndbox><xmin>19</xmin><ymin>256</ymin><xmax>71</xmax><ymax>312</ymax></bndbox></object><object><name>box</name><pose>Unspecified</pose><truncated>0</truncated><occluded>0</occluded><difficult>0</difficult><bndbox><xmin>58</xmin><ymin>158</ymin><xmax>115</xmax><ymax>262</ymax></bndbox></object></annotation>