<annotation><folder>images</folder><filename>img_69.jpg</filename><size><width>400</width><height>300</height><depth>3</depth></size><object><name>tree</name><pose>Unspecified</pose><truncated>0</truncated><occluded>0</occluded><difficult>0</difficult><bndbox><xmin>194</xmin><ymin>139</ymin><xmax>251</xmax><ymax>194</ymax></bndbox></object><object><name>tree</name><pose>Unspecified</pose><truncated>0</truncated><occluded>0</occluded><difficult>0</difficult><bndbox><xmin>116</xmin><ymin>146</ymin><xmax>164</xmax><ymax>194</ymax></bndbox></object></annotation>