<annotation><folder>images</folder><filename>img_34.jpg</filename><size><width>400</width><height>300</height><depth>3</depth></size><object><name>box</name><pose>Unspecified</pose><truncated>0</truncated><occluded>0</occluded><difficult>0</difficult><bndbox><xmin>34</xmin><ymin>157</ymin><xmax>86</xmax><ymax>201</ymax></bndbox></object><object><name>circle</name><pose>Unspecified</pose><truncated>0</truncated><occluded>0</occluded><difficult>0</difficult><bndbox><xmin>190</xmin><ymin>227</ymin><xmax>216</xmax><ymax>258</ymax></bndbox></object><object><name>box</name><pose>Unspecified</pose><truncated>0</truncated><occluded>0</occluded><difficult>0</difficult><bndbox><xmin>23</xmin><ymin>146</ymin><xmax>77</xmax><ymax>192</ymax></bndbox></object></annotation>