<annotation><folder>images</folder><filename>img_64.jpg</filename><size><width>400</width><height>300</height><depth>3</depth></size><object><name>circle</name><pose>Unspecified</pose><truncated>0</truncated><occluded>0</occluded><difficult>0</difficult><bndbox><xmin>174</xmin><ymin>40</ymin><xmax>206</xmax><ymax>84</ymax></bndbox></object><object><name>circle</name><pose>Unspecified</pose><truncated>0</truncated><occluded>0</occluded><difficult>0</difficult><bndbox><xmin>354</xmin><ymin>165</ymin><xmax>393</xmax><ymax>219</ymax></bndbox></object><object><name>x</name><pose>Unspecified</pose><truncated>0</truncated><occluded>0</occluded><difficult>0</difficult><bndbox><xmin>395</xmin><ymin>110</ymin><xmax>408</xmax><ymax>124</ymax></bndbox></object></annotation>