<annotation><folder>images</folder><filename>img_56.jpg</filename><size><width>400</width><height>300</height><depth>3</depth></size><object><name>tree</name><pose>Unspecified</pose><truncated>0</truncated><occluded>0</occluded><difficult>0</difficult><bndbox><xmin>44</xmin><ymin>201</ymin><xmax>89</xmax><ymax>247</ymax></bndbox></object><object><name>tree</name><pose>Unspecified</pose><truncated>0</truncated><occluded>0</occluded><difficult>0</difficult><bndbox><xmin>26</xmin><ymin>41</ymin><xmax>79</xmax><ymax>94</ymax></bndbox></object><object><name>x</name><pose>Unspecified</pose><truncated>0</truncated><occluded>0</occluded><difficult>0</difficult><bndbox><xmin>155</xmin><ymin>6</ymin><xmax>170</xmax><ymax>22</ymax></bndbox></object></annotation>