<annotation><folder>images</folder><filename>img_9.jpg</filename><size><width>400</width><height>300</height><depth>3</depth></size><object><name>x</name><pose>Unspecified</pose><truncated>0</truncated><occluded>0</occluded><difficult>0</difficult><bndbox><xmin>103</xmin><ymin>244</ymin><xmax>151</xmax><ymax>285</ymax></bndbox></object><object><name>circle</name><pose>Unspecified</pose><truncated>0</truncated><occluded>0</occluded><difficult>0</difficult><bndbox><xmin>174</xmin><ymin>67</ymin><xmax>204</xmax><ymax>120</ymax></bndbox></object><object><name>box</name><pose>Unspecified</pose><truncated>0</truncated><occluded>0</occluded><difficult>0</difficult><bndbox><xmin>170</xmin><ymin>266</ymin><xmax>207</xmax><ymax>294</ymax></bndbox></object></annotation>