<annotation><folder>images</folder><filename>img_6.jpg</filename><size><width>400</width><height>300</height><depth>3</depth></size><object><name>tree</name><pose>Unspecified</pose><truncated>0</truncated><occluded>0</occluded><difficult>0</difficult><bndbox><xmin>92</xmin><ymin>131</ymin><xmax>152</xmax><ymax>206</ymax></bndbox></object><object><name>box</name><pose>Unspecified</pose><truncated>0</truncated><occluded>0</occluded><difficult>0</difficult><bndbox><xmin>6</xmin><ymin>289</ymin><xmax>80</xmax><ymax>353</ymax></bndbox></object><object><name>tree</name><pose>Unspecified</pose><truncated>0</truncated><occluded>0</occluded><difficult>0</difficult><bndbox><xmin>288</xmin><ymin>46</ymin><xmax>326</xmax><ymax>84</ymax></bndbox></object></annotation>