<annotation><folder>images</folder><filename>img_8.jpg</filename><size><width>400</width><height>300</height><depth>3</depth></size><object><name>x</name><pose>Unspecified</pose><truncated>0</truncated><occluded>0</occluded><difficult>0</difficult><bndbox><xmin>325</xmin><ymin>216</ymin><xmax>357</xmax><ymax>253</ymax></bndbox></object><object><name>x</name><pose>Unspecified</pose><truncated>0</truncated><occluded>0</occluded><difficult>0</difficult><bndbox><xmin>389</xmin><ymin>37</ymin><xmax>422</xmax><ymax>83</ymax></bndbox></object><object><name>tree</name><pose>Unspecified</pose><truncated>0</truncated><occluded>0</occluded><difficult>0</difficult><bndbox><xmin>339</xmin><ymin>77</ymin><xmax>398</xmax><ymax>142</ymax></bndbox></object></annotation>