<annotation><folder>images</folder><filename>img_41.jpg</filename><size><width>400</width><height>300</height><depth>3</depth></size><object><name>circle</name><pose>Unspecified</pose><truncated>0</truncated><occluded>0</occluded><difficult>0</difficult><bndbox><xmin>151</xmin><ymin>88</ymin><xmax>216</xmax><ymax>148</ymax></bndbox></object><object><name>box</name><pose>Unspecified</pose><truncated>0</truncated><occluded>0</occluded><difficult>0</difficult><bndbox><xmin>181</xmin><ymin>24</ymin><xmax>216</xmax><ymax>66</ymax></bndbox></object></annotation>