<annotation><folder>images</folder><filename>img_49.jpg</filename><size><width>400</width><height>300</height><depth>3</depth></size><object><name>tree</name><pose>Unspecified</pose><truncated>0</truncated><occluded>0</occluded><difficult>0</difficult><bndbox><xmin>129</xmin><ymin>267</ymin><xmax>232</xmax><ymax>381</ymax></bndbox></object><object><name>tree</name><pose>Unspecified</pose><truncated>0</truncated><occluded>0</occluded><difficult>0</difficult><bndbox><xmin>16</xmin><ymin>249</ymin><xmax>81</xmax><ymax>318</ymax></bndbox></object><object><name>x</name><pose>Unspecified</pose><truncated>0</truncated><occluded>0</occluded><difficult>0</difficult><bndbox><xmin>168</xmin><ymin>253</ymin><xmax>190</xmax><ymax>276</ymax></bndbox></object></annotation>