<annotation><folder>images</folder><filename>img_63.jpg</filename><size><width>400</width><height>300</height><depth>3</depth></size><object><name>tree</name><pose>Unspecified</pose><truncated>0</truncated><occluded>0</occluded><difficult>0</difficult><bndbox><xmin>3</xmin><ymin>134</ymin><xmax>55</xmax><ymax>186</ymax></bndbox></object><object><name>x</name><pose>Unspecified</pose><truncated>0</truncated><occluded>0</occluded><difficult>0</difficult><bndbox><xmin>137</xmin><ymin>273</ymin><xmax>174</xmax><ymax>313</ymax></bndbox></object></annotation>