<annotation><folder>images</folder><filename>img_31.jpg</filename><size><width>400</width><height>300</height><depth>3</depth></size><object><name>box</name><pose>Unspecified</pose><truncated>0</truncated><occluded>0</occluded><difficult>0</difficult><bndbox><xmin>391</xmin><ymin>53</ymin><xmax>485</xmax><ymax>135</ymax></bndbox></object><object><name>tree</name><pose>Unspecified</pose><truncated>0</truncated><occluded>0</occluded><difficult>0</difficult><bndbox><xmin>43</xmin><ymin>81</ymin><xmax>112</xmax><ymax>151</ymax></bndbox></object></annotation>